ISO-10303-21;
HEADER;
FILE_DESCRIPTION(('FreeCAD Model'),'2;1');
FILE_NAME('Open CASCADE Shape Model','2026-07-26T22:30:59',(''),(''),
  'Open CASCADE STEP processor 7.9','FreeCAD','Unknown');
FILE_SCHEMA(('AUTOMOTIVE_DESIGN { 1 0 10303 214 1 1 1 1 }'));
ENDSEC;
DATA;
#1 = APPLICATION_PROTOCOL_DEFINITION('international standard',
  'automotive_design',2000,#2);
#2 = APPLICATION_CONTEXT(
  'core data for automotive mechanical design processes');
#3 = SHAPE_DEFINITION_REPRESENTATION(#4,#10);
#4 = PRODUCT_DEFINITION_SHAPE('','',#5);
#5 = PRODUCT_DEFINITION('design','',#6,#9);
#6 = PRODUCT_DEFINITION_FORMATION('','',#7);
#7 = PRODUCT('Top Body w/ Text001','Top Body w/ Text001','',(#8));
#8 = PRODUCT_CONTEXT('',#2,'mechanical');
#9 = PRODUCT_DEFINITION_CONTEXT('part definition',#2,'design');
#10 = ADVANCED_BREP_SHAPE_REPRESENTATION('',(#11,#15),#10876);
#11 = AXIS2_PLACEMENT_3D('',#12,#13,#14);
#12 = CARTESIAN_POINT('',(0.,0.,0.));
#13 = DIRECTION('',(0.,0.,1.));
#14 = DIRECTION('',(1.,0.,-0.));
#15 = MANIFOLD_SOLID_BREP('',#16);
#16 = CLOSED_SHELL('',(#17,#157,#190,#221,#380,#413,#437,#596,#621,#645,
    #669,#694,#719,#743,#767,#792,#816,#833,#857,#882,#907,#980,#1023,
    #1048,#1073,#1098,#1123,#1148,#1173,#1198,#1223,#1288,#1312,#1377,
    #1395,#1420,#1445,#1469,#1501,#1519,#1537,#1554,#1579,#1604,#1629,
    #1664,#1682,#1707,#1732,#1749,#1766,#1788,#1800,#1812,#1837,#1862,
    #1893,#1918,#1943,#1968,#1993,#2018,#2043,#2068,#2093,#2117,#2134,
    #2151,#2163,#2183,#2203,#2235,#2253,#2278,#2303,#2328,#2353,#2378,
    #2396,#2416,#2436,#4036,#4053,#4070,#4087,#4104,#4137,#4163,#4189,
    #4215,#4239,#4263,#4287,#4311,#4335,#4361,#4387,#4411,#4435,#4459,
    #4485,#4504,#4537,#4563,#4589,#4615,#4641,#4667,#4691,#4717,#4743,
    #4769,#4795,#4821,#4847,#4871,#4897,#4923,#4949,#4975,#5001,#5027,
    #5051,#5077,#5103,#5129,#5155,#5181,#5207,#5224,#5257,#5283,#5309,
    #5335,#5361,#5387,#5413,#5439,#5463,#5487,#5511,#5535,#5552,#5585,
    #5611,#5637,#5663,#5689,#5715,#5741,#5767,#5791,#5817,#5843,#5869,
    #5895,#5919,#5936,#5967,#5991,#6015,#6039,#6063,#6087,#6104,#6135,
    #6159,#6183,#6207,#6231,#6255,#6279,#6296,#6329,#6355,#6381,#6407,
    #6433,#6459,#6485,#6504,#6535,#6559,#6583,#6607,#6631,#6655,#6681,
    #6707,#6731,#6755,#6779,#6805,#6831,#6855,#6879,#6903,#6927,#6944,
    #6975,#6999,#7023,#7047,#7071,#7095,#7119,#7143,#7167,#7191,#7215,
    #7239,#7256,#7289,#7315,#7341,#7367,#7393,#7419,#7445,#7471,#7495,
    #7521,#7547,#7573,#7599,#7623,#7640,#7671,#7695,#7719,#7736,#7769,
    #7795,#7821,#7847,#7873,#7899,#7925,#7951,#7975,#7999,#8023,#8047,
    #8064,#8097,#8123,#8149,#8175,#8201,#8227,#8253,#8279,#8303,#8329,
    #8355,#8381,#8407,#8431,#8448,#8479,#8505,#8531,#8557,#8583,#8607,
    #8631,#8655,#8679,#8703,#8729,#8755,#8781,#8800,#8882,#8918,#9005,
    #9070,#9085,#9127,#9209,#9235,#9256,#9321,#9333,#9420,#9485,#9507,
    #9538,#9562,#9588,#9614,#9640,#9666,#9683,#9716,#9742,#9768,#9794,
    #9820,#9846,#9872,#9891,#9924,#9948,#9974,#10000,#10019,#10050,
    #10074,#10091,#10124,#10150,#10176,#10202,#10228,#10254,#10280,
    #10299,#10332,#10356,#10382,#10408,#10427,#10460,#10486,#10512,
    #10538,#10564,#10590,#10616,#10635,#10668,#10692,#10718,#10744,
    #10763,#10778,#10794,#10807,#10818,#10834,#10847,#10863));
#17 = ADVANCED_FACE('',(#18),#152,.T.);
#18 = FACE_BOUND('',#19,.T.);
#19 = EDGE_LOOP('',(#20,#30,#38,#46,#54,#62,#71,#79,#88,#96,#104,#112,
    #121,#129,#138,#146));
#20 = ORIENTED_EDGE('',*,*,#21,.T.);
#21 = EDGE_CURVE('',#22,#24,#26,.T.);
#22 = VERTEX_POINT('',#23);
#23 = CARTESIAN_POINT('',(91.95,-62.99999983941,1.6));
#24 = VERTEX_POINT('',#25);
#25 = CARTESIAN_POINT('',(91.95,-62.99999983941,10.6));
#26 = LINE('',#27,#28);
#27 = CARTESIAN_POINT('',(91.95,-62.99999983941,1.6));
#28 = VECTOR('',#29,1.);
#29 = DIRECTION('',(0.,0.,1.));
#30 = ORIENTED_EDGE('',*,*,#31,.F.);
#31 = EDGE_CURVE('',#32,#24,#34,.T.);
#32 = VERTEX_POINT('',#33);
#33 = CARTESIAN_POINT('',(91.95,-130.0000001605,10.6));
#34 = LINE('',#35,#36);
#35 = CARTESIAN_POINT('',(91.95,-130.0000001605,10.6));
#36 = VECTOR('',#37,1.);
#37 = DIRECTION('',(0.,1.,0.));
#38 = ORIENTED_EDGE('',*,*,#39,.F.);
#39 = EDGE_CURVE('',#40,#32,#42,.T.);
#40 = VERTEX_POINT('',#41);
#41 = CARTESIAN_POINT('',(91.95,-130.0000001605,1.6));
#42 = LINE('',#43,#44);
#43 = CARTESIAN_POINT('',(91.95,-130.0000001605,1.6));
#44 = VECTOR('',#45,1.);
#45 = DIRECTION('',(0.,0.,1.));
#46 = ORIENTED_EDGE('',*,*,#47,.F.);
#47 = EDGE_CURVE('',#48,#40,#50,.T.);
#48 = VERTEX_POINT('',#49);
#49 = CARTESIAN_POINT('',(91.95,-107.7500001605,1.6));
#50 = LINE('',#51,#52);
#51 = CARTESIAN_POINT('',(91.95,-109.0000001605,1.6));
#52 = VECTOR('',#53,1.);
#53 = DIRECTION('',(0.,-1.,0.));
#54 = ORIENTED_EDGE('',*,*,#55,.F.);
#55 = EDGE_CURVE('',#56,#48,#58,.T.);
#56 = VERTEX_POINT('',#57);
#57 = CARTESIAN_POINT('',(91.95,-107.7500001605,5.6));
#58 = LINE('',#59,#60);
#59 = CARTESIAN_POINT('',(91.95,-107.7500001605,3.6));
#60 = VECTOR('',#61,1.);
#61 = DIRECTION('',(0.,0.,-1.));
#62 = ORIENTED_EDGE('',*,*,#63,.T.);
#63 = EDGE_CURVE('',#56,#64,#66,.T.);
#64 = VERTEX_POINT('',#65);
#65 = CARTESIAN_POINT('',(91.95,-105.2500001605,8.1));
#66 = CIRCLE('',#67,2.5);
#67 = AXIS2_PLACEMENT_3D('',#68,#69,#70);
#68 = CARTESIAN_POINT('',(91.95,-105.2500001605,5.6));
#69 = DIRECTION('',(-1.,0.,0.));
#70 = DIRECTION('',(0.,-1.,0.));
#71 = ORIENTED_EDGE('',*,*,#72,.F.);
#72 = EDGE_CURVE('',#73,#64,#75,.T.);
#73 = VERTEX_POINT('',#74);
#74 = CARTESIAN_POINT('',(91.95,-97.7500001605,8.1));
#75 = LINE('',#76,#77);
#76 = CARTESIAN_POINT('',(91.95,-87.87499999995,8.1));
#77 = VECTOR('',#78,1.);
#78 = DIRECTION('',(8.881784018761E-16,-1.,0.));
#79 = ORIENTED_EDGE('',*,*,#80,.T.);
#80 = EDGE_CURVE('',#73,#81,#83,.T.);
#81 = VERTEX_POINT('',#82);
#82 = CARTESIAN_POINT('',(91.95,-95.2500001605,5.6));
#83 = CIRCLE('',#84,2.5);
#84 = AXIS2_PLACEMENT_3D('',#85,#86,#87);
#85 = CARTESIAN_POINT('',(91.95,-97.7500001605,5.6));
#86 = DIRECTION('',(-1.,0.,0.));
#87 = DIRECTION('',(0.,-1.,0.));
#88 = ORIENTED_EDGE('',*,*,#89,.T.);
#89 = EDGE_CURVE('',#81,#90,#92,.T.);
#90 = VERTEX_POINT('',#91);
#91 = CARTESIAN_POINT('',(91.95,-95.2500001605,1.6));
#92 = LINE('',#93,#94);
#93 = CARTESIAN_POINT('',(91.95,-95.2500001605,3.6));
#94 = VECTOR('',#95,1.);
#95 = DIRECTION('',(0.,0.,-1.));
#96 = ORIENTED_EDGE('',*,*,#97,.F.);
#97 = EDGE_CURVE('',#98,#90,#100,.T.);
#98 = VERTEX_POINT('',#99);
#99 = CARTESIAN_POINT('',(91.95,-76.74999983941,1.6));
#100 = LINE('',#101,#102);
#101 = CARTESIAN_POINT('',(91.95,-85.99999999995,1.6));
#102 = VECTOR('',#103,1.);
#103 = DIRECTION('',(8.881784018761E-16,-1.,0.));
#104 = ORIENTED_EDGE('',*,*,#105,.F.);
#105 = EDGE_CURVE('',#106,#98,#108,.T.);
#106 = VERTEX_POINT('',#107);
#107 = CARTESIAN_POINT('',(91.95,-76.74999983941,5.6));
#108 = LINE('',#109,#110);
#109 = CARTESIAN_POINT('',(91.95,-76.74999983941,3.6));
#110 = VECTOR('',#111,1.);
#111 = DIRECTION('',(0.,0.,-1.));
#112 = ORIENTED_EDGE('',*,*,#113,.T.);
#113 = EDGE_CURVE('',#106,#114,#116,.T.);
#114 = VERTEX_POINT('',#115);
#115 = CARTESIAN_POINT('',(91.95,-74.24999983941,8.1));
#116 = CIRCLE('',#117,2.5);
#117 = AXIS2_PLACEMENT_3D('',#118,#119,#120);
#118 = CARTESIAN_POINT('',(91.95,-74.24999983941,5.6));
#119 = DIRECTION('',(-1.,0.,0.));
#120 = DIRECTION('',(0.,-1.,0.));
#121 = ORIENTED_EDGE('',*,*,#122,.F.);
#122 = EDGE_CURVE('',#123,#114,#125,.T.);
#123 = VERTEX_POINT('',#124);
#124 = CARTESIAN_POINT('',(91.95,-66.74999983941,8.1));
#125 = LINE('',#126,#127);
#126 = CARTESIAN_POINT('',(91.95,-72.37499983941,8.1));
#127 = VECTOR('',#128,1.);
#128 = DIRECTION('',(8.881784018761E-16,-1.,0.));
#129 = ORIENTED_EDGE('',*,*,#130,.T.);
#130 = EDGE_CURVE('',#123,#131,#133,.T.);
#131 = VERTEX_POINT('',#132);
#132 = CARTESIAN_POINT('',(91.95,-64.24999983941,5.6));
#133 = CIRCLE('',#134,2.5);
#134 = AXIS2_PLACEMENT_3D('',#135,#136,#137);
#135 = CARTESIAN_POINT('',(91.95,-66.74999983941,5.6));
#136 = DIRECTION('',(-1.,0.,0.));
#137 = DIRECTION('',(0.,-1.,0.));
#138 = ORIENTED_EDGE('',*,*,#139,.T.);
#139 = EDGE_CURVE('',#131,#140,#142,.T.);
#140 = VERTEX_POINT('',#141);
#141 = CARTESIAN_POINT('',(91.95,-64.24999983941,1.6));
#142 = LINE('',#143,#144);
#143 = CARTESIAN_POINT('',(91.95,-64.24999983941,3.6));
#144 = VECTOR('',#145,1.);
#145 = DIRECTION('',(0.,0.,-1.));
#146 = ORIENTED_EDGE('',*,*,#147,.F.);
#147 = EDGE_CURVE('',#22,#140,#148,.T.);
#148 = LINE('',#149,#150);
#149 = CARTESIAN_POINT('',(91.95,-70.49999983941,1.6));
#150 = VECTOR('',#151,1.);
#151 = DIRECTION('',(8.881784018761E-16,-1.,0.));
#152 = PLANE('',#153);
#153 = AXIS2_PLACEMENT_3D('',#154,#155,#156);
#154 = CARTESIAN_POINT('',(91.95,-95.2121454927,7.21596040913));
#155 = DIRECTION('',(1.,6.183835852169E-16,2.350217672333E-16));
#156 = DIRECTION('',(-6.183835852169E-16,1.,0.));
#157 = ADVANCED_FACE('',(#158),#185,.F.);
#158 = FACE_BOUND('',#159,.T.);
#159 = EDGE_LOOP('',(#160,#170,#177,#178));
#160 = ORIENTED_EDGE('',*,*,#161,.T.);
#161 = EDGE_CURVE('',#162,#164,#166,.T.);
#162 = VERTEX_POINT('',#163);
#163 = CARTESIAN_POINT('',(94.599999839417,-60.34999999999,1.6));
#164 = VERTEX_POINT('',#165);
#165 = CARTESIAN_POINT('',(94.599999839417,-60.34999999999,10.6));
#166 = LINE('',#167,#168);
#167 = CARTESIAN_POINT('',(94.599999839417,-60.34999999999,1.6));
#168 = VECTOR('',#169,1.);
#169 = DIRECTION('',(0.,0.,1.));
#170 = ORIENTED_EDGE('',*,*,#171,.F.);
#171 = EDGE_CURVE('',#24,#164,#172,.T.);
#172 = CIRCLE('',#173,2.649999839417);
#173 = AXIS2_PLACEMENT_3D('',#174,#175,#176);
#174 = CARTESIAN_POINT('',(94.599999839417,-62.99999983941,10.6));
#175 = DIRECTION('',(0.,0.,-1.));
#176 = DIRECTION('',(-1.,0.,0.));
#177 = ORIENTED_EDGE('',*,*,#21,.F.);
#178 = ORIENTED_EDGE('',*,*,#179,.F.);
#179 = EDGE_CURVE('',#162,#22,#180,.T.);
#180 = CIRCLE('',#181,2.649999839417);
#181 = AXIS2_PLACEMENT_3D('',#182,#183,#184);
#182 = CARTESIAN_POINT('',(94.599999839417,-62.99999983941,1.6));
#183 = DIRECTION('',(0.,0.,1.));
#184 = DIRECTION('',(-1.,-6.423313582E-08,0.));
#185 = CYLINDRICAL_SURFACE('',#186,2.649999839417);
#186 = AXIS2_PLACEMENT_3D('',#187,#188,#189);
#187 = CARTESIAN_POINT('',(94.599999839417,-62.99999983941,1.6));
#188 = DIRECTION('',(-0.,-0.,-1.));
#189 = DIRECTION('',(-1.,-6.423313582E-08,0.));
#190 = ADVANCED_FACE('',(#191),#216,.T.);
#191 = FACE_BOUND('',#192,.T.);
#192 = EDGE_LOOP('',(#193,#201,#202,#210));
#193 = ORIENTED_EDGE('',*,*,#194,.F.);
#194 = EDGE_CURVE('',#32,#195,#197,.T.);
#195 = VERTEX_POINT('',#196);
#196 = CARTESIAN_POINT('',(92.95,-130.0000001605,11.6));
#197 = LINE('',#198,#199);
#198 = CARTESIAN_POINT('',(91.95,-130.0000001605,10.6));
#199 = VECTOR('',#200,1.);
#200 = DIRECTION('',(0.707106781187,3.811519703653E-15,0.707106781187));
#201 = ORIENTED_EDGE('',*,*,#31,.T.);
#202 = ORIENTED_EDGE('',*,*,#203,.T.);
#203 = EDGE_CURVE('',#24,#204,#206,.T.);
#204 = VERTEX_POINT('',#205);
#205 = CARTESIAN_POINT('',(92.95,-62.99999983941,11.6));
#206 = LINE('',#207,#208);
#207 = CARTESIAN_POINT('',(92.45,-62.99999983941,11.1));
#208 = VECTOR('',#209,1.);
#209 = DIRECTION('',(0.707106781187,0.,0.707106781187));
#210 = ORIENTED_EDGE('',*,*,#211,.F.);
#211 = EDGE_CURVE('',#195,#204,#212,.T.);
#212 = LINE('',#213,#214);
#213 = CARTESIAN_POINT('',(92.95,-130.0000001605,11.6));
#214 = VECTOR('',#215,1.);
#215 = DIRECTION('',(0.,1.,0.));
#216 = PLANE('',#217);
#217 = AXIS2_PLACEMENT_3D('',#218,#219,#220);
#218 = CARTESIAN_POINT('',(92.45,-130.0000001605,11.1));
#219 = DIRECTION('',(0.707106781187,1.00914326279E-15,-0.707106781187));
#220 = DIRECTION('',(-7.135720443073E-16,1.,7.135720443073E-16));
#221 = ADVANCED_FACE('',(#222,#353,#364),#375,.T.);
#222 = FACE_BOUND('',#223,.T.);
#223 = EDGE_LOOP('',(#224,#225,#226,#234,#242,#251,#260,#269,#278,#287,
    #296,#305,#314,#322,#330,#338,#347));
#224 = ORIENTED_EDGE('',*,*,#179,.T.);
#225 = ORIENTED_EDGE('',*,*,#147,.T.);
#226 = ORIENTED_EDGE('',*,*,#227,.F.);
#227 = EDGE_CURVE('',#228,#140,#230,.T.);
#228 = VERTEX_POINT('',#229);
#229 = CARTESIAN_POINT('',(88.95,-64.24999983941,1.6));
#230 = LINE('',#231,#232);
#231 = CARTESIAN_POINT('',(88.95,-64.24999983941,1.6));
#232 = VECTOR('',#233,1.);
#233 = DIRECTION('',(1.,0.,0.));
#234 = ORIENTED_EDGE('',*,*,#235,.F.);
#235 = EDGE_CURVE('',#236,#228,#238,.T.);
#236 = VERTEX_POINT('',#237);
#237 = CARTESIAN_POINT('',(88.95,-62.99999983941,1.6));
#238 = LINE('',#239,#240);
#239 = CARTESIAN_POINT('',(88.95,-62.99999983941,1.6));
#240 = VECTOR('',#241,1.);
#241 = DIRECTION('',(0.,-1.,0.));
#242 = ORIENTED_EDGE('',*,*,#243,.F.);
#243 = EDGE_CURVE('',#244,#236,#246,.T.);
#244 = VERTEX_POINT('',#245);
#245 = CARTESIAN_POINT('',(94.599999839417,-57.34999999999,1.6));
#246 = CIRCLE('',#247,5.649999839417);
#247 = AXIS2_PLACEMENT_3D('',#248,#249,#250);
#248 = CARTESIAN_POINT('',(94.599999839417,-62.99999983941,1.6));
#249 = DIRECTION('',(0.,0.,1.));
#250 = DIRECTION('',(-1.,-6.423313582E-08,0.));
#251 = ORIENTED_EDGE('',*,*,#252,.T.);
#252 = EDGE_CURVE('',#244,#253,#255,.T.);
#253 = VERTEX_POINT('',#254);
#254 = CARTESIAN_POINT('',(111.48195975033,-51.44131403117,1.6));
#255 = CIRCLE('',#256,27.071428571429);
#256 = AXIS2_PLACEMENT_3D('',#257,#258,#259);
#257 = CARTESIAN_POINT('',(94.599999839417,-30.27857142856,1.6));
#258 = DIRECTION('',(0.,0.,1.));
#259 = DIRECTION('',(1.,0.,0.));
#260 = ORIENTED_EDGE('',*,*,#261,.F.);
#261 = EDGE_CURVE('',#262,#253,#264,.T.);
#262 = VERTEX_POINT('',#263);
#263 = CARTESIAN_POINT('',(116.60213429081,-50.76835644788,1.6));
#264 = CIRCLE('',#265,5.);
#265 = AXIS2_PLACEMENT_3D('',#266,#267,#268);
#266 = CARTESIAN_POINT('',(114.59999983941,-55.34999999999,1.6));
#267 = DIRECTION('',(0.,0.,1.));
#268 = DIRECTION('',(1.,0.,0.));
#269 = ORIENTED_EDGE('',*,*,#270,.T.);
#270 = EDGE_CURVE('',#262,#271,#273,.T.);
#271 = VERTEX_POINT('',#272);
#272 = CARTESIAN_POINT('',(148.09999999999,-57.34999999999,1.6));
#273 = CIRCLE('',#274,78.660716061769);
#274 = AXIS2_PLACEMENT_3D('',#275,#276,#277);
#275 = CARTESIAN_POINT('',(148.10000021053,21.310716061776,1.6));
#276 = DIRECTION('',(0.,0.,1.));
#277 = DIRECTION('',(1.,0.,0.));
#278 = ORIENTED_EDGE('',*,*,#279,.T.);
#279 = EDGE_CURVE('',#271,#280,#282,.T.);
#280 = VERTEX_POINT('',#281);
#281 = CARTESIAN_POINT('',(179.59786578949,-50.76835641279,1.6));
#282 = CIRCLE('',#283,78.660723079883);
#283 = AXIS2_PLACEMENT_3D('',#284,#285,#286);
#284 = CARTESIAN_POINT('',(148.09999832299,21.31072307989,1.6));
#285 = DIRECTION('',(0.,0.,1.));
#286 = DIRECTION('',(1.,0.,0.));
#287 = ORIENTED_EDGE('',*,*,#288,.F.);
#288 = EDGE_CURVE('',#289,#280,#291,.T.);
#289 = VERTEX_POINT('',#290);
#290 = CARTESIAN_POINT('',(184.71804023041,-51.44131401581,1.6));
#291 = CIRCLE('',#292,5.);
#292 = AXIS2_PLACEMENT_3D('',#293,#294,#295);
#293 = CARTESIAN_POINT('',(181.60000016058,-55.34999999999,1.6));
#294 = DIRECTION('',(0.,0.,1.));
#295 = DIRECTION('',(1.,0.,0.));
#296 = ORIENTED_EDGE('',*,*,#297,.T.);
#297 = EDGE_CURVE('',#289,#298,#300,.T.);
#298 = VERTEX_POINT('',#299);
#299 = CARTESIAN_POINT('',(201.60000016058,-57.34999999999,1.6));
#300 = CIRCLE('',#301,27.071429022792);
#301 = AXIS2_PLACEMENT_3D('',#302,#303,#304);
#302 = CARTESIAN_POINT('',(201.60000031855,-30.2785709772,1.6));
#303 = DIRECTION('',(0.,0.,1.));
#304 = DIRECTION('',(1.,0.,0.));
#305 = ORIENTED_EDGE('',*,*,#306,.F.);
#306 = EDGE_CURVE('',#307,#298,#309,.T.);
#307 = VERTEX_POINT('',#308);
#308 = CARTESIAN_POINT('',(207.24999999999,-62.99999983941,1.6));
#309 = CIRCLE('',#310,5.649999839417);
#310 = AXIS2_PLACEMENT_3D('',#311,#312,#313);
#311 = CARTESIAN_POINT('',(201.60000016058,-62.99999983941,1.6));
#312 = DIRECTION('',(0.,0.,1.));
#313 = DIRECTION('',(-6.42331357E-08,1.,0.));
#314 = ORIENTED_EDGE('',*,*,#315,.T.);
#315 = EDGE_CURVE('',#307,#316,#318,.T.);
#316 = VERTEX_POINT('',#317);
#317 = CARTESIAN_POINT('',(207.24999999999,-94.75000016055,1.6));
#318 = LINE('',#319,#320);
#319 = CARTESIAN_POINT('',(207.25,-62.99999983941,1.6));
#320 = VECTOR('',#321,1.);
#321 = DIRECTION('',(-9.784522815657E-14,-1.,0.));
#322 = ORIENTED_EDGE('',*,*,#323,.T.);
#323 = EDGE_CURVE('',#316,#324,#326,.T.);
#324 = VERTEX_POINT('',#325);
#325 = CARTESIAN_POINT('',(204.24999999999,-94.75000016055,
    1.599999999999));
#326 = LINE('',#327,#328);
#327 = CARTESIAN_POINT('',(207.24999999999,-94.75000016055,1.6));
#328 = VECTOR('',#329,1.);
#329 = DIRECTION('',(-1.,-7.410738689373E-14,-2.193245585147E-13));
#330 = ORIENTED_EDGE('',*,*,#331,.F.);
#331 = EDGE_CURVE('',#332,#324,#334,.T.);
#332 = VERTEX_POINT('',#333);
#333 = CARTESIAN_POINT('',(204.24999999999,-62.99999983941,1.6));
#334 = LINE('',#335,#336);
#335 = CARTESIAN_POINT('',(204.24999999999,-101.6250001605,
    1.599999999999));
#336 = VECTOR('',#337,1.);
#337 = DIRECTION('',(1.388036972183E-13,-1.,1.417731474072E-26));
#338 = ORIENTED_EDGE('',*,*,#339,.T.);
#339 = EDGE_CURVE('',#332,#340,#342,.T.);
#340 = VERTEX_POINT('',#341);
#341 = CARTESIAN_POINT('',(201.60000016058,-60.34999999999,1.6));
#342 = CIRCLE('',#343,2.649999839417);
#343 = AXIS2_PLACEMENT_3D('',#344,#345,#346);
#344 = CARTESIAN_POINT('',(201.60000016058,-62.99999983941,1.6));
#345 = DIRECTION('',(0.,0.,1.));
#346 = DIRECTION('',(-6.42331357E-08,1.,0.));
#347 = ORIENTED_EDGE('',*,*,#348,.F.);
#348 = EDGE_CURVE('',#162,#340,#349,.T.);
#349 = LINE('',#350,#351);
#350 = CARTESIAN_POINT('',(94.599999839417,-60.34999999999,1.6));
#351 = VECTOR('',#352,1.);
#352 = DIRECTION('',(1.,1.992175888675E-16,0.));
#353 = FACE_BOUND('',#354,.T.);
#354 = EDGE_LOOP('',(#355));
#355 = ORIENTED_EDGE('',*,*,#356,.T.);
#356 = EDGE_CURVE('',#357,#357,#359,.T.);
#357 = VERTEX_POINT('',#358);
#358 = CARTESIAN_POINT('',(116.59999983941,-55.35,1.6));
#359 = CIRCLE('',#360,2.);
#360 = AXIS2_PLACEMENT_3D('',#361,#362,#363);
#361 = CARTESIAN_POINT('',(114.59999983941,-55.35,1.6));
#362 = DIRECTION('',(0.,0.,1.));
#363 = DIRECTION('',(1.,0.,0.));
#364 = FACE_BOUND('',#365,.T.);
#365 = EDGE_LOOP('',(#366));
#366 = ORIENTED_EDGE('',*,*,#367,.T.);
#367 = EDGE_CURVE('',#368,#368,#370,.T.);
#368 = VERTEX_POINT('',#369);
#369 = CARTESIAN_POINT('',(183.60000016058,-55.35,1.6));
#370 = CIRCLE('',#371,2.);
#371 = AXIS2_PLACEMENT_3D('',#372,#373,#374);
#372 = CARTESIAN_POINT('',(181.60000016058,-55.35,1.6));
#373 = DIRECTION('',(0.,0.,1.));
#374 = DIRECTION('',(1.,0.,0.));
#375 = PLANE('',#376);
#376 = AXIS2_PLACEMENT_3D('',#377,#378,#379);
#377 = CARTESIAN_POINT('',(159.20348120643,-62.42590581328,1.6));
#378 = DIRECTION('',(0.,1.33770463589E-15,-1.));
#379 = DIRECTION('',(0.,-1.,-1.33770463589E-15));
#380 = ADVANCED_FACE('',(#381),#408,.F.);
#381 = FACE_BOUND('',#382,.T.);
#382 = EDGE_LOOP('',(#383,#384,#393,#401));
#383 = ORIENTED_EDGE('',*,*,#39,.T.);
#384 = ORIENTED_EDGE('',*,*,#385,.F.);
#385 = EDGE_CURVE('',#386,#32,#388,.T.);
#386 = VERTEX_POINT('',#387);
#387 = CARTESIAN_POINT('',(94.599999839417,-132.6499999999,10.6));
#388 = CIRCLE('',#389,2.649999839417);
#389 = AXIS2_PLACEMENT_3D('',#390,#391,#392);
#390 = CARTESIAN_POINT('',(94.599999839417,-130.0000001605,10.6));
#391 = DIRECTION('',(-0.,-0.,-1.));
#392 = DIRECTION('',(0.,-1.,0.));
#393 = ORIENTED_EDGE('',*,*,#394,.F.);
#394 = EDGE_CURVE('',#395,#386,#397,.T.);
#395 = VERTEX_POINT('',#396);
#396 = CARTESIAN_POINT('',(94.599999839417,-132.6499999999,1.6));
#397 = LINE('',#398,#399);
#398 = CARTESIAN_POINT('',(94.599999839417,-132.6499999999,1.6));
#399 = VECTOR('',#400,1.);
#400 = DIRECTION('',(0.,0.,1.));
#401 = ORIENTED_EDGE('',*,*,#402,.F.);
#402 = EDGE_CURVE('',#40,#395,#403,.T.);
#403 = CIRCLE('',#404,2.649999839417);
#404 = AXIS2_PLACEMENT_3D('',#405,#406,#407);
#405 = CARTESIAN_POINT('',(94.599999839417,-130.0000001605,1.6));
#406 = DIRECTION('',(-0.,0.,1.));
#407 = DIRECTION('',(6.423313581E-08,-1.,0.));
#408 = CYLINDRICAL_SURFACE('',#409,2.649999839417);
#409 = AXIS2_PLACEMENT_3D('',#410,#411,#412);
#410 = CARTESIAN_POINT('',(94.599999839417,-130.0000001605,1.6));
#411 = DIRECTION('',(0.,0.,-1.));
#412 = DIRECTION('',(6.423313581E-08,-1.,0.));
#413 = ADVANCED_FACE('',(#414),#432,.F.);
#414 = FACE_BOUND('',#415,.F.);
#415 = EDGE_LOOP('',(#416,#424,#430,#431));
#416 = ORIENTED_EDGE('',*,*,#417,.F.);
#417 = EDGE_CURVE('',#418,#228,#420,.T.);
#418 = VERTEX_POINT('',#419);
#419 = CARTESIAN_POINT('',(88.95,-64.24999983941,5.6));
#420 = LINE('',#421,#422);
#421 = CARTESIAN_POINT('',(88.95,-64.24999983941,5.6));
#422 = VECTOR('',#423,1.);
#423 = DIRECTION('',(0.,0.,-1.));
#424 = ORIENTED_EDGE('',*,*,#425,.T.);
#425 = EDGE_CURVE('',#418,#131,#426,.T.);
#426 = LINE('',#427,#428);
#427 = CARTESIAN_POINT('',(88.95,-64.24999983941,5.6));
#428 = VECTOR('',#429,1.);
#429 = DIRECTION('',(1.,0.,0.));
#430 = ORIENTED_EDGE('',*,*,#139,.T.);
#431 = ORIENTED_EDGE('',*,*,#227,.F.);
#432 = PLANE('',#433);
#433 = AXIS2_PLACEMENT_3D('',#434,#435,#436);
#434 = CARTESIAN_POINT('',(88.95,-64.24999983941,5.6));
#435 = DIRECTION('',(0.,1.,0.));
#436 = DIRECTION('',(0.,0.,-1.));
#437 = ADVANCED_FACE('',(#438,#569,#580),#591,.T.);
#438 = FACE_BOUND('',#439,.T.);
#439 = EDGE_LOOP('',(#440,#451,#460,#468,#474,#475,#476,#484,#493,#501,
    #509,#517,#526,#535,#544,#553,#562));
#440 = ORIENTED_EDGE('',*,*,#441,.T.);
#441 = EDGE_CURVE('',#442,#444,#446,.T.);
#442 = VERTEX_POINT('',#443);
#443 = CARTESIAN_POINT('',(117.00356067027,-141.9229970325,1.6));
#444 = VERTEX_POINT('',#445);
#445 = CARTESIAN_POINT('',(94.599999839417,-135.6499999999,1.6));
#446 = CIRCLE('',#447,43.142857142857);
#447 = AXIS2_PLACEMENT_3D('',#448,#449,#450);
#448 = CARTESIAN_POINT('',(94.599999839417,-178.7928571427,1.6));
#449 = DIRECTION('',(0.,0.,1.));
#450 = DIRECTION('',(1.,0.,0.));
#451 = ORIENTED_EDGE('',*,*,#452,.F.);
#452 = EDGE_CURVE('',#453,#444,#455,.T.);
#453 = VERTEX_POINT('',#454);
#454 = CARTESIAN_POINT('',(88.95,-130.0000001605,1.6));
#455 = CIRCLE('',#456,5.649999839417);
#456 = AXIS2_PLACEMENT_3D('',#457,#458,#459);
#457 = CARTESIAN_POINT('',(94.599999839417,-130.0000001605,1.6));
#458 = DIRECTION('',(-0.,0.,1.));
#459 = DIRECTION('',(6.423313581E-08,-1.,0.));
#460 = ORIENTED_EDGE('',*,*,#461,.F.);
#461 = EDGE_CURVE('',#462,#453,#464,.T.);
#462 = VERTEX_POINT('',#463);
#463 = CARTESIAN_POINT('',(88.95,-107.7500001605,1.6));
#464 = LINE('',#465,#466);
#465 = CARTESIAN_POINT('',(88.95,-109.0000001605,1.6));
#466 = VECTOR('',#467,1.);
#467 = DIRECTION('',(-6.767073673906E-16,-1.,0.));
#468 = ORIENTED_EDGE('',*,*,#469,.T.);
#469 = EDGE_CURVE('',#462,#48,#470,.T.);
#470 = LINE('',#471,#472);
#471 = CARTESIAN_POINT('',(88.95,-107.7500001605,1.6));
#472 = VECTOR('',#473,1.);
#473 = DIRECTION('',(1.,0.,0.));
#474 = ORIENTED_EDGE('',*,*,#47,.T.);
#475 = ORIENTED_EDGE('',*,*,#402,.T.);
#476 = ORIENTED_EDGE('',*,*,#477,.F.);
#477 = EDGE_CURVE('',#478,#395,#480,.T.);
#478 = VERTEX_POINT('',#479);
#479 = CARTESIAN_POINT('',(201.60000016058,-132.6499999999,1.6));
#480 = LINE('',#481,#482);
#481 = CARTESIAN_POINT('',(201.60000016058,-132.6499999999,1.6));
#482 = VECTOR('',#483,1.);
#483 = DIRECTION('',(-1.,2.656234518233E-16,0.));
#484 = ORIENTED_EDGE('',*,*,#485,.T.);
#485 = EDGE_CURVE('',#478,#486,#488,.T.);
#486 = VERTEX_POINT('',#487);
#487 = CARTESIAN_POINT('',(204.24999999999,-130.0000001605,1.6));
#488 = CIRCLE('',#489,2.649999839417);
#489 = AXIS2_PLACEMENT_3D('',#490,#491,#492);
#490 = CARTESIAN_POINT('',(201.60000016058,-130.0000001605,1.6));
#491 = DIRECTION('',(0.,-0.,1.));
#492 = DIRECTION('',(1.,6.42331357E-08,0.));
#493 = ORIENTED_EDGE('',*,*,#494,.F.);
#494 = EDGE_CURVE('',#495,#486,#497,.T.);
#495 = VERTEX_POINT('',#496);
#496 = CARTESIAN_POINT('',(204.24999999999,-107.2500001605,
    1.599999999999));
#497 = LINE('',#498,#499);
#498 = CARTESIAN_POINT('',(204.24999999999,-108.5000001605,1.6));
#499 = VECTOR('',#500,1.);
#500 = DIRECTION('',(1.388036972183E-13,-1.,0.));
#501 = ORIENTED_EDGE('',*,*,#502,.F.);
#502 = EDGE_CURVE('',#503,#495,#505,.T.);
#503 = VERTEX_POINT('',#504);
#504 = CARTESIAN_POINT('',(207.24999999999,-107.2500001605,1.6));
#505 = LINE('',#506,#507);
#506 = CARTESIAN_POINT('',(207.24999999999,-107.2500001605,1.6));
#507 = VECTOR('',#508,1.);
#508 = DIRECTION('',(-1.,-7.410738689373E-14,-2.193245585147E-13));
#509 = ORIENTED_EDGE('',*,*,#510,.F.);
#510 = EDGE_CURVE('',#511,#503,#513,.T.);
#511 = VERTEX_POINT('',#512);
#512 = CARTESIAN_POINT('',(207.24999999999,-130.0000001605,1.6));
#513 = LINE('',#514,#515);
#514 = CARTESIAN_POINT('',(207.24999999999,-108.5000001605,1.6));
#515 = VECTOR('',#516,1.);
#516 = DIRECTION('',(-7.416289804496E-14,1.,0.));
#517 = ORIENTED_EDGE('',*,*,#518,.F.);
#518 = EDGE_CURVE('',#519,#511,#521,.T.);
#519 = VERTEX_POINT('',#520);
#520 = CARTESIAN_POINT('',(201.60000016058,-135.6499999999,1.6));
#521 = CIRCLE('',#522,5.649999839417);
#522 = AXIS2_PLACEMENT_3D('',#523,#524,#525);
#523 = CARTESIAN_POINT('',(201.60000016058,-130.0000001605,1.6));
#524 = DIRECTION('',(0.,-0.,1.));
#525 = DIRECTION('',(1.,6.42331357E-08,0.));
#526 = ORIENTED_EDGE('',*,*,#527,.T.);
#527 = EDGE_CURVE('',#519,#528,#530,.T.);
#528 = VERTEX_POINT('',#529);
#529 = CARTESIAN_POINT('',(179.19643932972,-141.9229970325,1.6));
#530 = CIRCLE('',#531,43.142857142857);
#531 = AXIS2_PLACEMENT_3D('',#532,#533,#534);
#532 = CARTESIAN_POINT('',(201.60000016058,-178.7928571427,1.6));
#533 = DIRECTION('',(0.,0.,1.));
#534 = DIRECTION('',(1.,0.,0.));
#535 = ORIENTED_EDGE('',*,*,#536,.F.);
#536 = EDGE_CURVE('',#537,#528,#539,.T.);
#537 = VERTEX_POINT('',#538);
#538 = CARTESIAN_POINT('',(174.28359959159,-142.0810595124,1.6));
#539 = CIRCLE('',#540,5.000000290203);
#540 = AXIS2_PLACEMENT_3D('',#541,#542,#543);
#541 = CARTESIAN_POINT('',(176.60000014986,-137.6499996668,1.6));
#542 = DIRECTION('',(0.,0.,1.));
#543 = DIRECTION('',(1.,0.,0.));
#544 = ORIENTED_EDGE('',*,*,#545,.T.);
#545 = EDGE_CURVE('',#537,#546,#548,.T.);
#546 = VERTEX_POINT('',#547);
#547 = CARTESIAN_POINT('',(148.09999999999,-135.6499999999,1.6));
#548 = CIRCLE('',#549,56.517857796653);
#549 = AXIS2_PLACEMENT_3D('',#550,#551,#552);
#550 = CARTESIAN_POINT('',(148.09999999999,-192.1678577965,1.6));
#551 = DIRECTION('',(0.,0.,1.));
#552 = DIRECTION('',(1.,0.,0.));
#553 = ORIENTED_EDGE('',*,*,#554,.T.);
#554 = EDGE_CURVE('',#546,#555,#557,.T.);
#555 = VERTEX_POINT('',#556);
#556 = CARTESIAN_POINT('',(121.9164004084,-142.0810595124,1.6));
#557 = CIRCLE('',#558,56.517857796653);
#558 = AXIS2_PLACEMENT_3D('',#559,#560,#561);
#559 = CARTESIAN_POINT('',(148.09999999999,-192.1678577965,1.6));
#560 = DIRECTION('',(0.,0.,1.));
#561 = DIRECTION('',(1.,0.,0.));
#562 = ORIENTED_EDGE('',*,*,#563,.F.);
#563 = EDGE_CURVE('',#442,#555,#564,.T.);
#564 = CIRCLE('',#565,4.999999497306);
#565 = AXIS2_PLACEMENT_3D('',#566,#567,#568);
#566 = CARTESIAN_POINT('',(119.59999982085,-137.6500005768,1.6));
#567 = DIRECTION('',(0.,0.,1.));
#568 = DIRECTION('',(1.,0.,0.));
#569 = FACE_BOUND('',#570,.T.);
#570 = EDGE_LOOP('',(#571));
#571 = ORIENTED_EDGE('',*,*,#572,.T.);
#572 = EDGE_CURVE('',#573,#573,#575,.T.);
#573 = VERTEX_POINT('',#574);
#574 = CARTESIAN_POINT('',(178.60000016058,-137.65,1.6));
#575 = CIRCLE('',#576,2.);
#576 = AXIS2_PLACEMENT_3D('',#577,#578,#579);
#577 = CARTESIAN_POINT('',(176.60000016058,-137.65,1.6));
#578 = DIRECTION('',(0.,0.,1.));
#579 = DIRECTION('',(1.,0.,0.));
#580 = FACE_BOUND('',#581,.T.);
#581 = EDGE_LOOP('',(#582));
#582 = ORIENTED_EDGE('',*,*,#583,.T.);
#583 = EDGE_CURVE('',#584,#584,#586,.T.);
#584 = VERTEX_POINT('',#585);
#585 = CARTESIAN_POINT('',(121.59999982085,-137.6500005768,1.6));
#586 = CIRCLE('',#587,2.);
#587 = AXIS2_PLACEMENT_3D('',#588,#589,#590);
#588 = CARTESIAN_POINT('',(119.59999982085,-137.6500005768,1.6));
#589 = DIRECTION('',(0.,0.,1.));
#590 = DIRECTION('',(1.,0.,0.));
#591 = PLANE('',#592);
#592 = AXIS2_PLACEMENT_3D('',#593,#594,#595);
#593 = CARTESIAN_POINT('',(148.26933776536,-130.4097346212,1.6));
#594 = DIRECTION('',(-0.,-1.170759549382E-15,-1.));
#595 = DIRECTION('',(0.,-1.,1.170759549382E-15));
#596 = ADVANCED_FACE('',(#597),#616,.F.);
#597 = FACE_BOUND('',#598,.F.);
#598 = EDGE_LOOP('',(#599,#608,#614,#615));
#599 = ORIENTED_EDGE('',*,*,#600,.F.);
#600 = EDGE_CURVE('',#601,#418,#603,.T.);
#601 = VERTEX_POINT('',#602);
#602 = CARTESIAN_POINT('',(88.95,-66.74999983941,8.1));
#603 = CIRCLE('',#604,2.5);
#604 = AXIS2_PLACEMENT_3D('',#605,#606,#607);
#605 = CARTESIAN_POINT('',(88.95,-66.74999983941,5.6));
#606 = DIRECTION('',(-1.,0.,0.));
#607 = DIRECTION('',(0.,-1.,0.));
#608 = ORIENTED_EDGE('',*,*,#609,.T.);
#609 = EDGE_CURVE('',#601,#123,#610,.T.);
#610 = LINE('',#611,#612);
#611 = CARTESIAN_POINT('',(88.95,-66.74999983941,8.1));
#612 = VECTOR('',#613,1.);
#613 = DIRECTION('',(1.,0.,0.));
#614 = ORIENTED_EDGE('',*,*,#130,.T.);
#615 = ORIENTED_EDGE('',*,*,#425,.F.);
#616 = CYLINDRICAL_SURFACE('',#617,2.5);
#617 = AXIS2_PLACEMENT_3D('',#618,#619,#620);
#618 = CARTESIAN_POINT('',(88.95,-66.74999983941,5.6));
#619 = DIRECTION('',(-1.,0.,0.));
#620 = DIRECTION('',(0.,-1.,0.));
#621 = ADVANCED_FACE('',(#622),#640,.T.);
#622 = FACE_BOUND('',#623,.T.);
#623 = EDGE_LOOP('',(#624,#632,#638,#639));
#624 = ORIENTED_EDGE('',*,*,#625,.F.);
#625 = EDGE_CURVE('',#626,#462,#628,.T.);
#626 = VERTEX_POINT('',#627);
#627 = CARTESIAN_POINT('',(88.95,-107.7500001605,5.6));
#628 = LINE('',#629,#630);
#629 = CARTESIAN_POINT('',(88.95,-107.7500001605,5.6));
#630 = VECTOR('',#631,1.);
#631 = DIRECTION('',(0.,0.,-1.));
#632 = ORIENTED_EDGE('',*,*,#633,.T.);
#633 = EDGE_CURVE('',#626,#56,#634,.T.);
#634 = LINE('',#635,#636);
#635 = CARTESIAN_POINT('',(88.95,-107.7500001605,5.6));
#636 = VECTOR('',#637,1.);
#637 = DIRECTION('',(1.,0.,0.));
#638 = ORIENTED_EDGE('',*,*,#55,.T.);
#639 = ORIENTED_EDGE('',*,*,#469,.F.);
#640 = PLANE('',#641);
#641 = AXIS2_PLACEMENT_3D('',#642,#643,#644);
#642 = CARTESIAN_POINT('',(88.95,-107.7500001605,5.6));
#643 = DIRECTION('',(0.,1.,0.));
#644 = DIRECTION('',(0.,0.,-1.));
#645 = ADVANCED_FACE('',(#646),#664,.T.);
#646 = FACE_BOUND('',#647,.T.);
#647 = EDGE_LOOP('',(#648,#656,#657,#658));
#648 = ORIENTED_EDGE('',*,*,#649,.F.);
#649 = EDGE_CURVE('',#601,#650,#652,.T.);
#650 = VERTEX_POINT('',#651);
#651 = CARTESIAN_POINT('',(88.95,-74.24999983941,8.1));
#652 = LINE('',#653,#654);
#653 = CARTESIAN_POINT('',(88.95,-66.74999983941,8.1));
#654 = VECTOR('',#655,1.);
#655 = DIRECTION('',(0.,-1.,0.));
#656 = ORIENTED_EDGE('',*,*,#609,.T.);
#657 = ORIENTED_EDGE('',*,*,#122,.T.);
#658 = ORIENTED_EDGE('',*,*,#659,.F.);
#659 = EDGE_CURVE('',#650,#114,#660,.T.);
#660 = LINE('',#661,#662);
#661 = CARTESIAN_POINT('',(88.95,-74.24999983941,8.1));
#662 = VECTOR('',#663,1.);
#663 = DIRECTION('',(1.,0.,0.));
#664 = PLANE('',#665);
#665 = AXIS2_PLACEMENT_3D('',#666,#667,#668);
#666 = CARTESIAN_POINT('',(88.95,-66.74999983941,8.1));
#667 = DIRECTION('',(-0.,-0.,-1.));
#668 = DIRECTION('',(0.,-1.,0.));
#669 = ADVANCED_FACE('',(#670),#689,.F.);
#670 = FACE_BOUND('',#671,.F.);
#671 = EDGE_LOOP('',(#672,#681,#682,#683));
#672 = ORIENTED_EDGE('',*,*,#673,.F.);
#673 = EDGE_CURVE('',#626,#674,#676,.T.);
#674 = VERTEX_POINT('',#675);
#675 = CARTESIAN_POINT('',(88.95,-105.2500001605,8.1));
#676 = CIRCLE('',#677,2.5);
#677 = AXIS2_PLACEMENT_3D('',#678,#679,#680);
#678 = CARTESIAN_POINT('',(88.95,-105.2500001605,5.6));
#679 = DIRECTION('',(-1.,0.,0.));
#680 = DIRECTION('',(0.,-1.,0.));
#681 = ORIENTED_EDGE('',*,*,#633,.T.);
#682 = ORIENTED_EDGE('',*,*,#63,.T.);
#683 = ORIENTED_EDGE('',*,*,#684,.F.);
#684 = EDGE_CURVE('',#674,#64,#685,.T.);
#685 = LINE('',#686,#687);
#686 = CARTESIAN_POINT('',(88.95,-105.2500001605,8.1));
#687 = VECTOR('',#688,1.);
#688 = DIRECTION('',(1.,0.,0.));
#689 = CYLINDRICAL_SURFACE('',#690,2.5);
#690 = AXIS2_PLACEMENT_3D('',#691,#692,#693);
#691 = CARTESIAN_POINT('',(88.95,-105.2500001605,5.6));
#692 = DIRECTION('',(-1.,0.,0.));
#693 = DIRECTION('',(0.,-1.,0.));
#694 = ADVANCED_FACE('',(#695),#714,.F.);
#695 = FACE_BOUND('',#696,.F.);
#696 = EDGE_LOOP('',(#697,#706,#712,#713));
#697 = ORIENTED_EDGE('',*,*,#698,.F.);
#698 = EDGE_CURVE('',#699,#650,#701,.T.);
#699 = VERTEX_POINT('',#700);
#700 = CARTESIAN_POINT('',(88.95,-76.74999983941,5.6));
#701 = CIRCLE('',#702,2.5);
#702 = AXIS2_PLACEMENT_3D('',#703,#704,#705);
#703 = CARTESIAN_POINT('',(88.95,-74.24999983941,5.6));
#704 = DIRECTION('',(-1.,0.,0.));
#705 = DIRECTION('',(0.,-1.,0.));
#706 = ORIENTED_EDGE('',*,*,#707,.T.);
#707 = EDGE_CURVE('',#699,#106,#708,.T.);
#708 = LINE('',#709,#710);
#709 = CARTESIAN_POINT('',(88.95,-76.74999983941,5.6));
#710 = VECTOR('',#711,1.);
#711 = DIRECTION('',(1.,0.,0.));
#712 = ORIENTED_EDGE('',*,*,#113,.T.);
#713 = ORIENTED_EDGE('',*,*,#659,.F.);
#714 = CYLINDRICAL_SURFACE('',#715,2.5);
#715 = AXIS2_PLACEMENT_3D('',#716,#717,#718);
#716 = CARTESIAN_POINT('',(88.95,-74.24999983941,5.6));
#717 = DIRECTION('',(-1.,0.,0.));
#718 = DIRECTION('',(0.,-1.,0.));
#719 = ADVANCED_FACE('',(#720),#738,.T.);
#720 = FACE_BOUND('',#721,.T.);
#721 = EDGE_LOOP('',(#722,#730,#736,#737));
#722 = ORIENTED_EDGE('',*,*,#723,.F.);
#723 = EDGE_CURVE('',#724,#674,#726,.T.);
#724 = VERTEX_POINT('',#725);
#725 = CARTESIAN_POINT('',(88.95,-97.7500001605,8.1));
#726 = LINE('',#727,#728);
#727 = CARTESIAN_POINT('',(88.95,-97.7500001605,8.1));
#728 = VECTOR('',#729,1.);
#729 = DIRECTION('',(0.,-1.,0.));
#730 = ORIENTED_EDGE('',*,*,#731,.T.);
#731 = EDGE_CURVE('',#724,#73,#732,.T.);
#732 = LINE('',#733,#734);
#733 = CARTESIAN_POINT('',(88.95,-97.7500001605,8.1));
#734 = VECTOR('',#735,1.);
#735 = DIRECTION('',(1.,0.,0.));
#736 = ORIENTED_EDGE('',*,*,#72,.T.);
#737 = ORIENTED_EDGE('',*,*,#684,.F.);
#738 = PLANE('',#739);
#739 = AXIS2_PLACEMENT_3D('',#740,#741,#742);
#740 = CARTESIAN_POINT('',(88.95,-97.7500001605,8.1));
#741 = DIRECTION('',(-0.,-0.,-1.));
#742 = DIRECTION('',(0.,-1.,0.));
#743 = ADVANCED_FACE('',(#744),#762,.T.);
#744 = FACE_BOUND('',#745,.T.);
#745 = EDGE_LOOP('',(#746,#754,#755,#756));
#746 = ORIENTED_EDGE('',*,*,#747,.F.);
#747 = EDGE_CURVE('',#699,#748,#750,.T.);
#748 = VERTEX_POINT('',#749);
#749 = CARTESIAN_POINT('',(88.95,-76.74999983941,1.6));
#750 = LINE('',#751,#752);
#751 = CARTESIAN_POINT('',(88.95,-76.74999983941,5.6));
#752 = VECTOR('',#753,1.);
#753 = DIRECTION('',(0.,0.,-1.));
#754 = ORIENTED_EDGE('',*,*,#707,.T.);
#755 = ORIENTED_EDGE('',*,*,#105,.T.);
#756 = ORIENTED_EDGE('',*,*,#757,.F.);
#757 = EDGE_CURVE('',#748,#98,#758,.T.);
#758 = LINE('',#759,#760);
#759 = CARTESIAN_POINT('',(88.95,-76.74999983941,1.6));
#760 = VECTOR('',#761,1.);
#761 = DIRECTION('',(1.,0.,0.));
#762 = PLANE('',#763);
#763 = AXIS2_PLACEMENT_3D('',#764,#765,#766);
#764 = CARTESIAN_POINT('',(88.95,-76.74999983941,5.6));
#765 = DIRECTION('',(0.,1.,0.));
#766 = DIRECTION('',(0.,0.,-1.));
#767 = ADVANCED_FACE('',(#768),#787,.F.);
#768 = FACE_BOUND('',#769,.F.);
#769 = EDGE_LOOP('',(#770,#779,#780,#781));
#770 = ORIENTED_EDGE('',*,*,#771,.F.);
#771 = EDGE_CURVE('',#724,#772,#774,.T.);
#772 = VERTEX_POINT('',#773);
#773 = CARTESIAN_POINT('',(88.95,-95.2500001605,5.6));
#774 = CIRCLE('',#775,2.5);
#775 = AXIS2_PLACEMENT_3D('',#776,#777,#778);
#776 = CARTESIAN_POINT('',(88.95,-97.7500001605,5.6));
#777 = DIRECTION('',(-1.,0.,0.));
#778 = DIRECTION('',(0.,-1.,0.));
#779 = ORIENTED_EDGE('',*,*,#731,.T.);
#780 = ORIENTED_EDGE('',*,*,#80,.T.);
#781 = ORIENTED_EDGE('',*,*,#782,.F.);
#782 = EDGE_CURVE('',#772,#81,#783,.T.);
#783 = LINE('',#784,#785);
#784 = CARTESIAN_POINT('',(88.95,-95.2500001605,5.6));
#785 = VECTOR('',#786,1.);
#786 = DIRECTION('',(1.,0.,0.));
#787 = CYLINDRICAL_SURFACE('',#788,2.5);
#788 = AXIS2_PLACEMENT_3D('',#789,#790,#791);
#789 = CARTESIAN_POINT('',(88.95,-97.7500001605,5.6));
#790 = DIRECTION('',(-1.,0.,0.));
#791 = DIRECTION('',(0.,-1.,0.));
#792 = ADVANCED_FACE('',(#793),#811,.T.);
#793 = FACE_BOUND('',#794,.T.);
#794 = EDGE_LOOP('',(#795,#796,#797,#805));
#795 = ORIENTED_EDGE('',*,*,#757,.T.);
#796 = ORIENTED_EDGE('',*,*,#97,.T.);
#797 = ORIENTED_EDGE('',*,*,#798,.F.);
#798 = EDGE_CURVE('',#799,#90,#801,.T.);
#799 = VERTEX_POINT('',#800);
#800 = CARTESIAN_POINT('',(88.95,-95.2500001605,1.6));
#801 = LINE('',#802,#803);
#802 = CARTESIAN_POINT('',(88.95,-95.2500001605,1.6));
#803 = VECTOR('',#804,1.);
#804 = DIRECTION('',(1.,0.,0.));
#805 = ORIENTED_EDGE('',*,*,#806,.F.);
#806 = EDGE_CURVE('',#748,#799,#807,.T.);
#807 = LINE('',#808,#809);
#808 = CARTESIAN_POINT('',(88.95,-94.0000001605,1.6));
#809 = VECTOR('',#810,1.);
#810 = DIRECTION('',(0.,-1.,0.));
#811 = PLANE('',#812);
#812 = AXIS2_PLACEMENT_3D('',#813,#814,#815);
#813 = CARTESIAN_POINT('',(90.45,-85.99999999995,1.6));
#814 = DIRECTION('',(-0.,-0.,-1.));
#815 = DIRECTION('',(-1.,0.,0.));
#816 = ADVANCED_FACE('',(#817),#828,.F.);
#817 = FACE_BOUND('',#818,.F.);
#818 = EDGE_LOOP('',(#819,#825,#826,#827));
#819 = ORIENTED_EDGE('',*,*,#820,.F.);
#820 = EDGE_CURVE('',#772,#799,#821,.T.);
#821 = LINE('',#822,#823);
#822 = CARTESIAN_POINT('',(88.95,-95.2500001605,5.6));
#823 = VECTOR('',#824,1.);
#824 = DIRECTION('',(0.,0.,-1.));
#825 = ORIENTED_EDGE('',*,*,#782,.T.);
#826 = ORIENTED_EDGE('',*,*,#89,.T.);
#827 = ORIENTED_EDGE('',*,*,#798,.F.);
#828 = PLANE('',#829);
#829 = AXIS2_PLACEMENT_3D('',#830,#831,#832);
#830 = CARTESIAN_POINT('',(88.95,-95.2500001605,5.6));
#831 = DIRECTION('',(0.,1.,0.));
#832 = DIRECTION('',(0.,0.,-1.));
#833 = ADVANCED_FACE('',(#834),#852,.F.);
#834 = FACE_BOUND('',#835,.F.);
#835 = EDGE_LOOP('',(#836,#837,#845,#851));
#836 = ORIENTED_EDGE('',*,*,#161,.T.);
#837 = ORIENTED_EDGE('',*,*,#838,.T.);
#838 = EDGE_CURVE('',#164,#839,#841,.T.);
#839 = VERTEX_POINT('',#840);
#840 = CARTESIAN_POINT('',(201.60000016058,-60.34999999999,10.6));
#841 = LINE('',#842,#843);
#842 = CARTESIAN_POINT('',(94.599999839417,-60.34999999999,10.6));
#843 = VECTOR('',#844,1.);
#844 = DIRECTION('',(1.,1.992175888675E-16,0.));
#845 = ORIENTED_EDGE('',*,*,#846,.F.);
#846 = EDGE_CURVE('',#340,#839,#847,.T.);
#847 = LINE('',#848,#849);
#848 = CARTESIAN_POINT('',(201.60000016058,-60.34999999999,1.6));
#849 = VECTOR('',#850,1.);
#850 = DIRECTION('',(0.,0.,1.));
#851 = ORIENTED_EDGE('',*,*,#348,.F.);
#852 = PLANE('',#853);
#853 = AXIS2_PLACEMENT_3D('',#854,#855,#856);
#854 = CARTESIAN_POINT('',(94.599999839417,-60.34999999999,1.6));
#855 = DIRECTION('',(-1.992175888675E-16,1.,0.));
#856 = DIRECTION('',(1.,1.992175888675E-16,0.));
#857 = ADVANCED_FACE('',(#858),#877,.F.);
#858 = FACE_BOUND('',#859,.T.);
#859 = EDGE_LOOP('',(#860,#861,#862,#870));
#860 = ORIENTED_EDGE('',*,*,#203,.F.);
#861 = ORIENTED_EDGE('',*,*,#171,.T.);
#862 = ORIENTED_EDGE('',*,*,#863,.T.);
#863 = EDGE_CURVE('',#164,#864,#866,.T.);
#864 = VERTEX_POINT('',#865);
#865 = CARTESIAN_POINT('',(94.599999839417,-61.34999999999,11.6));
#866 = LINE('',#867,#868);
#867 = CARTESIAN_POINT('',(94.599999839417,-60.34999999999,10.6));
#868 = VECTOR('',#869,1.);
#869 = DIRECTION('',(1.299371769759E-15,-0.707106781187,0.707106781187)
  );
#870 = ORIENTED_EDGE('',*,*,#871,.F.);
#871 = EDGE_CURVE('',#204,#864,#872,.T.);
#872 = CIRCLE('',#873,1.649999839417);
#873 = AXIS2_PLACEMENT_3D('',#874,#875,#876);
#874 = CARTESIAN_POINT('',(94.599999839417,-62.99999983941,11.6));
#875 = DIRECTION('',(0.,0.,-1.));
#876 = DIRECTION('',(-1.,0.,0.));
#877 = CONICAL_SURFACE('',#878,2.649999839417,0.785398163397);
#878 = AXIS2_PLACEMENT_3D('',#879,#880,#881);
#879 = CARTESIAN_POINT('',(94.599999839417,-62.99999983941,10.6));
#880 = DIRECTION('',(-0.,-0.,-1.));
#881 = DIRECTION('',(-1.,0.,0.));
#882 = ADVANCED_FACE('',(#883),#902,.F.);
#883 = FACE_BOUND('',#884,.T.);
#884 = EDGE_LOOP('',(#885,#893,#894,#895));
#885 = ORIENTED_EDGE('',*,*,#886,.F.);
#886 = EDGE_CURVE('',#386,#887,#889,.T.);
#887 = VERTEX_POINT('',#888);
#888 = CARTESIAN_POINT('',(94.599999839417,-131.6499999999,11.6));
#889 = LINE('',#890,#891);
#890 = CARTESIAN_POINT('',(94.599999839417,-132.1499999999,11.1));
#891 = VECTOR('',#892,1.);
#892 = DIRECTION('',(1.878241440265E-16,0.707106781187,0.707106781187));
#893 = ORIENTED_EDGE('',*,*,#385,.T.);
#894 = ORIENTED_EDGE('',*,*,#194,.T.);
#895 = ORIENTED_EDGE('',*,*,#896,.F.);
#896 = EDGE_CURVE('',#887,#195,#897,.T.);
#897 = CIRCLE('',#898,1.649999839417);
#898 = AXIS2_PLACEMENT_3D('',#899,#900,#901);
#899 = CARTESIAN_POINT('',(94.599999839417,-130.0000001605,11.6));
#900 = DIRECTION('',(-0.,-0.,-1.));
#901 = DIRECTION('',(0.,-1.,0.));
#902 = CONICAL_SURFACE('',#903,2.649999839417,0.785398163397);
#903 = AXIS2_PLACEMENT_3D('',#904,#905,#906);
#904 = CARTESIAN_POINT('',(94.599999839417,-130.0000001605,10.6));
#905 = DIRECTION('',(-0.,-0.,-1.));
#906 = DIRECTION('',(0.,-1.,0.));
#907 = ADVANCED_FACE('',(#908,#953,#964),#975,.F.);
#908 = FACE_BOUND('',#909,.F.);
#909 = EDGE_LOOP('',(#910,#920,#929,#935,#936,#937,#938,#946));
#910 = ORIENTED_EDGE('',*,*,#911,.F.);
#911 = EDGE_CURVE('',#912,#914,#916,.T.);
#912 = VERTEX_POINT('',#913);
#913 = CARTESIAN_POINT('',(203.24999999999,-62.99999983941,11.6));
#914 = VERTEX_POINT('',#915);
#915 = CARTESIAN_POINT('',(203.24999999999,-130.0000001605,
    11.600000000003));
#916 = LINE('',#917,#918);
#917 = CARTESIAN_POINT('',(203.24999999999,-62.99999983941,11.6));
#918 = VECTOR('',#919,1.);
#919 = DIRECTION('',(-9.784522815657E-14,-1.,0.));
#920 = ORIENTED_EDGE('',*,*,#921,.F.);
#921 = EDGE_CURVE('',#922,#912,#924,.T.);
#922 = VERTEX_POINT('',#923);
#923 = CARTESIAN_POINT('',(201.60000016058,-61.34999999999,11.6));
#924 = CIRCLE('',#925,1.649999839417);
#925 = AXIS2_PLACEMENT_3D('',#926,#927,#928);
#926 = CARTESIAN_POINT('',(201.60000016058,-62.99999983941,11.6));
#927 = DIRECTION('',(0.,0.,-1.));
#928 = DIRECTION('',(0.,1.,0.));
#929 = ORIENTED_EDGE('',*,*,#930,.F.);
#930 = EDGE_CURVE('',#864,#922,#931,.T.);
#931 = LINE('',#932,#933);
#932 = CARTESIAN_POINT('',(94.599999839417,-61.34999999999,11.6));
#933 = VECTOR('',#934,1.);
#934 = DIRECTION('',(1.,1.992175888675E-16,0.));
#935 = ORIENTED_EDGE('',*,*,#871,.F.);
#936 = ORIENTED_EDGE('',*,*,#211,.F.);
#937 = ORIENTED_EDGE('',*,*,#896,.F.);
#938 = ORIENTED_EDGE('',*,*,#939,.F.);
#939 = EDGE_CURVE('',#940,#887,#942,.T.);
#940 = VERTEX_POINT('',#941);
#941 = CARTESIAN_POINT('',(201.60000016058,-131.6499999999,11.6));
#942 = LINE('',#943,#944);
#943 = CARTESIAN_POINT('',(201.60000016058,-131.6499999999,11.6));
#944 = VECTOR('',#945,1.);
#945 = DIRECTION('',(-1.,2.656234518233E-16,0.));
#946 = ORIENTED_EDGE('',*,*,#947,.F.);
#947 = EDGE_CURVE('',#914,#940,#948,.T.);
#948 = CIRCLE('',#949,1.649999839417);
#949 = AXIS2_PLACEMENT_3D('',#950,#951,#952);
#950 = CARTESIAN_POINT('',(201.60000016058,-130.0000001605,11.6));
#951 = DIRECTION('',(0.,0.,-1.));
#952 = DIRECTION('',(1.,1.072517401988E-14,0.));
#953 = FACE_BOUND('',#954,.F.);
#954 = EDGE_LOOP('',(#955));
#955 = ORIENTED_EDGE('',*,*,#956,.T.);
#956 = EDGE_CURVE('',#957,#957,#959,.T.);
#957 = VERTEX_POINT('',#958);
#958 = CARTESIAN_POINT('',(113.617677,-116.,11.6));
#959 = CIRCLE('',#960,6.);
#960 = AXIS2_PLACEMENT_3D('',#961,#962,#963);
#961 = CARTESIAN_POINT('',(107.617677,-116.,11.6));
#962 = DIRECTION('',(0.,-1.224646799147E-16,-1.));
#963 = DIRECTION('',(1.,0.,0.));
#964 = FACE_BOUND('',#965,.F.);
#965 = EDGE_LOOP('',(#966));
#966 = ORIENTED_EDGE('',*,*,#967,.F.);
#967 = EDGE_CURVE('',#968,#968,#970,.T.);
#968 = VERTEX_POINT('',#969);
#969 = CARTESIAN_POINT('',(197.27,-113.265,11.6));
#970 = CIRCLE('',#971,2.);
#971 = AXIS2_PLACEMENT_3D('',#972,#973,#974);
#972 = CARTESIAN_POINT('',(195.27,-113.265,11.6));
#973 = DIRECTION('',(0.,0.,1.));
#974 = DIRECTION('',(1.,0.,0.));
#975 = PLANE('',#976);
#976 = AXIS2_PLACEMENT_3D('',#977,#978,#979);
#977 = CARTESIAN_POINT('',(149.15319628875,-96.84757395671,11.6));
#978 = DIRECTION('',(0.,0.,1.));
#979 = DIRECTION('',(1.,0.,0.));
#980 = ADVANCED_FACE('',(#981),#1018,.T.);
#981 = FACE_BOUND('',#982,.T.);
#982 = EDGE_LOOP('',(#983,#991,#999,#1005,#1006,#1007,#1008,#1009,#1010,
    #1011,#1012,#1013,#1014,#1015,#1016,#1017));
#983 = ORIENTED_EDGE('',*,*,#984,.T.);
#984 = EDGE_CURVE('',#453,#985,#987,.T.);
#985 = VERTEX_POINT('',#986);
#986 = CARTESIAN_POINT('',(88.95,-130.0000001605,12.6));
#987 = LINE('',#988,#989);
#988 = CARTESIAN_POINT('',(88.95,-130.0000001605,1.6));
#989 = VECTOR('',#990,1.);
#990 = DIRECTION('',(0.,0.,1.));
#991 = ORIENTED_EDGE('',*,*,#992,.T.);
#992 = EDGE_CURVE('',#985,#993,#995,.T.);
#993 = VERTEX_POINT('',#994);
#994 = CARTESIAN_POINT('',(88.95,-62.99999983941,12.6));
#995 = LINE('',#996,#997);
#996 = CARTESIAN_POINT('',(88.95,-130.0000001605,12.6));
#997 = VECTOR('',#998,1.);
#998 = DIRECTION('',(0.,1.,0.));
#999 = ORIENTED_EDGE('',*,*,#1000,.F.);
#1000 = EDGE_CURVE('',#236,#993,#1001,.T.);
#1001 = LINE('',#1002,#1003);
#1002 = CARTESIAN_POINT('',(88.95,-62.99999983941,1.6));
#1003 = VECTOR('',#1004,1.);
#1004 = DIRECTION('',(0.,0.,1.));
#1005 = ORIENTED_EDGE('',*,*,#235,.T.);
#1006 = ORIENTED_EDGE('',*,*,#417,.F.);
#1007 = ORIENTED_EDGE('',*,*,#600,.F.);
#1008 = ORIENTED_EDGE('',*,*,#649,.T.);
#1009 = ORIENTED_EDGE('',*,*,#698,.F.);
#1010 = ORIENTED_EDGE('',*,*,#747,.T.);
#1011 = ORIENTED_EDGE('',*,*,#806,.T.);
#1012 = ORIENTED_EDGE('',*,*,#820,.F.);
#1013 = ORIENTED_EDGE('',*,*,#771,.F.);
#1014 = ORIENTED_EDGE('',*,*,#723,.T.);
#1015 = ORIENTED_EDGE('',*,*,#673,.F.);
#1016 = ORIENTED_EDGE('',*,*,#625,.T.);
#1017 = ORIENTED_EDGE('',*,*,#461,.T.);
#1018 = PLANE('',#1019);
#1019 = AXIS2_PLACEMENT_3D('',#1020,#1021,#1022);
#1020 = CARTESIAN_POINT('',(88.95,-95.24083954166,8.082316456426));
#1021 = DIRECTION('',(-1.,-0.,-8.632182952936E-16));
#1022 = DIRECTION('',(8.632182952936E-16,0.,-1.));
#1023 = ADVANCED_FACE('',(#1024),#1043,.T.);
#1024 = FACE_BOUND('',#1025,.F.);
#1025 = EDGE_LOOP('',(#1026,#1027,#1028,#1036));
#1026 = ORIENTED_EDGE('',*,*,#1000,.F.);
#1027 = ORIENTED_EDGE('',*,*,#243,.F.);
#1028 = ORIENTED_EDGE('',*,*,#1029,.T.);
#1029 = EDGE_CURVE('',#244,#1030,#1032,.T.);
#1030 = VERTEX_POINT('',#1031);
#1031 = CARTESIAN_POINT('',(94.599999839417,-57.34999999999,12.6));
#1032 = LINE('',#1033,#1034);
#1033 = CARTESIAN_POINT('',(94.599999839417,-57.34999999999,11.6));
#1034 = VECTOR('',#1035,1.);
#1035 = DIRECTION('',(0.,0.,1.));
#1036 = ORIENTED_EDGE('',*,*,#1037,.F.);
#1037 = EDGE_CURVE('',#993,#1030,#1038,.T.);
#1038 = CIRCLE('',#1039,5.649999839417);
#1039 = AXIS2_PLACEMENT_3D('',#1040,#1041,#1042);
#1040 = CARTESIAN_POINT('',(94.599999839417,-62.99999983941,12.6));
#1041 = DIRECTION('',(0.,0.,-1.));
#1042 = DIRECTION('',(-1.,0.,0.));
#1043 = CYLINDRICAL_SURFACE('',#1044,5.649999839417);
#1044 = AXIS2_PLACEMENT_3D('',#1045,#1046,#1047);
#1045 = CARTESIAN_POINT('',(94.599999839417,-62.99999983941,1.6));
#1046 = DIRECTION('',(-0.,-0.,-1.));
#1047 = DIRECTION('',(-1.,-6.423313582E-08,0.));
#1048 = ADVANCED_FACE('',(#1049),#1068,.F.);
#1049 = FACE_BOUND('',#1050,.T.);
#1050 = EDGE_LOOP('',(#1051,#1059,#1060,#1061));
#1051 = ORIENTED_EDGE('',*,*,#1052,.F.);
#1052 = EDGE_CURVE('',#253,#1053,#1055,.T.);
#1053 = VERTEX_POINT('',#1054);
#1054 = CARTESIAN_POINT('',(111.48195975033,-51.44131403117,12.6));
#1055 = LINE('',#1056,#1057);
#1056 = CARTESIAN_POINT('',(111.48195975033,-51.44131403117,11.6));
#1057 = VECTOR('',#1058,1.);
#1058 = DIRECTION('',(0.,0.,1.));
#1059 = ORIENTED_EDGE('',*,*,#252,.F.);
#1060 = ORIENTED_EDGE('',*,*,#1029,.T.);
#1061 = ORIENTED_EDGE('',*,*,#1062,.T.);
#1062 = EDGE_CURVE('',#1030,#1053,#1063,.T.);
#1063 = CIRCLE('',#1064,27.071428571429);
#1064 = AXIS2_PLACEMENT_3D('',#1065,#1066,#1067);
#1065 = CARTESIAN_POINT('',(94.599999839417,-30.27857142856,12.6));
#1066 = DIRECTION('',(-0.,0.,1.));
#1067 = DIRECTION('',(0.,-1.,0.));
#1068 = CYLINDRICAL_SURFACE('',#1069,27.071428571429);
#1069 = AXIS2_PLACEMENT_3D('',#1070,#1071,#1072);
#1070 = CARTESIAN_POINT('',(94.599999839417,-30.27857142856,1.6));
#1071 = DIRECTION('',(-0.,-0.,-1.));
#1072 = DIRECTION('',(1.,0.,0.));
#1073 = ADVANCED_FACE('',(#1074),#1093,.T.);
#1074 = FACE_BOUND('',#1075,.F.);
#1075 = EDGE_LOOP('',(#1076,#1077,#1078,#1086));
#1076 = ORIENTED_EDGE('',*,*,#1052,.F.);
#1077 = ORIENTED_EDGE('',*,*,#261,.F.);
#1078 = ORIENTED_EDGE('',*,*,#1079,.T.);
#1079 = EDGE_CURVE('',#262,#1080,#1082,.T.);
#1080 = VERTEX_POINT('',#1081);
#1081 = CARTESIAN_POINT('',(116.60213429081,-50.76835644788,12.6));
#1082 = LINE('',#1083,#1084);
#1083 = CARTESIAN_POINT('',(116.60213429081,-50.76835644788,11.6));
#1084 = VECTOR('',#1085,1.);
#1085 = DIRECTION('',(0.,0.,1.));
#1086 = ORIENTED_EDGE('',*,*,#1087,.F.);
#1087 = EDGE_CURVE('',#1053,#1080,#1088,.T.);
#1088 = CIRCLE('',#1089,5.);
#1089 = AXIS2_PLACEMENT_3D('',#1090,#1091,#1092);
#1090 = CARTESIAN_POINT('',(114.59999983941,-55.34999999999,12.6));
#1091 = DIRECTION('',(0.,0.,-1.));
#1092 = DIRECTION('',(-0.623608017817,0.781737193764,0.));
#1093 = CYLINDRICAL_SURFACE('',#1094,5.);
#1094 = AXIS2_PLACEMENT_3D('',#1095,#1096,#1097);
#1095 = CARTESIAN_POINT('',(114.59999983941,-55.34999999999,1.6));
#1096 = DIRECTION('',(-0.,-0.,-1.));
#1097 = DIRECTION('',(1.,0.,0.));
#1098 = ADVANCED_FACE('',(#1099),#1118,.F.);
#1099 = FACE_BOUND('',#1100,.T.);
#1100 = EDGE_LOOP('',(#1101,#1109,#1110,#1111));
#1101 = ORIENTED_EDGE('',*,*,#1102,.F.);
#1102 = EDGE_CURVE('',#271,#1103,#1105,.T.);
#1103 = VERTEX_POINT('',#1104);
#1104 = CARTESIAN_POINT('',(148.09999999999,-57.34999999999,12.6));
#1105 = LINE('',#1106,#1107);
#1106 = CARTESIAN_POINT('',(148.09999999999,-57.34999999999,11.6));
#1107 = VECTOR('',#1108,1.);
#1108 = DIRECTION('',(0.,0.,1.));
#1109 = ORIENTED_EDGE('',*,*,#270,.F.);
#1110 = ORIENTED_EDGE('',*,*,#1079,.T.);
#1111 = ORIENTED_EDGE('',*,*,#1112,.T.);
#1112 = EDGE_CURVE('',#1080,#1103,#1113,.T.);
#1113 = CIRCLE('',#1114,78.660716061769);
#1114 = AXIS2_PLACEMENT_3D('',#1115,#1116,#1117);
#1115 = CARTESIAN_POINT('',(148.10000021053,21.310716061776,12.6));
#1116 = DIRECTION('',(0.,0.,1.));
#1117 = DIRECTION('',(-0.400426890279,-0.916328710421,0.));
#1118 = CYLINDRICAL_SURFACE('',#1119,78.660716061769);
#1119 = AXIS2_PLACEMENT_3D('',#1120,#1121,#1122);
#1120 = CARTESIAN_POINT('',(148.10000021053,21.310716061776,1.6));
#1121 = DIRECTION('',(-0.,-0.,-1.));
#1122 = DIRECTION('',(1.,0.,0.));
#1123 = ADVANCED_FACE('',(#1124),#1143,.F.);
#1124 = FACE_BOUND('',#1125,.T.);
#1125 = EDGE_LOOP('',(#1126,#1134,#1135,#1136));
#1126 = ORIENTED_EDGE('',*,*,#1127,.F.);
#1127 = EDGE_CURVE('',#280,#1128,#1130,.T.);
#1128 = VERTEX_POINT('',#1129);
#1129 = CARTESIAN_POINT('',(179.59786578949,-50.76835641279,12.6));
#1130 = LINE('',#1131,#1132);
#1131 = CARTESIAN_POINT('',(179.59786578949,-50.76835641279,11.6));
#1132 = VECTOR('',#1133,1.);
#1133 = DIRECTION('',(0.,0.,1.));
#1134 = ORIENTED_EDGE('',*,*,#279,.F.);
#1135 = ORIENTED_EDGE('',*,*,#1102,.T.);
#1136 = ORIENTED_EDGE('',*,*,#1137,.T.);
#1137 = EDGE_CURVE('',#1103,#1128,#1138,.T.);
#1138 = CIRCLE('',#1139,78.660723079883);
#1139 = AXIS2_PLACEMENT_3D('',#1140,#1141,#1142);
#1140 = CARTESIAN_POINT('',(148.09999832299,21.31072307989,12.6));
#1141 = DIRECTION('',(-0.,0.,1.));
#1142 = DIRECTION('',(2.131948542586E-08,-1.,0.));
#1143 = CYLINDRICAL_SURFACE('',#1144,78.660723079883);
#1144 = AXIS2_PLACEMENT_3D('',#1145,#1146,#1147);
#1145 = CARTESIAN_POINT('',(148.09999832299,21.31072307989,1.6));
#1146 = DIRECTION('',(-0.,-0.,-1.));
#1147 = DIRECTION('',(1.,0.,0.));
#1148 = ADVANCED_FACE('',(#1149),#1168,.T.);
#1149 = FACE_BOUND('',#1150,.F.);
#1150 = EDGE_LOOP('',(#1151,#1152,#1153,#1161));
#1151 = ORIENTED_EDGE('',*,*,#1127,.F.);
#1152 = ORIENTED_EDGE('',*,*,#288,.F.);
#1153 = ORIENTED_EDGE('',*,*,#1154,.T.);
#1154 = EDGE_CURVE('',#289,#1155,#1157,.T.);
#1155 = VERTEX_POINT('',#1156);
#1156 = CARTESIAN_POINT('',(184.71804023041,-51.44131401581,12.6));
#1157 = LINE('',#1158,#1159);
#1158 = CARTESIAN_POINT('',(184.71804023041,-51.44131401581,11.6));
#1159 = VECTOR('',#1160,1.);
#1160 = DIRECTION('',(0.,0.,1.));
#1161 = ORIENTED_EDGE('',*,*,#1162,.F.);
#1162 = EDGE_CURVE('',#1128,#1155,#1163,.T.);
#1163 = CIRCLE('',#1164,5.);
#1164 = AXIS2_PLACEMENT_3D('',#1165,#1166,#1167);
#1165 = CARTESIAN_POINT('',(181.60000016058,-55.34999999999,12.6));
#1166 = DIRECTION('',(0.,0.,-1.));
#1167 = DIRECTION('',(-0.400426874217,0.91632871744,0.));
#1168 = CYLINDRICAL_SURFACE('',#1169,5.);
#1169 = AXIS2_PLACEMENT_3D('',#1170,#1171,#1172);
#1170 = CARTESIAN_POINT('',(181.60000016058,-55.34999999999,1.6));
#1171 = DIRECTION('',(-0.,-0.,-1.));
#1172 = DIRECTION('',(1.,0.,0.));
#1173 = ADVANCED_FACE('',(#1174),#1193,.F.);
#1174 = FACE_BOUND('',#1175,.T.);
#1175 = EDGE_LOOP('',(#1176,#1184,#1185,#1186));
#1176 = ORIENTED_EDGE('',*,*,#1177,.F.);
#1177 = EDGE_CURVE('',#298,#1178,#1180,.T.);
#1178 = VERTEX_POINT('',#1179);
#1179 = CARTESIAN_POINT('',(201.60000016058,-57.34999999999,12.6));
#1180 = LINE('',#1181,#1182);
#1181 = CARTESIAN_POINT('',(201.60000016058,-57.34999999999,11.6));
#1182 = VECTOR('',#1183,1.);
#1183 = DIRECTION('',(0.,0.,1.));
#1184 = ORIENTED_EDGE('',*,*,#297,.F.);
#1185 = ORIENTED_EDGE('',*,*,#1154,.T.);
#1186 = ORIENTED_EDGE('',*,*,#1187,.T.);
#1187 = EDGE_CURVE('',#1155,#1178,#1188,.T.);
#1188 = CIRCLE('',#1189,27.071429022792);
#1189 = AXIS2_PLACEMENT_3D('',#1190,#1191,#1192);
#1190 = CARTESIAN_POINT('',(201.60000031855,-30.2785709772,12.6));
#1191 = DIRECTION('',(0.,0.,1.));
#1192 = DIRECTION('',(-0.623608013967,-0.781737196836,0.));
#1193 = CYLINDRICAL_SURFACE('',#1194,27.071429022792);
#1194 = AXIS2_PLACEMENT_3D('',#1195,#1196,#1197);
#1195 = CARTESIAN_POINT('',(201.60000031855,-30.2785709772,1.6));
#1196 = DIRECTION('',(-0.,-0.,-1.));
#1197 = DIRECTION('',(1.,0.,0.));
#1198 = ADVANCED_FACE('',(#1199),#1218,.T.);
#1199 = FACE_BOUND('',#1200,.F.);
#1200 = EDGE_LOOP('',(#1201,#1202,#1203,#1211));
#1201 = ORIENTED_EDGE('',*,*,#1177,.F.);
#1202 = ORIENTED_EDGE('',*,*,#306,.F.);
#1203 = ORIENTED_EDGE('',*,*,#1204,.T.);
#1204 = EDGE_CURVE('',#307,#1205,#1207,.T.);
#1205 = VERTEX_POINT('',#1206);
#1206 = CARTESIAN_POINT('',(207.24999999999,-62.99999983941,12.6));
#1207 = LINE('',#1208,#1209);
#1208 = CARTESIAN_POINT('',(207.24999999999,-62.99999983941,1.6));
#1209 = VECTOR('',#1210,1.);
#1210 = DIRECTION('',(0.,0.,1.));
#1211 = ORIENTED_EDGE('',*,*,#1212,.F.);
#1212 = EDGE_CURVE('',#1178,#1205,#1213,.T.);
#1213 = CIRCLE('',#1214,5.649999839417);
#1214 = AXIS2_PLACEMENT_3D('',#1215,#1216,#1217);
#1215 = CARTESIAN_POINT('',(201.60000016058,-62.99999983941,12.6));
#1216 = DIRECTION('',(0.,0.,-1.));
#1217 = DIRECTION('',(0.,1.,0.));
#1218 = CYLINDRICAL_SURFACE('',#1219,5.649999839417);
#1219 = AXIS2_PLACEMENT_3D('',#1220,#1221,#1222);
#1220 = CARTESIAN_POINT('',(201.60000016058,-62.99999983941,1.6));
#1221 = DIRECTION('',(-0.,-0.,-1.));
#1222 = DIRECTION('',(-6.42331357E-08,1.,0.));
#1223 = ADVANCED_FACE('',(#1224),#1283,.T.);
#1224 = FACE_BOUND('',#1225,.T.);
#1225 = EDGE_LOOP('',(#1226,#1227,#1235,#1241,#1242,#1250,#1259,#1267,
    #1276,#1282));
#1226 = ORIENTED_EDGE('',*,*,#1204,.T.);
#1227 = ORIENTED_EDGE('',*,*,#1228,.T.);
#1228 = EDGE_CURVE('',#1205,#1229,#1231,.T.);
#1229 = VERTEX_POINT('',#1230);
#1230 = CARTESIAN_POINT('',(207.25,-130.0000001605,12.599999999998));
#1231 = LINE('',#1232,#1233);
#1232 = CARTESIAN_POINT('',(207.24999999999,-62.99999983941,12.6));
#1233 = VECTOR('',#1234,1.);
#1234 = DIRECTION('',(1.401256371918E-13,-1.,0.));
#1235 = ORIENTED_EDGE('',*,*,#1236,.F.);
#1236 = EDGE_CURVE('',#511,#1229,#1237,.T.);
#1237 = LINE('',#1238,#1239);
#1238 = CARTESIAN_POINT('',(207.24999999999,-130.0000001605,11.6));
#1239 = VECTOR('',#1240,1.);
#1240 = DIRECTION('',(0.,0.,1.));
#1241 = ORIENTED_EDGE('',*,*,#510,.T.);
#1242 = ORIENTED_EDGE('',*,*,#1243,.F.);
#1243 = EDGE_CURVE('',#1244,#503,#1246,.T.);
#1244 = VERTEX_POINT('',#1245);
#1245 = CARTESIAN_POINT('',(207.24999999999,-107.2500001605,
    5.600015987256));
#1246 = LINE('',#1247,#1248);
#1247 = CARTESIAN_POINT('',(207.24999999999,-107.2500001605,
    5.600015987256));
#1248 = VECTOR('',#1249,1.);
#1249 = DIRECTION('',(2.193245585147E-13,1.626574487188E-26,-1.));
#1250 = ORIENTED_EDGE('',*,*,#1251,.F.);
#1251 = EDGE_CURVE('',#1252,#1244,#1254,.T.);
#1252 = VERTEX_POINT('',#1253);
#1253 = CARTESIAN_POINT('',(207.24999999999,-104.7500001605,
    8.100015987256));
#1254 = CIRCLE('',#1255,2.5);
#1255 = AXIS2_PLACEMENT_3D('',#1256,#1257,#1258);
#1256 = CARTESIAN_POINT('',(207.24999999999,-104.7500001605,
    5.600015987256));
#1257 = DIRECTION('',(1.,7.416289804496E-14,2.193245585147E-13));
#1258 = DIRECTION('',(-7.416289804496E-14,1.,0.));
#1259 = ORIENTED_EDGE('',*,*,#1260,.T.);
#1260 = EDGE_CURVE('',#1252,#1261,#1263,.T.);
#1261 = VERTEX_POINT('',#1262);
#1262 = CARTESIAN_POINT('',(207.24999999999,-97.2500001605,
    8.100015987256));
#1263 = LINE('',#1264,#1265);
#1264 = CARTESIAN_POINT('',(207.24999999999,-104.7500001605,
    8.100015987256));
#1265 = VECTOR('',#1266,1.);
#1266 = DIRECTION('',(-7.416289804496E-14,1.,0.));
#1267 = ORIENTED_EDGE('',*,*,#1268,.F.);
#1268 = EDGE_CURVE('',#1269,#1261,#1271,.T.);
#1269 = VERTEX_POINT('',#1270);
#1270 = CARTESIAN_POINT('',(207.24999999999,-94.75000016055,5.6));
#1271 = CIRCLE('',#1272,2.5);
#1272 = AXIS2_PLACEMENT_3D('',#1273,#1274,#1275);
#1273 = CARTESIAN_POINT('',(207.24999999999,-97.2500001605,
    5.600015987256));
#1274 = DIRECTION('',(1.,7.416289804496E-14,2.193245585147E-13));
#1275 = DIRECTION('',(-7.416289804496E-14,1.,0.));
#1276 = ORIENTED_EDGE('',*,*,#1277,.T.);
#1277 = EDGE_CURVE('',#1269,#316,#1278,.T.);
#1278 = LINE('',#1279,#1280);
#1279 = CARTESIAN_POINT('',(207.24999999999,-94.75000016055,5.6));
#1280 = VECTOR('',#1281,1.);
#1281 = DIRECTION('',(2.193245585147E-13,1.626574487188E-26,-1.));
#1282 = ORIENTED_EDGE('',*,*,#315,.F.);
#1283 = PLANE('',#1284);
#1284 = AXIS2_PLACEMENT_3D('',#1285,#1286,#1287);
#1285 = CARTESIAN_POINT('',(207.24999999999,-96.78703127545,
    7.856541411521));
#1286 = DIRECTION('',(1.,7.6366960567E-14,2.310644561764E-13));
#1287 = DIRECTION('',(-2.310644561764E-13,0.,1.));
#1288 = ADVANCED_FACE('',(#1289),#1307,.T.);
#1289 = FACE_BOUND('',#1290,.T.);
#1290 = EDGE_LOOP('',(#1291,#1292,#1300,#1306));
#1291 = ORIENTED_EDGE('',*,*,#1277,.F.);
#1292 = ORIENTED_EDGE('',*,*,#1293,.T.);
#1293 = EDGE_CURVE('',#1269,#1294,#1296,.T.);
#1294 = VERTEX_POINT('',#1295);
#1295 = CARTESIAN_POINT('',(204.24999999999,-94.75000016055,
    5.599999999999));
#1296 = LINE('',#1297,#1298);
#1297 = CARTESIAN_POINT('',(207.24999999999,-94.75000016055,5.6));
#1298 = VECTOR('',#1299,1.);
#1299 = DIRECTION('',(-1.,-7.410738689373E-14,-2.193245585147E-13));
#1300 = ORIENTED_EDGE('',*,*,#1301,.F.);
#1301 = EDGE_CURVE('',#324,#1294,#1302,.T.);
#1302 = LINE('',#1303,#1304);
#1303 = CARTESIAN_POINT('',(204.24999999999,-94.75000016055,3.6));
#1304 = VECTOR('',#1305,1.);
#1305 = DIRECTION('',(1.689929286097E-42,-1.217495873644E-29,1.));
#1306 = ORIENTED_EDGE('',*,*,#323,.F.);
#1307 = PLANE('',#1308);
#1308 = AXIS2_PLACEMENT_3D('',#1309,#1310,#1311);
#1309 = CARTESIAN_POINT('',(207.24999999999,-94.75000016055,5.6));
#1310 = DIRECTION('',(7.410738689373E-14,-1.,-1.217495873644E-29));
#1311 = DIRECTION('',(2.193245585147E-13,1.626574487188E-26,-1.));
#1312 = ADVANCED_FACE('',(#1313),#1372,.T.);
#1313 = FACE_BOUND('',#1314,.T.);
#1314 = EDGE_LOOP('',(#1315,#1323,#1324,#1325,#1334,#1342,#1351,#1357,
    #1358,#1366));
#1315 = ORIENTED_EDGE('',*,*,#1316,.F.);
#1316 = EDGE_CURVE('',#332,#1317,#1319,.T.);
#1317 = VERTEX_POINT('',#1318);
#1318 = CARTESIAN_POINT('',(204.24999999999,-62.99999983941,10.6));
#1319 = LINE('',#1320,#1321);
#1320 = CARTESIAN_POINT('',(204.24999999999,-62.99999983941,1.6));
#1321 = VECTOR('',#1322,1.);
#1322 = DIRECTION('',(0.,0.,1.));
#1323 = ORIENTED_EDGE('',*,*,#331,.T.);
#1324 = ORIENTED_EDGE('',*,*,#1301,.T.);
#1325 = ORIENTED_EDGE('',*,*,#1326,.T.);
#1326 = EDGE_CURVE('',#1294,#1327,#1329,.T.);
#1327 = VERTEX_POINT('',#1328);
#1328 = CARTESIAN_POINT('',(204.24999999999,-97.2500001605,
    8.100015987255));
#1329 = CIRCLE('',#1330,2.5);
#1330 = AXIS2_PLACEMENT_3D('',#1331,#1332,#1333);
#1331 = CARTESIAN_POINT('',(204.24999999999,-97.2500001605,
    5.600015987255));
#1332 = DIRECTION('',(1.,7.416289804496E-14,2.193245585147E-13));
#1333 = DIRECTION('',(-7.416289804496E-14,1.,0.));
#1334 = ORIENTED_EDGE('',*,*,#1335,.T.);
#1335 = EDGE_CURVE('',#1327,#1336,#1338,.T.);
#1336 = VERTEX_POINT('',#1337);
#1337 = CARTESIAN_POINT('',(204.24999999999,-104.7500001605,
    8.100015987255));
#1338 = LINE('',#1339,#1340);
#1339 = CARTESIAN_POINT('',(204.24999999999,-106.6250001605,
    8.100015987255));
#1340 = VECTOR('',#1341,1.);
#1341 = DIRECTION('',(1.388036972183E-13,-1.,1.417731474072E-26));
#1342 = ORIENTED_EDGE('',*,*,#1343,.T.);
#1343 = EDGE_CURVE('',#1336,#1344,#1346,.T.);
#1344 = VERTEX_POINT('',#1345);
#1345 = CARTESIAN_POINT('',(204.24999999999,-107.2500001605,
    5.600015987255));
#1346 = CIRCLE('',#1347,2.5);
#1347 = AXIS2_PLACEMENT_3D('',#1348,#1349,#1350);
#1348 = CARTESIAN_POINT('',(204.24999999999,-104.7500001605,
    5.600015987255));
#1349 = DIRECTION('',(1.,7.416289804496E-14,2.193245585147E-13));
#1350 = DIRECTION('',(-7.416289804496E-14,1.,0.));
#1351 = ORIENTED_EDGE('',*,*,#1352,.F.);
#1352 = EDGE_CURVE('',#495,#1344,#1353,.T.);
#1353 = LINE('',#1354,#1355);
#1354 = CARTESIAN_POINT('',(204.24999999999,-107.2500001605,
    3.600007993628));
#1355 = VECTOR('',#1356,1.);
#1356 = DIRECTION('',(1.689929286097E-42,-1.217495873644E-29,1.));
#1357 = ORIENTED_EDGE('',*,*,#494,.T.);
#1358 = ORIENTED_EDGE('',*,*,#1359,.T.);
#1359 = EDGE_CURVE('',#486,#1360,#1362,.T.);
#1360 = VERTEX_POINT('',#1361);
#1361 = CARTESIAN_POINT('',(204.24999999999,-130.0000001605,
    10.600000000003));
#1362 = LINE('',#1363,#1364);
#1363 = CARTESIAN_POINT('',(204.24999999999,-130.0000001605,1.6));
#1364 = VECTOR('',#1365,1.);
#1365 = DIRECTION('',(0.,0.,1.));
#1366 = ORIENTED_EDGE('',*,*,#1367,.F.);
#1367 = EDGE_CURVE('',#1317,#1360,#1368,.T.);
#1368 = LINE('',#1369,#1370);
#1369 = CARTESIAN_POINT('',(204.24999999999,-62.99999983941,10.6));
#1370 = VECTOR('',#1371,1.);
#1371 = DIRECTION('',(-9.784522815657E-14,-1.,0.));
#1372 = PLANE('',#1373);
#1373 = AXIS2_PLACEMENT_3D('',#1374,#1375,#1376);
#1374 = CARTESIAN_POINT('',(204.24999999999,-96.79399955066,
    6.928102706749));
#1375 = DIRECTION('',(-1.,1.05979702574E-14,-2.833287469024E-14));
#1376 = DIRECTION('',(2.833287469024E-14,0.,-1.));
#1377 = ADVANCED_FACE('',(#1378),#1390,.F.);
#1378 = FACE_BOUND('',#1379,.T.);
#1379 = EDGE_LOOP('',(#1380,#1381,#1388,#1389));
#1380 = ORIENTED_EDGE('',*,*,#1316,.T.);
#1381 = ORIENTED_EDGE('',*,*,#1382,.F.);
#1382 = EDGE_CURVE('',#839,#1317,#1383,.T.);
#1383 = CIRCLE('',#1384,2.649999839417);
#1384 = AXIS2_PLACEMENT_3D('',#1385,#1386,#1387);
#1385 = CARTESIAN_POINT('',(201.60000016058,-62.99999983941,10.6));
#1386 = DIRECTION('',(0.,0.,-1.));
#1387 = DIRECTION('',(0.,1.,0.));
#1388 = ORIENTED_EDGE('',*,*,#846,.F.);
#1389 = ORIENTED_EDGE('',*,*,#339,.F.);
#1390 = CYLINDRICAL_SURFACE('',#1391,2.649999839417);
#1391 = AXIS2_PLACEMENT_3D('',#1392,#1393,#1394);
#1392 = CARTESIAN_POINT('',(201.60000016058,-62.99999983941,1.6));
#1393 = DIRECTION('',(-0.,-0.,-1.));
#1394 = DIRECTION('',(-6.42331357E-08,1.,0.));
#1395 = ADVANCED_FACE('',(#1396),#1415,.F.);
#1396 = FACE_BOUND('',#1397,.T.);
#1397 = EDGE_LOOP('',(#1398,#1406,#1413,#1414));
#1398 = ORIENTED_EDGE('',*,*,#1399,.T.);
#1399 = EDGE_CURVE('',#357,#1400,#1402,.T.);
#1400 = VERTEX_POINT('',#1401);
#1401 = CARTESIAN_POINT('',(116.59999983941,-55.35,11.6));
#1402 = LINE('',#1403,#1404);
#1403 = CARTESIAN_POINT('',(116.59999983941,-55.35,1.6));
#1404 = VECTOR('',#1405,1.);
#1405 = DIRECTION('',(0.,0.,1.));
#1406 = ORIENTED_EDGE('',*,*,#1407,.T.);
#1407 = EDGE_CURVE('',#1400,#1400,#1408,.T.);
#1408 = CIRCLE('',#1409,2.);
#1409 = AXIS2_PLACEMENT_3D('',#1410,#1411,#1412);
#1410 = CARTESIAN_POINT('',(114.59999983941,-55.35,11.6));
#1411 = DIRECTION('',(0.,0.,1.));
#1412 = DIRECTION('',(1.,0.,0.));
#1413 = ORIENTED_EDGE('',*,*,#1399,.F.);
#1414 = ORIENTED_EDGE('',*,*,#356,.F.);
#1415 = CYLINDRICAL_SURFACE('',#1416,2.);
#1416 = AXIS2_PLACEMENT_3D('',#1417,#1418,#1419);
#1417 = CARTESIAN_POINT('',(114.59999983941,-55.35,1.6));
#1418 = DIRECTION('',(-0.,-0.,-1.));
#1419 = DIRECTION('',(1.,0.,0.));
#1420 = ADVANCED_FACE('',(#1421),#1440,.F.);
#1421 = FACE_BOUND('',#1422,.T.);
#1422 = EDGE_LOOP('',(#1423,#1431,#1438,#1439));
#1423 = ORIENTED_EDGE('',*,*,#1424,.T.);
#1424 = EDGE_CURVE('',#368,#1425,#1427,.T.);
#1425 = VERTEX_POINT('',#1426);
#1426 = CARTESIAN_POINT('',(183.60000016058,-55.35,11.6));
#1427 = LINE('',#1428,#1429);
#1428 = CARTESIAN_POINT('',(183.60000016058,-55.35,1.6));
#1429 = VECTOR('',#1430,1.);
#1430 = DIRECTION('',(0.,0.,1.));
#1431 = ORIENTED_EDGE('',*,*,#1432,.T.);
#1432 = EDGE_CURVE('',#1425,#1425,#1433,.T.);
#1433 = CIRCLE('',#1434,2.);
#1434 = AXIS2_PLACEMENT_3D('',#1435,#1436,#1437);
#1435 = CARTESIAN_POINT('',(181.60000016058,-55.35,11.6));
#1436 = DIRECTION('',(0.,0.,1.));
#1437 = DIRECTION('',(1.,0.,0.));
#1438 = ORIENTED_EDGE('',*,*,#1424,.F.);
#1439 = ORIENTED_EDGE('',*,*,#367,.F.);
#1440 = CYLINDRICAL_SURFACE('',#1441,2.);
#1441 = AXIS2_PLACEMENT_3D('',#1442,#1443,#1444);
#1442 = CARTESIAN_POINT('',(181.60000016058,-55.35,1.6));
#1443 = DIRECTION('',(-0.,-0.,-1.));
#1444 = DIRECTION('',(1.,0.,0.));
#1445 = ADVANCED_FACE('',(#1446),#1464,.F.);
#1446 = FACE_BOUND('',#1447,.F.);
#1447 = EDGE_LOOP('',(#1448,#1456,#1462,#1463));
#1448 = ORIENTED_EDGE('',*,*,#1449,.T.);
#1449 = EDGE_CURVE('',#478,#1450,#1452,.T.);
#1450 = VERTEX_POINT('',#1451);
#1451 = CARTESIAN_POINT('',(201.60000016058,-132.6499999999,10.6));
#1452 = LINE('',#1453,#1454);
#1453 = CARTESIAN_POINT('',(201.60000016058,-132.6499999999,1.6));
#1454 = VECTOR('',#1455,1.);
#1455 = DIRECTION('',(0.,0.,1.));
#1456 = ORIENTED_EDGE('',*,*,#1457,.T.);
#1457 = EDGE_CURVE('',#1450,#386,#1458,.T.);
#1458 = LINE('',#1459,#1460);
#1459 = CARTESIAN_POINT('',(201.60000016058,-132.6499999999,10.6));
#1460 = VECTOR('',#1461,1.);
#1461 = DIRECTION('',(-1.,2.656234518233E-16,0.));
#1462 = ORIENTED_EDGE('',*,*,#394,.F.);
#1463 = ORIENTED_EDGE('',*,*,#477,.F.);
#1464 = PLANE('',#1465);
#1465 = AXIS2_PLACEMENT_3D('',#1466,#1467,#1468);
#1466 = CARTESIAN_POINT('',(201.60000016058,-132.6499999999,1.6));
#1467 = DIRECTION('',(-2.656234518233E-16,-1.,0.));
#1468 = DIRECTION('',(-1.,2.656234518233E-16,0.));
#1469 = ADVANCED_FACE('',(#1470),#1496,.F.);
#1470 = FACE_BOUND('',#1471,.T.);
#1471 = EDGE_LOOP('',(#1472,#1480,#1489,#1495));
#1472 = ORIENTED_EDGE('',*,*,#1473,.T.);
#1473 = EDGE_CURVE('',#442,#1474,#1476,.T.);
#1474 = VERTEX_POINT('',#1475);
#1475 = CARTESIAN_POINT('',(117.00356067027,-141.9229970325,12.6));
#1476 = LINE('',#1477,#1478);
#1477 = CARTESIAN_POINT('',(117.00356067027,-141.9229970325,11.6));
#1478 = VECTOR('',#1479,1.);
#1479 = DIRECTION('',(0.,0.,1.));
#1480 = ORIENTED_EDGE('',*,*,#1481,.T.);
#1481 = EDGE_CURVE('',#1474,#1482,#1484,.T.);
#1482 = VERTEX_POINT('',#1483);
#1483 = CARTESIAN_POINT('',(94.599999839417,-135.6499999999,12.6));
#1484 = CIRCLE('',#1485,43.142857142857);
#1485 = AXIS2_PLACEMENT_3D('',#1486,#1487,#1488);
#1486 = CARTESIAN_POINT('',(94.599999839417,-178.7928571427,12.6));
#1487 = DIRECTION('',(0.,-0.,1.));
#1488 = DIRECTION('',(0.519287833828,0.854599406528,0.));
#1489 = ORIENTED_EDGE('',*,*,#1490,.F.);
#1490 = EDGE_CURVE('',#444,#1482,#1491,.T.);
#1491 = LINE('',#1492,#1493);
#1492 = CARTESIAN_POINT('',(94.599999839417,-135.6499999999,1.6));
#1493 = VECTOR('',#1494,1.);
#1494 = DIRECTION('',(0.,0.,1.));
#1495 = ORIENTED_EDGE('',*,*,#441,.F.);
#1496 = CYLINDRICAL_SURFACE('',#1497,43.142857142857);
#1497 = AXIS2_PLACEMENT_3D('',#1498,#1499,#1500);
#1498 = CARTESIAN_POINT('',(94.599999839417,-178.7928571427,11.6));
#1499 = DIRECTION('',(-0.,-0.,-1.));
#1500 = DIRECTION('',(1.,0.,0.));
#1501 = ADVANCED_FACE('',(#1502),#1514,.T.);
#1502 = FACE_BOUND('',#1503,.F.);
#1503 = EDGE_LOOP('',(#1504,#1505,#1512,#1513));
#1504 = ORIENTED_EDGE('',*,*,#984,.T.);
#1505 = ORIENTED_EDGE('',*,*,#1506,.F.);
#1506 = EDGE_CURVE('',#1482,#985,#1507,.T.);
#1507 = CIRCLE('',#1508,5.649999839417);
#1508 = AXIS2_PLACEMENT_3D('',#1509,#1510,#1511);
#1509 = CARTESIAN_POINT('',(94.599999839417,-130.0000001605,12.6));
#1510 = DIRECTION('',(-0.,-0.,-1.));
#1511 = DIRECTION('',(0.,-1.,0.));
#1512 = ORIENTED_EDGE('',*,*,#1490,.F.);
#1513 = ORIENTED_EDGE('',*,*,#452,.F.);
#1514 = CYLINDRICAL_SURFACE('',#1515,5.649999839417);
#1515 = AXIS2_PLACEMENT_3D('',#1516,#1517,#1518);
#1516 = CARTESIAN_POINT('',(94.599999839417,-130.0000001605,11.6));
#1517 = DIRECTION('',(0.,0.,-1.));
#1518 = DIRECTION('',(6.423313581E-08,-1.,0.));
#1519 = ADVANCED_FACE('',(#1520),#1532,.F.);
#1520 = FACE_BOUND('',#1521,.T.);
#1521 = EDGE_LOOP('',(#1522,#1523,#1530,#1531));
#1522 = ORIENTED_EDGE('',*,*,#1449,.T.);
#1523 = ORIENTED_EDGE('',*,*,#1524,.F.);
#1524 = EDGE_CURVE('',#1360,#1450,#1525,.T.);
#1525 = CIRCLE('',#1526,2.649999839417);
#1526 = AXIS2_PLACEMENT_3D('',#1527,#1528,#1529);
#1527 = CARTESIAN_POINT('',(201.60000016058,-130.0000001605,10.6));
#1528 = DIRECTION('',(0.,0.,-1.));
#1529 = DIRECTION('',(1.,1.072517401988E-14,0.));
#1530 = ORIENTED_EDGE('',*,*,#1359,.F.);
#1531 = ORIENTED_EDGE('',*,*,#485,.F.);
#1532 = CYLINDRICAL_SURFACE('',#1533,2.649999839417);
#1533 = AXIS2_PLACEMENT_3D('',#1534,#1535,#1536);
#1534 = CARTESIAN_POINT('',(201.60000016058,-130.0000001605,1.6));
#1535 = DIRECTION('',(0.,0.,-1.));
#1536 = DIRECTION('',(1.,6.42331357E-08,0.));
#1537 = ADVANCED_FACE('',(#1538),#1549,.F.);
#1538 = FACE_BOUND('',#1539,.F.);
#1539 = EDGE_LOOP('',(#1540,#1541,#1547,#1548));
#1540 = ORIENTED_EDGE('',*,*,#1243,.F.);
#1541 = ORIENTED_EDGE('',*,*,#1542,.T.);
#1542 = EDGE_CURVE('',#1244,#1344,#1543,.T.);
#1543 = LINE('',#1544,#1545);
#1544 = CARTESIAN_POINT('',(207.24999999999,-107.2500001605,
    5.600015987256));
#1545 = VECTOR('',#1546,1.);
#1546 = DIRECTION('',(-1.,-7.410738689373E-14,-2.193245585147E-13));
#1547 = ORIENTED_EDGE('',*,*,#1352,.F.);
#1548 = ORIENTED_EDGE('',*,*,#502,.F.);
#1549 = PLANE('',#1550);
#1550 = AXIS2_PLACEMENT_3D('',#1551,#1552,#1553);
#1551 = CARTESIAN_POINT('',(207.24999999999,-107.2500001605,
    5.600015987256));
#1552 = DIRECTION('',(7.410738689373E-14,-1.,-1.217495873644E-29));
#1553 = DIRECTION('',(2.193245585147E-13,1.626574487188E-26,-1.));
#1554 = ADVANCED_FACE('',(#1555),#1574,.T.);
#1555 = FACE_BOUND('',#1556,.F.);
#1556 = EDGE_LOOP('',(#1557,#1565,#1572,#1573));
#1557 = ORIENTED_EDGE('',*,*,#1558,.T.);
#1558 = EDGE_CURVE('',#519,#1559,#1561,.T.);
#1559 = VERTEX_POINT('',#1560);
#1560 = CARTESIAN_POINT('',(201.60000016058,-135.6499999999,12.6));
#1561 = LINE('',#1562,#1563);
#1562 = CARTESIAN_POINT('',(201.60000016058,-135.6499999999,11.6));
#1563 = VECTOR('',#1564,1.);
#1564 = DIRECTION('',(0.,0.,1.));
#1565 = ORIENTED_EDGE('',*,*,#1566,.F.);
#1566 = EDGE_CURVE('',#1229,#1559,#1567,.T.);
#1567 = CIRCLE('',#1568,5.649999839417);
#1568 = AXIS2_PLACEMENT_3D('',#1569,#1570,#1571);
#1569 = CARTESIAN_POINT('',(201.60000016058,-130.0000001605,12.6));
#1570 = DIRECTION('',(0.,0.,-1.));
#1571 = DIRECTION('',(1.,5.030391192602E-15,0.));
#1572 = ORIENTED_EDGE('',*,*,#1236,.F.);
#1573 = ORIENTED_EDGE('',*,*,#518,.F.);
#1574 = CYLINDRICAL_SURFACE('',#1575,5.649999839417);
#1575 = AXIS2_PLACEMENT_3D('',#1576,#1577,#1578);
#1576 = CARTESIAN_POINT('',(201.60000016058,-130.0000001605,11.6));
#1577 = DIRECTION('',(0.,0.,-1.));
#1578 = DIRECTION('',(1.,6.42331357E-08,0.));
#1579 = ADVANCED_FACE('',(#1580),#1599,.F.);
#1580 = FACE_BOUND('',#1581,.T.);
#1581 = EDGE_LOOP('',(#1582,#1583,#1592,#1598));
#1582 = ORIENTED_EDGE('',*,*,#1558,.T.);
#1583 = ORIENTED_EDGE('',*,*,#1584,.T.);
#1584 = EDGE_CURVE('',#1559,#1585,#1587,.T.);
#1585 = VERTEX_POINT('',#1586);
#1586 = CARTESIAN_POINT('',(179.19643932971,-141.9229970325,12.6));
#1587 = CIRCLE('',#1588,43.142857142857);
#1588 = AXIS2_PLACEMENT_3D('',#1589,#1590,#1591);
#1589 = CARTESIAN_POINT('',(201.60000016058,-178.7928571427,12.6));
#1590 = DIRECTION('',(0.,0.,1.));
#1591 = DIRECTION('',(-6.587813444133E-16,1.,0.));
#1592 = ORIENTED_EDGE('',*,*,#1593,.F.);
#1593 = EDGE_CURVE('',#528,#1585,#1594,.T.);
#1594 = LINE('',#1595,#1596);
#1595 = CARTESIAN_POINT('',(179.19643932972,-141.9229970325,11.6));
#1596 = VECTOR('',#1597,1.);
#1597 = DIRECTION('',(0.,0.,1.));
#1598 = ORIENTED_EDGE('',*,*,#527,.F.);
#1599 = CYLINDRICAL_SURFACE('',#1600,43.142857142857);
#1600 = AXIS2_PLACEMENT_3D('',#1601,#1602,#1603);
#1601 = CARTESIAN_POINT('',(201.60000016058,-178.7928571427,11.6));
#1602 = DIRECTION('',(-0.,-0.,-1.));
#1603 = DIRECTION('',(1.,0.,0.));
#1604 = ADVANCED_FACE('',(#1605),#1624,.T.);
#1605 = FACE_BOUND('',#1606,.F.);
#1606 = EDGE_LOOP('',(#1607,#1615,#1622,#1623));
#1607 = ORIENTED_EDGE('',*,*,#1608,.T.);
#1608 = EDGE_CURVE('',#537,#1609,#1611,.T.);
#1609 = VERTEX_POINT('',#1610);
#1610 = CARTESIAN_POINT('',(174.28359959159,-142.0810595124,12.6));
#1611 = LINE('',#1612,#1613);
#1612 = CARTESIAN_POINT('',(174.28359959159,-142.0810595124,11.6));
#1613 = VECTOR('',#1614,1.);
#1614 = DIRECTION('',(0.,0.,1.));
#1615 = ORIENTED_EDGE('',*,*,#1616,.F.);
#1616 = EDGE_CURVE('',#1585,#1609,#1617,.T.);
#1617 = CIRCLE('',#1618,5.000000290203);
#1618 = AXIS2_PLACEMENT_3D('',#1619,#1620,#1621);
#1619 = CARTESIAN_POINT('',(176.60000014986,-137.6499996668,12.6));
#1620 = DIRECTION('',(0.,-0.,-1.));
#1621 = DIRECTION('',(0.519287805831,-0.85459942354,0.));
#1622 = ORIENTED_EDGE('',*,*,#1593,.F.);
#1623 = ORIENTED_EDGE('',*,*,#536,.F.);
#1624 = CYLINDRICAL_SURFACE('',#1625,5.000000290203);
#1625 = AXIS2_PLACEMENT_3D('',#1626,#1627,#1628);
#1626 = CARTESIAN_POINT('',(176.60000014986,-137.6499996668,11.6));
#1627 = DIRECTION('',(-0.,-0.,-1.));
#1628 = DIRECTION('',(1.,0.,0.));
#1629 = ADVANCED_FACE('',(#1630),#1659,.F.);
#1630 = FACE_BOUND('',#1631,.T.);
#1631 = EDGE_LOOP('',(#1632,#1633,#1642,#1651,#1657,#1658));
#1632 = ORIENTED_EDGE('',*,*,#1608,.T.);
#1633 = ORIENTED_EDGE('',*,*,#1634,.T.);
#1634 = EDGE_CURVE('',#1609,#1635,#1637,.T.);
#1635 = VERTEX_POINT('',#1636);
#1636 = CARTESIAN_POINT('',(148.09999999999,-135.6499999999,12.6));
#1637 = CIRCLE('',#1638,56.517857796653);
#1638 = AXIS2_PLACEMENT_3D('',#1639,#1640,#1641);
#1639 = CARTESIAN_POINT('',(148.09999999999,-192.1678577965,12.6));
#1640 = DIRECTION('',(0.,-0.,1.));
#1641 = DIRECTION('',(0.463280113797,0.886211902516,0.));
#1642 = ORIENTED_EDGE('',*,*,#1643,.T.);
#1643 = EDGE_CURVE('',#1635,#1644,#1646,.T.);
#1644 = VERTEX_POINT('',#1645);
#1645 = CARTESIAN_POINT('',(121.9164004084,-142.0810595124,12.6));
#1646 = CIRCLE('',#1647,56.517857796653);
#1647 = AXIS2_PLACEMENT_3D('',#1648,#1649,#1650);
#1648 = CARTESIAN_POINT('',(148.09999999999,-192.1678577965,12.6));
#1649 = DIRECTION('',(0.,0.,1.));
#1650 = DIRECTION('',(-1.00576032208E-15,1.,0.));
#1651 = ORIENTED_EDGE('',*,*,#1652,.F.);
#1652 = EDGE_CURVE('',#555,#1644,#1653,.T.);
#1653 = LINE('',#1654,#1655);
#1654 = CARTESIAN_POINT('',(121.9164004084,-142.0810595124,11.6));
#1655 = VECTOR('',#1656,1.);
#1656 = DIRECTION('',(0.,0.,1.));
#1657 = ORIENTED_EDGE('',*,*,#554,.F.);
#1658 = ORIENTED_EDGE('',*,*,#545,.F.);
#1659 = CYLINDRICAL_SURFACE('',#1660,56.517857796653);
#1660 = AXIS2_PLACEMENT_3D('',#1661,#1662,#1663);
#1661 = CARTESIAN_POINT('',(148.09999999999,-192.1678577965,11.6));
#1662 = DIRECTION('',(-0.,-0.,-1.));
#1663 = DIRECTION('',(1.,0.,0.));
#1664 = ADVANCED_FACE('',(#1665),#1677,.T.);
#1665 = FACE_BOUND('',#1666,.F.);
#1666 = EDGE_LOOP('',(#1667,#1668,#1675,#1676));
#1667 = ORIENTED_EDGE('',*,*,#1473,.T.);
#1668 = ORIENTED_EDGE('',*,*,#1669,.F.);
#1669 = EDGE_CURVE('',#1644,#1474,#1670,.T.);
#1670 = CIRCLE('',#1671,4.999999497306);
#1671 = AXIS2_PLACEMENT_3D('',#1672,#1673,#1674);
#1672 = CARTESIAN_POINT('',(119.59999982085,-137.6500005768,12.6));
#1673 = DIRECTION('',(0.,-0.,-1.));
#1674 = DIRECTION('',(0.463280164087,-0.886211876226,0.));
#1675 = ORIENTED_EDGE('',*,*,#1652,.F.);
#1676 = ORIENTED_EDGE('',*,*,#563,.F.);
#1677 = CYLINDRICAL_SURFACE('',#1678,4.999999497306);
#1678 = AXIS2_PLACEMENT_3D('',#1679,#1680,#1681);
#1679 = CARTESIAN_POINT('',(119.59999982085,-137.6500005768,11.6));
#1680 = DIRECTION('',(-0.,-0.,-1.));
#1681 = DIRECTION('',(1.,0.,0.));
#1682 = ADVANCED_FACE('',(#1683),#1702,.F.);
#1683 = FACE_BOUND('',#1684,.T.);
#1684 = EDGE_LOOP('',(#1685,#1693,#1700,#1701));
#1685 = ORIENTED_EDGE('',*,*,#1686,.T.);
#1686 = EDGE_CURVE('',#573,#1687,#1689,.T.);
#1687 = VERTEX_POINT('',#1688);
#1688 = CARTESIAN_POINT('',(178.60000016058,-137.65,11.6));
#1689 = LINE('',#1690,#1691);
#1690 = CARTESIAN_POINT('',(178.60000016058,-137.65,1.6));
#1691 = VECTOR('',#1692,1.);
#1692 = DIRECTION('',(0.,0.,1.));
#1693 = ORIENTED_EDGE('',*,*,#1694,.T.);
#1694 = EDGE_CURVE('',#1687,#1687,#1695,.T.);
#1695 = CIRCLE('',#1696,2.);
#1696 = AXIS2_PLACEMENT_3D('',#1697,#1698,#1699);
#1697 = CARTESIAN_POINT('',(176.60000016058,-137.65,11.6));
#1698 = DIRECTION('',(0.,0.,1.));
#1699 = DIRECTION('',(1.,0.,0.));
#1700 = ORIENTED_EDGE('',*,*,#1686,.F.);
#1701 = ORIENTED_EDGE('',*,*,#572,.F.);
#1702 = CYLINDRICAL_SURFACE('',#1703,2.);
#1703 = AXIS2_PLACEMENT_3D('',#1704,#1705,#1706);
#1704 = CARTESIAN_POINT('',(176.60000016058,-137.65,1.6));
#1705 = DIRECTION('',(-0.,-0.,-1.));
#1706 = DIRECTION('',(1.,0.,0.));
#1707 = ADVANCED_FACE('',(#1708),#1727,.F.);
#1708 = FACE_BOUND('',#1709,.T.);
#1709 = EDGE_LOOP('',(#1710,#1718,#1725,#1726));
#1710 = ORIENTED_EDGE('',*,*,#1711,.T.);
#1711 = EDGE_CURVE('',#584,#1712,#1714,.T.);
#1712 = VERTEX_POINT('',#1713);
#1713 = CARTESIAN_POINT('',(121.59999982085,-137.6500005768,11.6));
#1714 = LINE('',#1715,#1716);
#1715 = CARTESIAN_POINT('',(121.59999982085,-137.6500005768,1.6));
#1716 = VECTOR('',#1717,1.);
#1717 = DIRECTION('',(0.,0.,1.));
#1718 = ORIENTED_EDGE('',*,*,#1719,.T.);
#1719 = EDGE_CURVE('',#1712,#1712,#1720,.T.);
#1720 = CIRCLE('',#1721,2.);
#1721 = AXIS2_PLACEMENT_3D('',#1722,#1723,#1724);
#1722 = CARTESIAN_POINT('',(119.59999982085,-137.6500005768,11.6));
#1723 = DIRECTION('',(0.,0.,1.));
#1724 = DIRECTION('',(1.,0.,0.));
#1725 = ORIENTED_EDGE('',*,*,#1711,.F.);
#1726 = ORIENTED_EDGE('',*,*,#583,.F.);
#1727 = CYLINDRICAL_SURFACE('',#1728,2.);
#1728 = AXIS2_PLACEMENT_3D('',#1729,#1730,#1731);
#1729 = CARTESIAN_POINT('',(119.59999982085,-137.6500005768,1.6));
#1730 = DIRECTION('',(-0.,-0.,-1.));
#1731 = DIRECTION('',(1.,0.,0.));
#1732 = ADVANCED_FACE('',(#1733),#1744,.F.);
#1733 = FACE_BOUND('',#1734,.T.);
#1734 = EDGE_LOOP('',(#1735,#1736,#1737,#1743));
#1735 = ORIENTED_EDGE('',*,*,#863,.F.);
#1736 = ORIENTED_EDGE('',*,*,#838,.T.);
#1737 = ORIENTED_EDGE('',*,*,#1738,.T.);
#1738 = EDGE_CURVE('',#839,#922,#1739,.T.);
#1739 = LINE('',#1740,#1741);
#1740 = CARTESIAN_POINT('',(201.60000016058,-60.84999999999,11.1));
#1741 = VECTOR('',#1742,1.);
#1742 = DIRECTION('',(1.408681080198E-16,-0.707106781187,0.707106781187)
  );
#1743 = ORIENTED_EDGE('',*,*,#930,.F.);
#1744 = PLANE('',#1745);
#1745 = AXIS2_PLACEMENT_3D('',#1746,#1747,#1748);
#1746 = CARTESIAN_POINT('',(94.599999839417,-60.84999999999,11.1));
#1747 = DIRECTION('',(-5.045716313948E-16,0.707106781187,0.707106781187)
  );
#1748 = DIRECTION('',(-1.,-4.563948165874E-16,-2.571772277199E-16));
#1749 = ADVANCED_FACE('',(#1750),#1761,.F.);
#1750 = FACE_BOUND('',#1751,.T.);
#1751 = EDGE_LOOP('',(#1752,#1758,#1759,#1760));
#1752 = ORIENTED_EDGE('',*,*,#1753,.F.);
#1753 = EDGE_CURVE('',#1450,#940,#1754,.T.);
#1754 = LINE('',#1755,#1756);
#1755 = CARTESIAN_POINT('',(201.60000016058,-132.6499999999,10.6));
#1756 = VECTOR('',#1757,1.);
#1757 = DIRECTION('',(-1.34677124694E-15,0.707106781187,0.707106781187)
  );
#1758 = ORIENTED_EDGE('',*,*,#1457,.T.);
#1759 = ORIENTED_EDGE('',*,*,#886,.T.);
#1760 = ORIENTED_EDGE('',*,*,#939,.F.);
#1761 = PLANE('',#1762);
#1762 = AXIS2_PLACEMENT_3D('',#1763,#1764,#1765);
#1763 = CARTESIAN_POINT('',(201.60000016058,-132.1499999999,11.1));
#1764 = DIRECTION('',(0.,-0.707106781187,0.707106781187));
#1765 = DIRECTION('',(1.,-1.328117259117E-16,-1.328117259117E-16));
#1766 = ADVANCED_FACE('',(#1767),#1783,.T.);
#1767 = FACE_BOUND('',#1768,.T.);
#1768 = EDGE_LOOP('',(#1769,#1775,#1776,#1782));
#1769 = ORIENTED_EDGE('',*,*,#1770,.F.);
#1770 = EDGE_CURVE('',#1317,#912,#1771,.T.);
#1771 = LINE('',#1772,#1773);
#1772 = CARTESIAN_POINT('',(203.74999999999,-62.99999983941,11.1));
#1773 = VECTOR('',#1774,1.);
#1774 = DIRECTION('',(-0.707106781187,6.918702433625E-14,0.707106781187)
  );
#1775 = ORIENTED_EDGE('',*,*,#1367,.T.);
#1776 = ORIENTED_EDGE('',*,*,#1777,.T.);
#1777 = EDGE_CURVE('',#1360,#914,#1778,.T.);
#1778 = LINE('',#1779,#1780);
#1779 = CARTESIAN_POINT('',(203.74999999999,-130.0000001605,
    11.100000000003));
#1780 = VECTOR('',#1781,1.);
#1781 = DIRECTION('',(-0.707106781187,6.918702433625E-14,0.707106781187)
  );
#1782 = ORIENTED_EDGE('',*,*,#911,.F.);
#1783 = PLANE('',#1784);
#1784 = AXIS2_PLACEMENT_3D('',#1785,#1786,#1787);
#1785 = CARTESIAN_POINT('',(203.74999999999,-62.99999983941,11.1));
#1786 = DIRECTION('',(-0.707106781187,6.026827819438E-15,-0.707106781187
    ));
#1787 = DIRECTION('',(-5.318422489845E-14,-1.,4.466100325812E-14));
#1788 = ADVANCED_FACE('',(#1789),#1795,.F.);
#1789 = FACE_BOUND('',#1790,.T.);
#1790 = EDGE_LOOP('',(#1791,#1792,#1793,#1794));
#1791 = ORIENTED_EDGE('',*,*,#1738,.F.);
#1792 = ORIENTED_EDGE('',*,*,#1382,.T.);
#1793 = ORIENTED_EDGE('',*,*,#1770,.T.);
#1794 = ORIENTED_EDGE('',*,*,#921,.F.);
#1795 = CONICAL_SURFACE('',#1796,2.649999839417,0.785398163397);
#1796 = AXIS2_PLACEMENT_3D('',#1797,#1798,#1799);
#1797 = CARTESIAN_POINT('',(201.60000016058,-62.99999983941,10.6));
#1798 = DIRECTION('',(-0.,-0.,-1.));
#1799 = DIRECTION('',(0.,1.,0.));
#1800 = ADVANCED_FACE('',(#1801),#1807,.F.);
#1801 = FACE_BOUND('',#1802,.T.);
#1802 = EDGE_LOOP('',(#1803,#1804,#1805,#1806));
#1803 = ORIENTED_EDGE('',*,*,#1777,.F.);
#1804 = ORIENTED_EDGE('',*,*,#1524,.T.);
#1805 = ORIENTED_EDGE('',*,*,#1753,.T.);
#1806 = ORIENTED_EDGE('',*,*,#947,.F.);
#1807 = CONICAL_SURFACE('',#1808,2.649999839417,0.785398163397);
#1808 = AXIS2_PLACEMENT_3D('',#1809,#1810,#1811);
#1809 = CARTESIAN_POINT('',(201.60000016058,-130.0000001605,10.6));
#1810 = DIRECTION('',(-0.,-0.,-1.));
#1811 = DIRECTION('',(1.,1.072517401988E-14,0.));
#1812 = ADVANCED_FACE('',(#1813),#1832,.F.);
#1813 = FACE_BOUND('',#1814,.F.);
#1814 = EDGE_LOOP('',(#1815,#1823,#1824,#1825));
#1815 = ORIENTED_EDGE('',*,*,#1816,.F.);
#1816 = EDGE_CURVE('',#957,#1817,#1819,.T.);
#1817 = VERTEX_POINT('',#1818);
#1818 = CARTESIAN_POINT('',(113.617677,-116.,13.6));
#1819 = LINE('',#1820,#1821);
#1820 = CARTESIAN_POINT('',(113.617677,-116.,11.6));
#1821 = VECTOR('',#1822,1.);
#1822 = DIRECTION('',(0.,1.224646799147E-16,1.));
#1823 = ORIENTED_EDGE('',*,*,#956,.F.);
#1824 = ORIENTED_EDGE('',*,*,#1816,.T.);
#1825 = ORIENTED_EDGE('',*,*,#1826,.T.);
#1826 = EDGE_CURVE('',#1817,#1817,#1827,.T.);
#1827 = CIRCLE('',#1828,6.);
#1828 = AXIS2_PLACEMENT_3D('',#1829,#1830,#1831);
#1829 = CARTESIAN_POINT('',(107.617677,-116.,13.6));
#1830 = DIRECTION('',(0.,-1.224646799147E-16,-1.));
#1831 = DIRECTION('',(1.,0.,0.));
#1832 = CYLINDRICAL_SURFACE('',#1833,6.);
#1833 = AXIS2_PLACEMENT_3D('',#1834,#1835,#1836);
#1834 = CARTESIAN_POINT('',(107.617677,-116.,11.6));
#1835 = DIRECTION('',(0.,-1.224646799147E-16,-1.));
#1836 = DIRECTION('',(1.,0.,0.));
#1837 = ADVANCED_FACE('',(#1838),#1857,.F.);
#1838 = FACE_BOUND('',#1839,.T.);
#1839 = EDGE_LOOP('',(#1840,#1848,#1855,#1856));
#1840 = ORIENTED_EDGE('',*,*,#1841,.T.);
#1841 = EDGE_CURVE('',#968,#1842,#1844,.T.);
#1842 = VERTEX_POINT('',#1843);
#1843 = CARTESIAN_POINT('',(197.27,-113.265,13.6));
#1844 = LINE('',#1845,#1846);
#1845 = CARTESIAN_POINT('',(197.27,-113.265,11.6));
#1846 = VECTOR('',#1847,1.);
#1847 = DIRECTION('',(0.,0.,1.));
#1848 = ORIENTED_EDGE('',*,*,#1849,.T.);
#1849 = EDGE_CURVE('',#1842,#1842,#1850,.T.);
#1850 = CIRCLE('',#1851,2.);
#1851 = AXIS2_PLACEMENT_3D('',#1852,#1853,#1854);
#1852 = CARTESIAN_POINT('',(195.27,-113.265,13.6));
#1853 = DIRECTION('',(0.,0.,1.));
#1854 = DIRECTION('',(1.,0.,0.));
#1855 = ORIENTED_EDGE('',*,*,#1841,.F.);
#1856 = ORIENTED_EDGE('',*,*,#967,.F.);
#1857 = CYLINDRICAL_SURFACE('',#1858,2.);
#1858 = AXIS2_PLACEMENT_3D('',#1859,#1860,#1861);
#1859 = CARTESIAN_POINT('',(195.27,-113.265,11.6));
#1860 = DIRECTION('',(-0.,-0.,-1.));
#1861 = DIRECTION('',(1.,0.,0.));
#1862 = ADVANCED_FACE('',(#1863),#1888,.T.);
#1863 = FACE_BOUND('',#1864,.T.);
#1864 = EDGE_LOOP('',(#1865,#1873,#1881,#1887));
#1865 = ORIENTED_EDGE('',*,*,#1866,.F.);
#1866 = EDGE_CURVE('',#1867,#985,#1869,.T.);
#1867 = VERTEX_POINT('',#1868);
#1868 = CARTESIAN_POINT('',(89.95,-130.0000001605,13.6));
#1869 = LINE('',#1870,#1871);
#1870 = CARTESIAN_POINT('',(88.95,-130.0000001605,12.6));
#1871 = VECTOR('',#1872,1.);
#1872 = DIRECTION('',(-0.707106781187,5.847391806617E-16,-0.707106781187
    ));
#1873 = ORIENTED_EDGE('',*,*,#1874,.T.);
#1874 = EDGE_CURVE('',#1867,#1875,#1877,.T.);
#1875 = VERTEX_POINT('',#1876);
#1876 = CARTESIAN_POINT('',(89.95,-62.99999983941,13.6));
#1877 = LINE('',#1878,#1879);
#1878 = CARTESIAN_POINT('',(89.95,-130.0000001605,13.6));
#1879 = VECTOR('',#1880,1.);
#1880 = DIRECTION('',(0.,1.,0.));
#1881 = ORIENTED_EDGE('',*,*,#1882,.T.);
#1882 = EDGE_CURVE('',#1875,#993,#1883,.T.);
#1883 = LINE('',#1884,#1885);
#1884 = CARTESIAN_POINT('',(89.45,-62.99999983941,13.1));
#1885 = VECTOR('',#1886,1.);
#1886 = DIRECTION('',(-0.707106781187,0.,-0.707106781187));
#1887 = ORIENTED_EDGE('',*,*,#992,.F.);
#1888 = PLANE('',#1889);
#1889 = AXIS2_PLACEMENT_3D('',#1890,#1891,#1892);
#1890 = CARTESIAN_POINT('',(89.45,-130.0000001605,13.1));
#1891 = DIRECTION('',(-0.707106781187,0.,0.707106781187));
#1892 = DIRECTION('',(0.,1.,0.));
#1893 = ADVANCED_FACE('',(#1894),#1913,.T.);
#1894 = FACE_BOUND('',#1895,.T.);
#1895 = EDGE_LOOP('',(#1896,#1897,#1906,#1912));
#1896 = ORIENTED_EDGE('',*,*,#1882,.F.);
#1897 = ORIENTED_EDGE('',*,*,#1898,.T.);
#1898 = EDGE_CURVE('',#1875,#1899,#1901,.T.);
#1899 = VERTEX_POINT('',#1900);
#1900 = CARTESIAN_POINT('',(94.599999839417,-58.34999999999,13.6));
#1901 = CIRCLE('',#1902,4.649999839417);
#1902 = AXIS2_PLACEMENT_3D('',#1903,#1904,#1905);
#1903 = CARTESIAN_POINT('',(94.599999839417,-62.99999983941,13.6));
#1904 = DIRECTION('',(0.,0.,-1.));
#1905 = DIRECTION('',(-1.,0.,0.));
#1906 = ORIENTED_EDGE('',*,*,#1907,.T.);
#1907 = EDGE_CURVE('',#1899,#1030,#1908,.T.);
#1908 = LINE('',#1909,#1910);
#1909 = CARTESIAN_POINT('',(94.599999839417,-57.34999999999,12.6));
#1910 = VECTOR('',#1911,1.);
#1911 = DIRECTION('',(-6.713347862853E-16,0.707106781187,-0.707106781187
    ));
#1912 = ORIENTED_EDGE('',*,*,#1037,.F.);
#1913 = CONICAL_SURFACE('',#1914,5.649999839417,0.785398163397);
#1914 = AXIS2_PLACEMENT_3D('',#1915,#1916,#1917);
#1915 = CARTESIAN_POINT('',(94.599999839417,-62.99999983941,12.6));
#1916 = DIRECTION('',(-0.,-0.,-1.));
#1917 = DIRECTION('',(-1.,0.,0.));
#1918 = ADVANCED_FACE('',(#1919),#1938,.F.);
#1919 = FACE_BOUND('',#1920,.T.);
#1920 = EDGE_LOOP('',(#1921,#1922,#1931,#1937));
#1921 = ORIENTED_EDGE('',*,*,#1907,.F.);
#1922 = ORIENTED_EDGE('',*,*,#1923,.T.);
#1923 = EDGE_CURVE('',#1899,#1924,#1926,.T.);
#1924 = VERTEX_POINT('',#1925);
#1925 = CARTESIAN_POINT('',(112.10556776814,-52.22305122493,13.6));
#1926 = CIRCLE('',#1927,28.071428571429);
#1927 = AXIS2_PLACEMENT_3D('',#1928,#1929,#1930);
#1928 = CARTESIAN_POINT('',(94.599999839417,-30.27857142856,13.6));
#1929 = DIRECTION('',(-0.,0.,1.));
#1930 = DIRECTION('',(0.,-1.,0.));
#1931 = ORIENTED_EDGE('',*,*,#1932,.T.);
#1932 = EDGE_CURVE('',#1924,#1053,#1933,.T.);
#1933 = LINE('',#1934,#1935);
#1934 = CARTESIAN_POINT('',(111.48195975033,-51.44131403117,12.6));
#1935 = VECTOR('',#1936,1.);
#1936 = DIRECTION('',(-0.440957458201,0.552771670816,-0.707106781187));
#1937 = ORIENTED_EDGE('',*,*,#1062,.F.);
#1938 = CONICAL_SURFACE('',#1939,27.071428571429,0.785398163397);
#1939 = AXIS2_PLACEMENT_3D('',#1940,#1941,#1942);
#1940 = CARTESIAN_POINT('',(94.599999839417,-30.27857142856,12.6));
#1941 = DIRECTION('',(0.,0.,1.));
#1942 = DIRECTION('',(0.,-1.,0.));
#1943 = ADVANCED_FACE('',(#1944),#1963,.T.);
#1944 = FACE_BOUND('',#1945,.T.);
#1945 = EDGE_LOOP('',(#1946,#1947,#1956,#1962));
#1946 = ORIENTED_EDGE('',*,*,#1932,.F.);
#1947 = ORIENTED_EDGE('',*,*,#1948,.T.);
#1948 = EDGE_CURVE('',#1924,#1949,#1951,.T.);
#1949 = VERTEX_POINT('',#1950);
#1950 = CARTESIAN_POINT('',(116.20170740053,-51.6846851583,13.6));
#1951 = CIRCLE('',#1952,4.);
#1952 = AXIS2_PLACEMENT_3D('',#1953,#1954,#1955);
#1953 = CARTESIAN_POINT('',(114.59999983941,-55.34999999999,13.6));
#1954 = DIRECTION('',(0.,0.,-1.));
#1955 = DIRECTION('',(-0.623608017817,0.781737193764,0.));
#1956 = ORIENTED_EDGE('',*,*,#1957,.T.);
#1957 = EDGE_CURVE('',#1949,#1080,#1958,.T.);
#1958 = LINE('',#1959,#1960);
#1959 = CARTESIAN_POINT('',(116.60213429081,-50.76835644788,12.6));
#1960 = VECTOR('',#1961,1.);
#1961 = DIRECTION('',(0.283144569486,0.647942244935,-0.707106781187));
#1962 = ORIENTED_EDGE('',*,*,#1087,.F.);
#1963 = CONICAL_SURFACE('',#1964,5.,0.785398163397);
#1964 = AXIS2_PLACEMENT_3D('',#1965,#1966,#1967);
#1965 = CARTESIAN_POINT('',(114.59999983941,-55.34999999999,12.6));
#1966 = DIRECTION('',(-0.,-0.,-1.));
#1967 = DIRECTION('',(-0.623608017817,0.781737193764,0.));
#1968 = ADVANCED_FACE('',(#1969),#1988,.F.);
#1969 = FACE_BOUND('',#1970,.T.);
#1970 = EDGE_LOOP('',(#1971,#1972,#1981,#1987));
#1971 = ORIENTED_EDGE('',*,*,#1957,.F.);
#1972 = ORIENTED_EDGE('',*,*,#1973,.T.);
#1973 = EDGE_CURVE('',#1949,#1974,#1976,.T.);
#1974 = VERTEX_POINT('',#1975);
#1975 = CARTESIAN_POINT('',(148.09999999732,-58.34999999999,13.6));
#1976 = CIRCLE('',#1977,79.660716061769);
#1977 = AXIS2_PLACEMENT_3D('',#1978,#1979,#1980);
#1978 = CARTESIAN_POINT('',(148.10000021053,21.310716061776,13.6));
#1979 = DIRECTION('',(0.,0.,1.));
#1980 = DIRECTION('',(-0.400426890279,-0.916328710421,0.));
#1981 = ORIENTED_EDGE('',*,*,#1982,.T.);
#1982 = EDGE_CURVE('',#1974,#1103,#1983,.T.);
#1983 = LINE('',#1984,#1985);
#1984 = CARTESIAN_POINT('',(148.09999999999,-57.34999999999,12.6));
#1985 = VECTOR('',#1986,1.);
#1986 = DIRECTION('',(1.892561329875E-09,0.707106781187,-0.707106781187)
  );
#1987 = ORIENTED_EDGE('',*,*,#1112,.F.);
#1988 = CONICAL_SURFACE('',#1989,78.660716061769,0.785398163397);
#1989 = AXIS2_PLACEMENT_3D('',#1990,#1991,#1992);
#1990 = CARTESIAN_POINT('',(148.10000021053,21.310716061776,12.6));
#1991 = DIRECTION('',(0.,0.,1.));
#1992 = DIRECTION('',(-0.400426890279,-0.916328710421,0.));
#1993 = ADVANCED_FACE('',(#1994),#2013,.F.);
#1994 = FACE_BOUND('',#1995,.T.);
#1995 = EDGE_LOOP('',(#1996,#1997,#2006,#2012));
#1996 = ORIENTED_EDGE('',*,*,#1982,.F.);
#1997 = ORIENTED_EDGE('',*,*,#1998,.T.);
#1998 = EDGE_CURVE('',#1974,#1999,#2001,.T.);
#1999 = VERTEX_POINT('',#2000);
#2000 = CARTESIAN_POINT('',(179.99829266371,-51.68468513023,13.6));
#2001 = CIRCLE('',#2002,79.660723079883);
#2002 = AXIS2_PLACEMENT_3D('',#2003,#2004,#2005);
#2003 = CARTESIAN_POINT('',(148.09999832299,21.31072307989,13.6));
#2004 = DIRECTION('',(-0.,0.,1.));
#2005 = DIRECTION('',(2.131948542586E-08,-1.,0.));
#2006 = ORIENTED_EDGE('',*,*,#2007,.T.);
#2007 = EDGE_CURVE('',#1999,#1128,#2008,.T.);
#2008 = LINE('',#2009,#2010);
#2009 = CARTESIAN_POINT('',(179.59786578949,-50.76835641279,12.6));
#2010 = VECTOR('',#2011,1.);
#2011 = DIRECTION('',(-0.283144558128,0.647942249898,-0.707106781187));
#2012 = ORIENTED_EDGE('',*,*,#1137,.F.);
#2013 = CONICAL_SURFACE('',#2014,78.660723079883,0.785398163397);
#2014 = AXIS2_PLACEMENT_3D('',#2015,#2016,#2017);
#2015 = CARTESIAN_POINT('',(148.09999832299,21.31072307989,12.6));
#2016 = DIRECTION('',(0.,0.,1.));
#2017 = DIRECTION('',(2.131948542586E-08,-1.,0.));
#2018 = ADVANCED_FACE('',(#2019),#2038,.T.);
#2019 = FACE_BOUND('',#2020,.T.);
#2020 = EDGE_LOOP('',(#2021,#2022,#2031,#2037));
#2021 = ORIENTED_EDGE('',*,*,#2007,.F.);
#2022 = ORIENTED_EDGE('',*,*,#2023,.T.);
#2023 = EDGE_CURVE('',#1999,#2024,#2026,.T.);
#2024 = VERTEX_POINT('',#2025);
#2025 = CARTESIAN_POINT('',(184.09443221644,-52.22305121265,13.6));
#2026 = CIRCLE('',#2027,4.);
#2027 = AXIS2_PLACEMENT_3D('',#2028,#2029,#2030);
#2028 = CARTESIAN_POINT('',(181.60000016058,-55.34999999999,13.6));
#2029 = DIRECTION('',(0.,0.,-1.));
#2030 = DIRECTION('',(-0.400426874217,0.91632871744,0.));
#2031 = ORIENTED_EDGE('',*,*,#2032,.T.);
#2032 = EDGE_CURVE('',#2024,#1155,#2033,.T.);
#2033 = LINE('',#2034,#2035);
#2034 = CARTESIAN_POINT('',(184.71804023041,-51.44131401581,12.6));
#2035 = VECTOR('',#2036,1.);
#2036 = DIRECTION('',(0.440957455478,0.552771672988,-0.707106781187));
#2037 = ORIENTED_EDGE('',*,*,#1162,.F.);
#2038 = CONICAL_SURFACE('',#2039,5.,0.785398163397);
#2039 = AXIS2_PLACEMENT_3D('',#2040,#2041,#2042);
#2040 = CARTESIAN_POINT('',(181.60000016058,-55.34999999999,12.6));
#2041 = DIRECTION('',(-0.,-0.,-1.));
#2042 = DIRECTION('',(-0.400426874217,0.91632871744,0.));
#2043 = ADVANCED_FACE('',(#2044),#2063,.F.);
#2044 = FACE_BOUND('',#2045,.T.);
#2045 = EDGE_LOOP('',(#2046,#2047,#2056,#2062));
#2046 = ORIENTED_EDGE('',*,*,#2032,.F.);
#2047 = ORIENTED_EDGE('',*,*,#2048,.T.);
#2048 = EDGE_CURVE('',#2024,#2049,#2051,.T.);
#2049 = VERTEX_POINT('',#2050);
#2050 = CARTESIAN_POINT('',(201.60000015474,-58.34999999999,13.6));
#2051 = CIRCLE('',#2052,28.071429022792);
#2052 = AXIS2_PLACEMENT_3D('',#2053,#2054,#2055);
#2053 = CARTESIAN_POINT('',(201.60000031855,-30.2785709772,13.6));
#2054 = DIRECTION('',(0.,0.,1.));
#2055 = DIRECTION('',(-0.623608013967,-0.781737196836,0.));
#2056 = ORIENTED_EDGE('',*,*,#2057,.T.);
#2057 = EDGE_CURVE('',#2049,#1178,#2058,.T.);
#2058 = LINE('',#2059,#2060);
#2059 = CARTESIAN_POINT('',(201.60000016058,-57.34999999999,12.6));
#2060 = VECTOR('',#2061,1.);
#2061 = DIRECTION('',(4.12636957936E-09,0.707106781187,-0.707106781187)
  );
#2062 = ORIENTED_EDGE('',*,*,#1187,.F.);
#2063 = CONICAL_SURFACE('',#2064,27.071429022792,0.785398163397);
#2064 = AXIS2_PLACEMENT_3D('',#2065,#2066,#2067);
#2065 = CARTESIAN_POINT('',(201.60000031855,-30.2785709772,12.6));
#2066 = DIRECTION('',(0.,0.,1.));
#2067 = DIRECTION('',(-0.623608013967,-0.781737196836,0.));
#2068 = ADVANCED_FACE('',(#2069),#2088,.T.);
#2069 = FACE_BOUND('',#2070,.T.);
#2070 = EDGE_LOOP('',(#2071,#2072,#2081,#2087));
#2071 = ORIENTED_EDGE('',*,*,#2057,.F.);
#2072 = ORIENTED_EDGE('',*,*,#2073,.T.);
#2073 = EDGE_CURVE('',#2049,#2074,#2076,.T.);
#2074 = VERTEX_POINT('',#2075);
#2075 = CARTESIAN_POINT('',(206.24999999999,-62.99999983941,13.6));
#2076 = CIRCLE('',#2077,4.649999839417);
#2077 = AXIS2_PLACEMENT_3D('',#2078,#2079,#2080);
#2078 = CARTESIAN_POINT('',(201.60000016058,-62.99999983941,13.6));
#2079 = DIRECTION('',(0.,0.,-1.));
#2080 = DIRECTION('',(0.,1.,0.));
#2081 = ORIENTED_EDGE('',*,*,#2082,.T.);
#2082 = EDGE_CURVE('',#2074,#1205,#2083,.T.);
#2083 = LINE('',#2084,#2085);
#2084 = CARTESIAN_POINT('',(207.24999999999,-62.99999983941,12.6));
#2085 = VECTOR('',#2086,1.);
#2086 = DIRECTION('',(0.707106781187,-1.840813147609E-15,-0.707106781187
    ));
#2087 = ORIENTED_EDGE('',*,*,#1212,.F.);
#2088 = CONICAL_SURFACE('',#2089,5.649999839417,0.785398163397);
#2089 = AXIS2_PLACEMENT_3D('',#2090,#2091,#2092);
#2090 = CARTESIAN_POINT('',(201.60000016058,-62.99999983941,12.6));
#2091 = DIRECTION('',(-0.,-0.,-1.));
#2092 = DIRECTION('',(0.,1.,0.));
#2093 = ADVANCED_FACE('',(#2094),#2112,.T.);
#2094 = FACE_BOUND('',#2095,.T.);
#2095 = EDGE_LOOP('',(#2096,#2097,#2105,#2111));
#2096 = ORIENTED_EDGE('',*,*,#2082,.F.);
#2097 = ORIENTED_EDGE('',*,*,#2098,.T.);
#2098 = EDGE_CURVE('',#2074,#2099,#2101,.T.);
#2099 = VERTEX_POINT('',#2100);
#2100 = CARTESIAN_POINT('',(206.25,-130.0000001605,13.599999999998));
#2101 = LINE('',#2102,#2103);
#2102 = CARTESIAN_POINT('',(206.24999999999,-62.99999983941,13.6));
#2103 = VECTOR('',#2104,1.);
#2104 = DIRECTION('',(1.401256371918E-13,-1.,0.));
#2105 = ORIENTED_EDGE('',*,*,#2106,.T.);
#2106 = EDGE_CURVE('',#2099,#1229,#2107,.T.);
#2107 = LINE('',#2108,#2109);
#2108 = CARTESIAN_POINT('',(206.75,-130.0000001605,13.099999999998));
#2109 = VECTOR('',#2110,1.);
#2110 = DIRECTION('',(0.707106781187,9.908378827639E-14,-0.707106781186)
  );
#2111 = ORIENTED_EDGE('',*,*,#1228,.F.);
#2112 = PLANE('',#2113);
#2113 = AXIS2_PLACEMENT_3D('',#2114,#2115,#2116);
#2114 = CARTESIAN_POINT('',(206.74999999999,-62.99999983941,13.1));
#2115 = DIRECTION('',(0.707106781186,5.425546625359E-14,0.707106781187)
  );
#2116 = DIRECTION('',(1.084272267002E-13,-1.,-3.169841049152E-14));
#2117 = ADVANCED_FACE('',(#2118),#2129,.F.);
#2118 = FACE_BOUND('',#2119,.F.);
#2119 = EDGE_LOOP('',(#2120,#2121,#2122,#2123));
#2120 = ORIENTED_EDGE('',*,*,#1268,.F.);
#2121 = ORIENTED_EDGE('',*,*,#1293,.T.);
#2122 = ORIENTED_EDGE('',*,*,#1326,.T.);
#2123 = ORIENTED_EDGE('',*,*,#2124,.F.);
#2124 = EDGE_CURVE('',#1261,#1327,#2125,.T.);
#2125 = LINE('',#2126,#2127);
#2126 = CARTESIAN_POINT('',(207.24999999999,-97.2500001605,
    8.100015987256));
#2127 = VECTOR('',#2128,1.);
#2128 = DIRECTION('',(-1.,-7.410738689373E-14,-2.193245585147E-13));
#2129 = CYLINDRICAL_SURFACE('',#2130,2.5);
#2130 = AXIS2_PLACEMENT_3D('',#2131,#2132,#2133);
#2131 = CARTESIAN_POINT('',(207.24999999999,-97.2500001605,
    5.600015987256));
#2132 = DIRECTION('',(1.,7.416289804496E-14,2.193245585147E-13));
#2133 = DIRECTION('',(-7.416289804496E-14,1.,0.));
#2134 = ADVANCED_FACE('',(#2135),#2146,.T.);
#2135 = FACE_BOUND('',#2136,.T.);
#2136 = EDGE_LOOP('',(#2137,#2138,#2144,#2145));
#2137 = ORIENTED_EDGE('',*,*,#1260,.F.);
#2138 = ORIENTED_EDGE('',*,*,#2139,.T.);
#2139 = EDGE_CURVE('',#1252,#1336,#2140,.T.);
#2140 = LINE('',#2141,#2142);
#2141 = CARTESIAN_POINT('',(207.24999999999,-104.7500001605,
    8.100015987256));
#2142 = VECTOR('',#2143,1.);
#2143 = DIRECTION('',(-1.,-7.410738689373E-14,-2.193245585147E-13));
#2144 = ORIENTED_EDGE('',*,*,#1335,.F.);
#2145 = ORIENTED_EDGE('',*,*,#2124,.F.);
#2146 = PLANE('',#2147);
#2147 = AXIS2_PLACEMENT_3D('',#2148,#2149,#2150);
#2148 = CARTESIAN_POINT('',(207.24999999999,-104.7500001605,
    8.100015987256));
#2149 = DIRECTION('',(2.193245585147E-13,1.626574487188E-26,-1.));
#2150 = DIRECTION('',(-7.416289804496E-14,1.,0.));
#2151 = ADVANCED_FACE('',(#2152),#2158,.F.);
#2152 = FACE_BOUND('',#2153,.F.);
#2153 = EDGE_LOOP('',(#2154,#2155,#2156,#2157));
#2154 = ORIENTED_EDGE('',*,*,#1251,.F.);
#2155 = ORIENTED_EDGE('',*,*,#2139,.T.);
#2156 = ORIENTED_EDGE('',*,*,#1343,.T.);
#2157 = ORIENTED_EDGE('',*,*,#1542,.F.);
#2158 = CYLINDRICAL_SURFACE('',#2159,2.5);
#2159 = AXIS2_PLACEMENT_3D('',#2160,#2161,#2162);
#2160 = CARTESIAN_POINT('',(207.24999999999,-104.7500001605,
    5.600015987256));
#2161 = DIRECTION('',(1.,7.416289804496E-14,2.193245585147E-13));
#2162 = DIRECTION('',(-7.416289804496E-14,1.,0.));
#2163 = ADVANCED_FACE('',(#2164,#2175),#2178,.T.);
#2164 = FACE_BOUND('',#2165,.T.);
#2165 = EDGE_LOOP('',(#2166));
#2166 = ORIENTED_EDGE('',*,*,#2167,.T.);
#2167 = EDGE_CURVE('',#2168,#2168,#2170,.T.);
#2168 = VERTEX_POINT('',#2169);
#2169 = CARTESIAN_POINT('',(117.59999983941,-55.35,11.6));
#2170 = CIRCLE('',#2171,3.);
#2171 = AXIS2_PLACEMENT_3D('',#2172,#2173,#2174);
#2172 = CARTESIAN_POINT('',(114.59999983941,-55.35,11.6));
#2173 = DIRECTION('',(0.,0.,1.));
#2174 = DIRECTION('',(1.,0.,0.));
#2175 = FACE_BOUND('',#2176,.T.);
#2176 = EDGE_LOOP('',(#2177));
#2177 = ORIENTED_EDGE('',*,*,#1407,.F.);
#2178 = PLANE('',#2179);
#2179 = AXIS2_PLACEMENT_3D('',#2180,#2181,#2182);
#2180 = CARTESIAN_POINT('',(150.00387326653,-97.02777522707,11.6));
#2181 = DIRECTION('',(0.,0.,1.));
#2182 = DIRECTION('',(1.,0.,0.));
#2183 = ADVANCED_FACE('',(#2184,#2195),#2198,.T.);
#2184 = FACE_BOUND('',#2185,.T.);
#2185 = EDGE_LOOP('',(#2186));
#2186 = ORIENTED_EDGE('',*,*,#2187,.T.);
#2187 = EDGE_CURVE('',#2188,#2188,#2190,.T.);
#2188 = VERTEX_POINT('',#2189);
#2189 = CARTESIAN_POINT('',(184.60000016058,-55.35,11.6));
#2190 = CIRCLE('',#2191,3.);
#2191 = AXIS2_PLACEMENT_3D('',#2192,#2193,#2194);
#2192 = CARTESIAN_POINT('',(181.60000016058,-55.35,11.6));
#2193 = DIRECTION('',(0.,0.,1.));
#2194 = DIRECTION('',(1.,0.,0.));
#2195 = FACE_BOUND('',#2196,.T.);
#2196 = EDGE_LOOP('',(#2197));
#2197 = ORIENTED_EDGE('',*,*,#1432,.F.);
#2198 = PLANE('',#2199);
#2199 = AXIS2_PLACEMENT_3D('',#2200,#2201,#2202);
#2200 = CARTESIAN_POINT('',(150.00387326653,-97.02777522707,11.6));
#2201 = DIRECTION('',(0.,0.,1.));
#2202 = DIRECTION('',(1.,0.,0.));
#2203 = ADVANCED_FACE('',(#2204),#2230,.F.);
#2204 = FACE_BOUND('',#2205,.T.);
#2205 = EDGE_LOOP('',(#2206,#2214,#2223,#2229));
#2206 = ORIENTED_EDGE('',*,*,#2207,.F.);
#2207 = EDGE_CURVE('',#2208,#1474,#2210,.T.);
#2208 = VERTEX_POINT('',#2209);
#2209 = CARTESIAN_POINT('',(117.5228485526,-141.0683976554,13.6));
#2210 = LINE('',#2211,#2212);
#2211 = CARTESIAN_POINT('',(117.00356067027,-141.9229970325,12.6));
#2212 = VECTOR('',#2213,1.);
#2213 = DIRECTION('',(-0.367191982979,-0.604293014717,-0.707106781187));
#2214 = ORIENTED_EDGE('',*,*,#2215,.T.);
#2215 = EDGE_CURVE('',#2208,#2216,#2218,.T.);
#2216 = VERTEX_POINT('',#2217);
#2217 = CARTESIAN_POINT('',(94.599999839417,-134.6499999999,13.6));
#2218 = CIRCLE('',#2219,44.142857142857);
#2219 = AXIS2_PLACEMENT_3D('',#2220,#2221,#2222);
#2220 = CARTESIAN_POINT('',(94.599999839417,-178.7928571427,13.6));
#2221 = DIRECTION('',(0.,-0.,1.));
#2222 = DIRECTION('',(0.519287833828,0.854599406528,0.));
#2223 = ORIENTED_EDGE('',*,*,#2224,.T.);
#2224 = EDGE_CURVE('',#2216,#1482,#2225,.T.);
#2225 = LINE('',#2226,#2227);
#2226 = CARTESIAN_POINT('',(94.599999839417,-135.6499999999,12.6));
#2227 = VECTOR('',#2228,1.);
#2228 = DIRECTION('',(5.551115123126E-17,-0.707106781187,-0.707106781187
    ));
#2229 = ORIENTED_EDGE('',*,*,#1481,.F.);
#2230 = CONICAL_SURFACE('',#2231,43.142857142857,0.785398163397);
#2231 = AXIS2_PLACEMENT_3D('',#2232,#2233,#2234);
#2232 = CARTESIAN_POINT('',(94.599999839417,-178.7928571427,12.6));
#2233 = DIRECTION('',(0.,0.,1.));
#2234 = DIRECTION('',(0.519287833828,0.854599406528,0.));
#2235 = ADVANCED_FACE('',(#2236),#2248,.T.);
#2236 = FACE_BOUND('',#2237,.T.);
#2237 = EDGE_LOOP('',(#2238,#2239,#2246,#2247));
#2238 = ORIENTED_EDGE('',*,*,#2224,.F.);
#2239 = ORIENTED_EDGE('',*,*,#2240,.T.);
#2240 = EDGE_CURVE('',#2216,#1867,#2241,.T.);
#2241 = CIRCLE('',#2242,4.649999839417);
#2242 = AXIS2_PLACEMENT_3D('',#2243,#2244,#2245);
#2243 = CARTESIAN_POINT('',(94.599999839417,-130.0000001605,13.6));
#2244 = DIRECTION('',(-0.,-0.,-1.));
#2245 = DIRECTION('',(0.,-1.,0.));
#2246 = ORIENTED_EDGE('',*,*,#1866,.T.);
#2247 = ORIENTED_EDGE('',*,*,#1506,.F.);
#2248 = CONICAL_SURFACE('',#2249,5.649999839417,0.785398163397);
#2249 = AXIS2_PLACEMENT_3D('',#2250,#2251,#2252);
#2250 = CARTESIAN_POINT('',(94.599999839417,-130.0000001605,12.6));
#2251 = DIRECTION('',(-0.,-0.,-1.));
#2252 = DIRECTION('',(0.,-1.,0.));
#2253 = ADVANCED_FACE('',(#2254),#2273,.T.);
#2254 = FACE_BOUND('',#2255,.T.);
#2255 = EDGE_LOOP('',(#2256,#2257,#2266,#2272));
#2256 = ORIENTED_EDGE('',*,*,#2106,.F.);
#2257 = ORIENTED_EDGE('',*,*,#2258,.T.);
#2258 = EDGE_CURVE('',#2099,#2259,#2261,.T.);
#2259 = VERTEX_POINT('',#2260);
#2260 = CARTESIAN_POINT('',(201.60000016058,-134.6499999999,13.6));
#2261 = CIRCLE('',#2262,4.649999839417);
#2262 = AXIS2_PLACEMENT_3D('',#2263,#2264,#2265);
#2263 = CARTESIAN_POINT('',(201.60000016058,-130.0000001605,13.6));
#2264 = DIRECTION('',(0.,0.,-1.));
#2265 = DIRECTION('',(1.,5.030391192602E-15,0.));
#2266 = ORIENTED_EDGE('',*,*,#2267,.T.);
#2267 = EDGE_CURVE('',#2259,#1559,#2268,.T.);
#2268 = LINE('',#2269,#2270);
#2269 = CARTESIAN_POINT('',(201.60000016058,-135.6499999999,12.6));
#2270 = VECTOR('',#2271,1.);
#2271 = DIRECTION('',(1.716210576701E-15,-0.707106781187,-0.707106781187
    ));
#2272 = ORIENTED_EDGE('',*,*,#1566,.F.);
#2273 = CONICAL_SURFACE('',#2274,5.649999839417,0.785398163397);
#2274 = AXIS2_PLACEMENT_3D('',#2275,#2276,#2277);
#2275 = CARTESIAN_POINT('',(201.60000016058,-130.0000001605,12.6));
#2276 = DIRECTION('',(-0.,-0.,-1.));
#2277 = DIRECTION('',(1.,5.030391192602E-15,0.));
#2278 = ADVANCED_FACE('',(#2279),#2298,.F.);
#2279 = FACE_BOUND('',#2280,.T.);
#2280 = EDGE_LOOP('',(#2281,#2282,#2291,#2297));
#2281 = ORIENTED_EDGE('',*,*,#2267,.F.);
#2282 = ORIENTED_EDGE('',*,*,#2283,.T.);
#2283 = EDGE_CURVE('',#2259,#2284,#2286,.T.);
#2284 = VERTEX_POINT('',#2285);
#2285 = CARTESIAN_POINT('',(178.67715149589,-141.068397626,13.6));
#2286 = CIRCLE('',#2287,44.142857142857);
#2287 = AXIS2_PLACEMENT_3D('',#2288,#2289,#2290);
#2288 = CARTESIAN_POINT('',(201.60000016058,-178.7928571427,13.6));
#2289 = DIRECTION('',(0.,0.,1.));
#2290 = DIRECTION('',(-6.587813444133E-16,1.,0.));
#2291 = ORIENTED_EDGE('',*,*,#2292,.T.);
#2292 = EDGE_CURVE('',#2284,#1585,#2293,.T.);
#2293 = LINE('',#2294,#2295);
#2294 = CARTESIAN_POINT('',(179.19643932971,-141.9229970325,12.6));
#2295 = VECTOR('',#2296,1.);
#2296 = DIRECTION('',(0.367191948687,-0.604293035554,-0.707106781187));
#2297 = ORIENTED_EDGE('',*,*,#1584,.F.);
#2298 = CONICAL_SURFACE('',#2299,43.142857142857,0.785398163397);
#2299 = AXIS2_PLACEMENT_3D('',#2300,#2301,#2302);
#2300 = CARTESIAN_POINT('',(201.60000016058,-178.7928571427,12.6));
#2301 = DIRECTION('',(0.,0.,1.));
#2302 = DIRECTION('',(-6.587813444133E-16,1.,0.));
#2303 = ADVANCED_FACE('',(#2304),#2323,.T.);
#2304 = FACE_BOUND('',#2305,.T.);
#2305 = EDGE_LOOP('',(#2306,#2307,#2316,#2322));
#2306 = ORIENTED_EDGE('',*,*,#2292,.F.);
#2307 = ORIENTED_EDGE('',*,*,#2308,.T.);
#2308 = EDGE_CURVE('',#2284,#2309,#2311,.T.);
#2309 = VERTEX_POINT('',#2310);
#2310 = CARTESIAN_POINT('',(174.74687967636,-141.1948475948,13.6));
#2311 = CIRCLE('',#2312,4.000000290203);
#2312 = AXIS2_PLACEMENT_3D('',#2313,#2314,#2315);
#2313 = CARTESIAN_POINT('',(176.60000014986,-137.6499996668,13.6));
#2314 = DIRECTION('',(0.,-0.,-1.));
#2315 = DIRECTION('',(0.519287805831,-0.85459942354,0.));
#2316 = ORIENTED_EDGE('',*,*,#2317,.T.);
#2317 = EDGE_CURVE('',#2309,#1609,#2318,.T.);
#2318 = LINE('',#2319,#2320);
#2319 = CARTESIAN_POINT('',(174.28359959159,-142.0810595124,12.6));
#2320 = VECTOR('',#2321,1.);
#2321 = DIRECTION('',(-0.327588489526,-0.626646456569,-0.707106781187));
#2322 = ORIENTED_EDGE('',*,*,#1616,.F.);
#2323 = CONICAL_SURFACE('',#2324,5.000000290203,0.785398163397);
#2324 = AXIS2_PLACEMENT_3D('',#2325,#2326,#2327);
#2325 = CARTESIAN_POINT('',(176.60000014986,-137.6499996668,12.6));
#2326 = DIRECTION('',(-0.,-0.,-1.));
#2327 = DIRECTION('',(0.519287805831,-0.85459942354,0.));
#2328 = ADVANCED_FACE('',(#2329),#2348,.F.);
#2329 = FACE_BOUND('',#2330,.T.);
#2330 = EDGE_LOOP('',(#2331,#2332,#2341,#2347));
#2331 = ORIENTED_EDGE('',*,*,#2317,.F.);
#2332 = ORIENTED_EDGE('',*,*,#2333,.T.);
#2333 = EDGE_CURVE('',#2309,#2334,#2336,.T.);
#2334 = VERTEX_POINT('',#2335);
#2335 = CARTESIAN_POINT('',(148.09999999999,-134.6499999999,13.6));
#2336 = CIRCLE('',#2337,57.517857796653);
#2337 = AXIS2_PLACEMENT_3D('',#2338,#2339,#2340);
#2338 = CARTESIAN_POINT('',(148.09999999999,-192.1678577965,13.6));
#2339 = DIRECTION('',(0.,-0.,1.));
#2340 = DIRECTION('',(0.463280113797,0.886211902516,0.));
#2341 = ORIENTED_EDGE('',*,*,#2342,.T.);
#2342 = EDGE_CURVE('',#2334,#1635,#2343,.T.);
#2343 = LINE('',#2344,#2345);
#2344 = CARTESIAN_POINT('',(148.09999999999,-135.6499999999,12.6));
#2345 = VECTOR('',#2346,1.);
#2346 = DIRECTION('',(7.111799439908E-16,-0.707106781187,-0.707106781187
    ));
#2347 = ORIENTED_EDGE('',*,*,#1634,.F.);
#2348 = CONICAL_SURFACE('',#2349,56.517857796653,0.785398163397);
#2349 = AXIS2_PLACEMENT_3D('',#2350,#2351,#2352);
#2350 = CARTESIAN_POINT('',(148.09999999999,-192.1678577965,12.6));
#2351 = DIRECTION('',(0.,0.,1.));
#2352 = DIRECTION('',(0.463280113797,0.886211902516,0.));
#2353 = ADVANCED_FACE('',(#2354),#2373,.F.);
#2354 = FACE_BOUND('',#2355,.T.);
#2355 = EDGE_LOOP('',(#2356,#2357,#2366,#2372));
#2356 = ORIENTED_EDGE('',*,*,#2342,.F.);
#2357 = ORIENTED_EDGE('',*,*,#2358,.T.);
#2358 = EDGE_CURVE('',#2334,#2359,#2361,.T.);
#2359 = VERTEX_POINT('',#2360);
#2360 = CARTESIAN_POINT('',(121.4531202946,-141.1948476099,13.6));
#2361 = CIRCLE('',#2362,57.517857796653);
#2362 = AXIS2_PLACEMENT_3D('',#2363,#2364,#2365);
#2363 = CARTESIAN_POINT('',(148.09999999999,-192.1678577965,13.6));
#2364 = DIRECTION('',(0.,0.,1.));
#2365 = DIRECTION('',(-1.00576032208E-15,1.,0.));
#2366 = ORIENTED_EDGE('',*,*,#2367,.T.);
#2367 = EDGE_CURVE('',#2359,#1644,#2368,.T.);
#2368 = LINE('',#2369,#2370);
#2369 = CARTESIAN_POINT('',(121.9164004084,-142.0810595124,12.6));
#2370 = VECTOR('',#2371,1.);
#2371 = DIRECTION('',(0.327588510055,-0.626646445837,-0.707106781187));
#2372 = ORIENTED_EDGE('',*,*,#1643,.F.);
#2373 = CONICAL_SURFACE('',#2374,56.517857796653,0.785398163397);
#2374 = AXIS2_PLACEMENT_3D('',#2375,#2376,#2377);
#2375 = CARTESIAN_POINT('',(148.09999999999,-192.1678577965,12.6));
#2376 = DIRECTION('',(0.,0.,1.));
#2377 = DIRECTION('',(-1.00576032208E-15,1.,0.));
#2378 = ADVANCED_FACE('',(#2379),#2391,.T.);
#2379 = FACE_BOUND('',#2380,.T.);
#2380 = EDGE_LOOP('',(#2381,#2382,#2389,#2390));
#2381 = ORIENTED_EDGE('',*,*,#2367,.F.);
#2382 = ORIENTED_EDGE('',*,*,#2383,.T.);
#2383 = EDGE_CURVE('',#2359,#2208,#2384,.T.);
#2384 = CIRCLE('',#2385,3.999999497306);
#2385 = AXIS2_PLACEMENT_3D('',#2386,#2387,#2388);
#2386 = CARTESIAN_POINT('',(119.59999982085,-137.6500005768,13.6));
#2387 = DIRECTION('',(0.,-0.,-1.));
#2388 = DIRECTION('',(0.463280164087,-0.886211876226,0.));
#2389 = ORIENTED_EDGE('',*,*,#2207,.T.);
#2390 = ORIENTED_EDGE('',*,*,#1669,.F.);
#2391 = CONICAL_SURFACE('',#2392,4.999999497306,0.785398163397);
#2392 = AXIS2_PLACEMENT_3D('',#2393,#2394,#2395);
#2393 = CARTESIAN_POINT('',(119.59999982085,-137.6500005768,12.6));
#2394 = DIRECTION('',(-0.,-0.,-1.));
#2395 = DIRECTION('',(0.463280164087,-0.886211876226,0.));
#2396 = ADVANCED_FACE('',(#2397,#2408),#2411,.T.);
#2397 = FACE_BOUND('',#2398,.T.);
#2398 = EDGE_LOOP('',(#2399));
#2399 = ORIENTED_EDGE('',*,*,#2400,.T.);
#2400 = EDGE_CURVE('',#2401,#2401,#2403,.T.);
#2401 = VERTEX_POINT('',#2402);
#2402 = CARTESIAN_POINT('',(179.60000016058,-137.65,11.6));
#2403 = CIRCLE('',#2404,3.);
#2404 = AXIS2_PLACEMENT_3D('',#2405,#2406,#2407);
#2405 = CARTESIAN_POINT('',(176.60000016058,-137.65,11.6));
#2406 = DIRECTION('',(0.,0.,1.));
#2407 = DIRECTION('',(1.,0.,0.));
#2408 = FACE_BOUND('',#2409,.T.);
#2409 = EDGE_LOOP('',(#2410));
#2410 = ORIENTED_EDGE('',*,*,#1694,.F.);
#2411 = PLANE('',#2412);
#2412 = AXIS2_PLACEMENT_3D('',#2413,#2414,#2415);
#2413 = CARTESIAN_POINT('',(150.00387326653,-97.02777522707,11.6));
#2414 = DIRECTION('',(0.,0.,1.));
#2415 = DIRECTION('',(1.,0.,0.));
#2416 = ADVANCED_FACE('',(#2417,#2428),#2431,.T.);
#2417 = FACE_BOUND('',#2418,.T.);
#2418 = EDGE_LOOP('',(#2419));
#2419 = ORIENTED_EDGE('',*,*,#2420,.T.);
#2420 = EDGE_CURVE('',#2421,#2421,#2423,.T.);
#2421 = VERTEX_POINT('',#2422);
#2422 = CARTESIAN_POINT('',(122.59999982085,-137.6500005768,11.6));
#2423 = CIRCLE('',#2424,3.);
#2424 = AXIS2_PLACEMENT_3D('',#2425,#2426,#2427);
#2425 = CARTESIAN_POINT('',(119.59999982085,-137.6500005768,11.6));
#2426 = DIRECTION('',(0.,0.,1.));
#2427 = DIRECTION('',(1.,0.,0.));
#2428 = FACE_BOUND('',#2429,.T.);
#2429 = EDGE_LOOP('',(#2430));
#2430 = ORIENTED_EDGE('',*,*,#1719,.F.);
#2431 = PLANE('',#2432);
#2432 = AXIS2_PLACEMENT_3D('',#2433,#2434,#2435);
#2433 = CARTESIAN_POINT('',(150.00387326653,-97.02777522707,11.6));
#2434 = DIRECTION('',(0.,0.,1.));
#2435 = DIRECTION('',(1.,0.,0.));
#2436 = ADVANCED_FACE('',(#2437,#2457,#2468,#2471,#2601,#2827,#2933,
    #3055,#3113,#3179,#3245,#3391,#3402,#3508,#3630,#3664,#3770,#3773,
    #3895,#4009,#4020),#4031,.T.);
#2437 = FACE_BOUND('',#2438,.T.);
#2438 = EDGE_LOOP('',(#2439,#2440,#2441,#2442,#2443,#2444,#2445,#2446,
    #2447,#2448,#2449,#2450,#2451,#2452,#2453,#2454,#2455,#2456));
#2439 = ORIENTED_EDGE('',*,*,#2358,.F.);
#2440 = ORIENTED_EDGE('',*,*,#2333,.F.);
#2441 = ORIENTED_EDGE('',*,*,#2308,.F.);
#2442 = ORIENTED_EDGE('',*,*,#2283,.F.);
#2443 = ORIENTED_EDGE('',*,*,#2258,.F.);
#2444 = ORIENTED_EDGE('',*,*,#2098,.F.);
#2445 = ORIENTED_EDGE('',*,*,#2073,.F.);
#2446 = ORIENTED_EDGE('',*,*,#2048,.F.);
#2447 = ORIENTED_EDGE('',*,*,#2023,.F.);
#2448 = ORIENTED_EDGE('',*,*,#1998,.F.);
#2449 = ORIENTED_EDGE('',*,*,#1973,.F.);
#2450 = ORIENTED_EDGE('',*,*,#1948,.F.);
#2451 = ORIENTED_EDGE('',*,*,#1923,.F.);
#2452 = ORIENTED_EDGE('',*,*,#1898,.F.);
#2453 = ORIENTED_EDGE('',*,*,#1874,.F.);
#2454 = ORIENTED_EDGE('',*,*,#2240,.F.);
#2455 = ORIENTED_EDGE('',*,*,#2215,.F.);
#2456 = ORIENTED_EDGE('',*,*,#2383,.F.);
#2457 = FACE_BOUND('',#2458,.T.);
#2458 = EDGE_LOOP('',(#2459));
#2459 = ORIENTED_EDGE('',*,*,#2460,.F.);
#2460 = EDGE_CURVE('',#2461,#2461,#2463,.T.);
#2461 = VERTEX_POINT('',#2462);
#2462 = CARTESIAN_POINT('',(122.59999982085,-137.6500005768,13.6));
#2463 = CIRCLE('',#2464,3.);
#2464 = AXIS2_PLACEMENT_3D('',#2465,#2466,#2467);
#2465 = CARTESIAN_POINT('',(119.59999982085,-137.6500005768,13.6));
#2466 = DIRECTION('',(0.,0.,1.));
#2467 = DIRECTION('',(1.,0.,0.));
#2468 = FACE_BOUND('',#2469,.T.);
#2469 = EDGE_LOOP('',(#2470));
#2470 = ORIENTED_EDGE('',*,*,#1826,.T.);
#2471 = FACE_BOUND('',#2472,.T.);
#2472 = EDGE_LOOP('',(#2473,#2483,#2491,#2499,#2507,#2515,#2523,#2531,
    #2539,#2547,#2555,#2563,#2571,#2579,#2587,#2595));
#2473 = ORIENTED_EDGE('',*,*,#2474,.T.);
#2474 = EDGE_CURVE('',#2475,#2477,#2479,.T.);
#2475 = VERTEX_POINT('',#2476);
#2476 = CARTESIAN_POINT('',(124.27856113169,-115.6482116167,13.6));
#2477 = VERTEX_POINT('',#2478);
#2478 = CARTESIAN_POINT('',(123.38681537378,-116.2541594725,13.6));
#2479 = B_SPLINE_CURVE_WITH_KNOTS('',2,(#2480,#2481,#2482),
  .UNSPECIFIED.,.F.,.F.,(3,3),(0.,1.),.PIECEWISE_BEZIER_KNOTS.);
#2480 = CARTESIAN_POINT('',(124.27856113169,-115.6482116167,13.6));
#2481 = CARTESIAN_POINT('',(123.97245450136,-116.0843768802,13.6));
#2482 = CARTESIAN_POINT('',(123.38681537378,-116.2541594725,13.6));
#2483 = ORIENTED_EDGE('',*,*,#2484,.T.);
#2484 = EDGE_CURVE('',#2477,#2485,#2487,.T.);
#2485 = VERTEX_POINT('',#2486);
#2486 = CARTESIAN_POINT('',(123.98040421022,-116.6940513141,13.6));
#2487 = B_SPLINE_CURVE_WITH_KNOTS('',2,(#2488,#2489,#2490),
  .UNSPECIFIED.,.F.,.F.,(3,3),(0.,1.),.PIECEWISE_BEZIER_KNOTS.);
#2488 = CARTESIAN_POINT('',(123.38681537378,-116.2541594725,13.6));
#2489 = CARTESIAN_POINT('',(123.69168418281,-116.356747228,13.6));
#2490 = CARTESIAN_POINT('',(123.98040421022,-116.6940513141,13.6));
#2491 = ORIENTED_EDGE('',*,*,#2492,.T.);
#2492 = EDGE_CURVE('',#2485,#2493,#2495,.T.);
#2493 = VERTEX_POINT('',#2494);
#2494 = CARTESIAN_POINT('',(124.56110350468,-117.622091635,13.6));
#2495 = B_SPLINE_CURVE_WITH_KNOTS('',2,(#2496,#2497,#2498),
  .UNSPECIFIED.,.F.,.F.,(3,3),(0.,1.),.PIECEWISE_BEZIER_KNOTS.);
#2496 = CARTESIAN_POINT('',(123.98040421022,-116.6940513141,13.6));
#2497 = CARTESIAN_POINT('',(124.26943673715,-117.0313548495,13.6));
#2498 = CARTESIAN_POINT('',(124.56110350468,-117.622091635,13.6));
#2499 = ORIENTED_EDGE('',*,*,#2500,.T.);
#2500 = EDGE_CURVE('',#2493,#2501,#2503,.T.);
#2501 = VERTEX_POINT('',#2502);
#2502 = CARTESIAN_POINT('',(125.52541350313,-119.5344572799,13.6));
#2503 = LINE('',#2504,#2505);
#2504 = CARTESIAN_POINT('',(124.56110350468,-117.622091635,13.6));
#2505 = VECTOR('',#2506,1.);
#2506 = DIRECTION('',(0.450246752636,-0.892904172765,0.));
#2507 = ORIENTED_EDGE('',*,*,#2508,.T.);
#2508 = EDGE_CURVE('',#2501,#2509,#2511,.T.);
#2509 = VERTEX_POINT('',#2510);
#2510 = CARTESIAN_POINT('',(124.50822758346,-119.5362503153,13.6));
#2511 = LINE('',#2512,#2513);
#2512 = CARTESIAN_POINT('',(125.52541350313,-119.5344572799,13.6));
#2513 = VECTOR('',#2514,1.);
#2514 = DIRECTION('',(-0.999998446376,-1.762738357939E-03,0.));
#2515 = ORIENTED_EDGE('',*,*,#2516,.T.);
#2516 = EDGE_CURVE('',#2509,#2517,#2519,.T.);
#2517 = VERTEX_POINT('',#2518);
#2518 = CARTESIAN_POINT('',(123.60974960481,-117.7412688082,13.6));
#2519 = LINE('',#2520,#2521);
#2520 = CARTESIAN_POINT('',(124.50822758346,-119.5362503153,13.6));
#2521 = VECTOR('',#2522,1.);
#2522 = DIRECTION('',(-0.44760700772,0.894230376715,0.));
#2523 = ORIENTED_EDGE('',*,*,#2524,.T.);
#2524 = EDGE_CURVE('',#2517,#2525,#2527,.T.);
#2525 = VERTEX_POINT('',#2526);
#2526 = CARTESIAN_POINT('',(122.93529274402,-116.8090187508,13.6));
#2527 = B_SPLINE_CURVE_WITH_KNOTS('',2,(#2528,#2529,#2530),
  .UNSPECIFIED.,.F.,.F.,(3,3),(0.,1.),.PIECEWISE_BEZIER_KNOTS.);
#2528 = CARTESIAN_POINT('',(123.60974960481,-117.7412688082,13.6));
#2529 = CARTESIAN_POINT('',(123.2616346166,-117.0381313514,13.6));
#2530 = CARTESIAN_POINT('',(122.93529274402,-116.8090187508,13.6));
#2531 = ORIENTED_EDGE('',*,*,#2532,.T.);
#2532 = EDGE_CURVE('',#2525,#2533,#2535,.T.);
#2533 = VERTEX_POINT('',#2534);
#2534 = CARTESIAN_POINT('',(122.04676369401,-116.5805846402,13.6));
#2535 = B_SPLINE_CURVE_WITH_KNOTS('',2,(#2536,#2537,#2538),
  .UNSPECIFIED.,.F.,.F.,(3,3),(0.,1.),.PIECEWISE_BEZIER_KNOTS.);
#2536 = CARTESIAN_POINT('',(122.93529274402,-116.8090187508,13.6));
#2537 = CARTESIAN_POINT('',(122.6092628201,-116.5795930998,13.6));
#2538 = CARTESIAN_POINT('',(122.04676369401,-116.5805846402,13.6));
#2539 = ORIENTED_EDGE('',*,*,#2540,.T.);
#2540 = EDGE_CURVE('',#2533,#2541,#2543,.T.);
#2541 = VERTEX_POINT('',#2542);
#2542 = CARTESIAN_POINT('',(121.01551529619,-116.5824024641,13.6));
#2543 = LINE('',#2544,#2545);
#2544 = CARTESIAN_POINT('',(122.04676369401,-116.5805846402,13.6));
#2545 = VECTOR('',#2546,1.);
#2546 = DIRECTION('',(-0.999998446376,-1.762738357939E-03,0.));
#2547 = ORIENTED_EDGE('',*,*,#2548,.T.);
#2548 = EDGE_CURVE('',#2541,#2549,#2551,.T.);
#2549 = VERTEX_POINT('',#2550);
#2550 = CARTESIAN_POINT('',(121.02073300172,-119.5423978654,13.6));
#2551 = LINE('',#2552,#2553);
#2552 = CARTESIAN_POINT('',(121.01551529619,-116.5824024641,13.6));
#2553 = VECTOR('',#2554,1.);
#2554 = DIRECTION('',(1.762738357939E-03,-0.999998446376,0.));
#2555 = ORIENTED_EDGE('',*,*,#2556,.T.);
#2556 = EDGE_CURVE('',#2549,#2557,#2559,.T.);
#2557 = VERTEX_POINT('',#2558);
#2558 = CARTESIAN_POINT('',(120.07385947281,-119.5440669583,13.6));
#2559 = LINE('',#2560,#2561);
#2560 = CARTESIAN_POINT('',(121.02073300172,-119.5423978654,13.6));
#2561 = VECTOR('',#2562,1.);
#2562 = DIRECTION('',(-0.999998446376,-1.762738357939E-03,0.));
#2563 = ORIENTED_EDGE('',*,*,#2564,.T.);
#2564 = EDGE_CURVE('',#2557,#2565,#2567,.T.);
#2565 = VERTEX_POINT('',#2566);
#2566 = CARTESIAN_POINT('',(120.06152030431,-112.5440778336,13.6));
#2567 = LINE('',#2568,#2569);
#2568 = CARTESIAN_POINT('',(120.07385947281,-119.5440669583,13.6));
#2569 = VECTOR('',#2570,1.);
#2570 = DIRECTION('',(-1.762738357939E-03,0.999998446376,0.));
#2571 = ORIENTED_EDGE('',*,*,#2572,.T.);
#2572 = EDGE_CURVE('',#2565,#2573,#2575,.T.);
#2573 = VERTEX_POINT('',#2574);
#2574 = CARTESIAN_POINT('',(122.19901698343,-112.5403099804,13.6));
#2575 = LINE('',#2576,#2577);
#2576 = CARTESIAN_POINT('',(120.06152030431,-112.5440778336,13.6));
#2577 = VECTOR('',#2578,1.);
#2578 = DIRECTION('',(0.999998446376,1.762738357939E-03,0.));
#2579 = ORIENTED_EDGE('',*,*,#2580,.T.);
#2580 = EDGE_CURVE('',#2573,#2581,#2583,.T.);
#2581 = VERTEX_POINT('',#2582);
#2582 = CARTESIAN_POINT('',(123.99052332493,-113.0387152978,13.6));
#2583 = B_SPLINE_CURVE_WITH_KNOTS('',2,(#2584,#2585,#2586),
  .UNSPECIFIED.,.F.,.F.,(3,3),(0.,1.),.PIECEWISE_BEZIER_KNOTS.);
#2584 = CARTESIAN_POINT('',(122.19901698343,-112.5403099804,13.6));
#2585 = CARTESIAN_POINT('',(123.39901511909,-112.5381946944,13.6));
#2586 = CARTESIAN_POINT('',(123.99052332493,-113.0387152978,13.6));
#2587 = ORIENTED_EDGE('',*,*,#2588,.T.);
#2588 = EDGE_CURVE('',#2581,#2589,#2591,.T.);
#2589 = VERTEX_POINT('',#2590);
#2590 = CARTESIAN_POINT('',(124.58381520166,-114.5511093291,13.6));
#2591 = B_SPLINE_CURVE_WITH_KNOTS('',2,(#2592,#2593,#2594),
  .UNSPECIFIED.,.F.,.F.,(3,3),(0.,1.),.PIECEWISE_BEZIER_KNOTS.);
#2592 = CARTESIAN_POINT('',(123.99052332493,-113.0387152978,13.6));
#2593 = CARTESIAN_POINT('',(124.58203097993,-113.5389234017,13.6));
#2594 = CARTESIAN_POINT('',(124.58381520166,-114.5511093291,13.6));
#2595 = ORIENTED_EDGE('',*,*,#2596,.T.);
#2596 = EDGE_CURVE('',#2589,#2475,#2597,.T.);
#2597 = B_SPLINE_CURVE_WITH_KNOTS('',2,(#2598,#2599,#2600),
  .UNSPECIFIED.,.F.,.F.,(3,3),(0.,1.),.PIECEWISE_BEZIER_KNOTS.);
#2598 = CARTESIAN_POINT('',(124.58381520166,-114.5511093291,13.6));
#2599 = CARTESIAN_POINT('',(124.58497971069,-115.2117333028,13.6));
#2600 = CARTESIAN_POINT('',(124.27856113169,-115.6482116167,13.6));
#2601 = FACE_BOUND('',#2602,.T.);
#2602 = EDGE_LOOP('',(#2603,#2613,#2621,#2629,#2637,#2645,#2653,#2661,
    #2669,#2677,#2685,#2693,#2701,#2709,#2717,#2725,#2733,#2741,#2749,
    #2757,#2765,#2773,#2781,#2789,#2797,#2805,#2813,#2821));
#2603 = ORIENTED_EDGE('',*,*,#2604,.T.);
#2604 = EDGE_CURVE('',#2605,#2607,#2609,.T.);
#2605 = VERTEX_POINT('',#2606);
#2606 = CARTESIAN_POINT('',(112.97696029077,-94.49253267175,13.6));
#2607 = VERTEX_POINT('',#2608);
#2608 = CARTESIAN_POINT('',(114.47094145553,-94.87561405473,13.6));
#2609 = B_SPLINE_CURVE_WITH_KNOTS('',2,(#2610,#2611,#2612),
  .UNSPECIFIED.,.F.,.F.,(3,3),(0.,1.),.PIECEWISE_BEZIER_KNOTS.);
#2610 = CARTESIAN_POINT('',(112.97696029077,-94.49253267175,13.6));
#2611 = CARTESIAN_POINT('',(113.70709650883,-94.61981725896,13.6));
#2612 = CARTESIAN_POINT('',(114.47094145553,-94.87561405473,13.6));
#2613 = ORIENTED_EDGE('',*,*,#2614,.T.);
#2614 = EDGE_CURVE('',#2607,#2615,#2617,.T.);
#2615 = VERTEX_POINT('',#2616);
#2616 = CARTESIAN_POINT('',(114.47325819737,-96.18989772711,13.6));
#2617 = LINE('',#2618,#2619);
#2618 = CARTESIAN_POINT('',(114.47094145553,-94.87561405473,13.6));
#2619 = VECTOR('',#2620,1.);
#2620 = DIRECTION('',(1.762738357939E-03,-0.999998446376,0.));
#2621 = ORIENTED_EDGE('',*,*,#2622,.T.);
#2622 = EDGE_CURVE('',#2615,#2623,#2625,.T.);
#2623 = VERTEX_POINT('',#2624);
#2624 = CARTESIAN_POINT('',(113.01915021015,-95.63353150322,13.6));
#2625 = B_SPLINE_CURVE_WITH_KNOTS('',2,(#2626,#2627,#2628),
  .UNSPECIFIED.,.F.,.F.,(3,3),(0.,1.),.PIECEWISE_BEZIER_KNOTS.);
#2626 = CARTESIAN_POINT('',(114.47325819737,-96.18989772711,13.6));
#2627 = CARTESIAN_POINT('',(113.7025090812,-95.81625577564,13.6));
#2628 = CARTESIAN_POINT('',(113.01915021015,-95.63353150322,13.6));
#2629 = ORIENTED_EDGE('',*,*,#2630,.T.);
#2630 = EDGE_CURVE('',#2623,#2631,#2633,.T.);
#2631 = VERTEX_POINT('',#2632);
#2632 = CARTESIAN_POINT('',(111.69963161317,-95.45192861569,13.6));
#2633 = B_SPLINE_CURVE_WITH_KNOTS('',2,(#2634,#2635,#2636),
  .UNSPECIFIED.,.F.,.F.,(3,3),(0.,1.),.PIECEWISE_BEZIER_KNOTS.);
#2634 = CARTESIAN_POINT('',(113.01915021015,-95.63353150322,13.6));
#2635 = CARTESIAN_POINT('',(112.3357913391,-95.4508072308,13.6));
#2636 = CARTESIAN_POINT('',(111.69963161317,-95.45192861569,13.6));
#2637 = ORIENTED_EDGE('',*,*,#2638,.T.);
#2638 = EDGE_CURVE('',#2631,#2639,#2641,.T.);
#2639 = VERTEX_POINT('',#2640);
#2640 = CARTESIAN_POINT('',(109.99592858259,-95.88528961451,13.6));
#2641 = B_SPLINE_CURVE_WITH_KNOTS('',2,(#2642,#2643,#2644),
  .UNSPECIFIED.,.F.,.F.,(3,3),(0.,1.),.PIECEWISE_BEZIER_KNOTS.);
#2642 = CARTESIAN_POINT('',(111.69963161317,-95.45192861569,13.6));
#2643 = CARTESIAN_POINT('',(110.5947226155,-95.45387628419,13.6));
#2644 = CARTESIAN_POINT('',(109.99592858259,-95.88528961451,13.6));
#2645 = ORIENTED_EDGE('',*,*,#2646,.T.);
#2646 = EDGE_CURVE('',#2639,#2647,#2649,.T.);
#2647 = VERTEX_POINT('',#2648);
#2648 = CARTESIAN_POINT('',(109.39897857726,-97.10955806895,13.6));
#2649 = B_SPLINE_CURVE_WITH_KNOTS('',2,(#2650,#2651,#2652),
  .UNSPECIFIED.,.F.,.F.,(3,3),(0.,1.),.PIECEWISE_BEZIER_KNOTS.);
#2650 = CARTESIAN_POINT('',(109.99592858259,-95.88528961451,13.6));
#2651 = CARTESIAN_POINT('',(109.39758097757,-96.3167021579,13.6));
#2652 = CARTESIAN_POINT('',(109.39897857726,-97.10955806895,13.6));
#2653 = ORIENTED_EDGE('',*,*,#2654,.T.);
#2654 = EDGE_CURVE('',#2647,#2655,#2657,.T.);
#2655 = VERTEX_POINT('',#2656);
#2656 = CARTESIAN_POINT('',(109.7989644259,-98.11421170227,13.6));
#2657 = B_SPLINE_CURVE_WITH_KNOTS('',2,(#2658,#2659,#2660),
  .UNSPECIFIED.,.F.,.F.,(3,3),(0.,1.),.PIECEWISE_BEZIER_KNOTS.);
#2658 = CARTESIAN_POINT('',(109.39897857726,-97.10955806895,13.6));
#2659 = CARTESIAN_POINT('',(109.40015189998,-97.77518203482,13.6));
#2660 = CARTESIAN_POINT('',(109.7989644259,-98.11421170227,13.6));
#2661 = ORIENTED_EDGE('',*,*,#2662,.T.);
#2662 = EDGE_CURVE('',#2655,#2663,#2665,.T.);
#2663 = VERTEX_POINT('',#2664);
#2664 = CARTESIAN_POINT('',(111.31019550807,-98.6593165013,13.6));
#2665 = B_SPLINE_CURVE_WITH_KNOTS('',2,(#2666,#2667,#2668),
  .UNSPECIFIED.,.F.,.F.,(3,3),(0.,1.),.PIECEWISE_BEZIER_KNOTS.);
#2666 = CARTESIAN_POINT('',(109.7989644259,-98.11421170227,13.6));
#2667 = CARTESIAN_POINT('',(110.19822259276,-98.4527941549,13.6));
#2668 = CARTESIAN_POINT('',(111.31019550807,-98.6593165013,13.6));
#2669 = ORIENTED_EDGE('',*,*,#2670,.T.);
#2670 = EDGE_CURVE('',#2663,#2671,#2673,.T.);
#2671 = VERTEX_POINT('',#2672);
#2672 = CARTESIAN_POINT('',(112.12745362581,-98.82528686121,13.6));
#2673 = LINE('',#2674,#2675);
#2674 = CARTESIAN_POINT('',(111.31019550807,-98.6593165013,13.6));
#2675 = VECTOR('',#2676,1.);
#2676 = DIRECTION('',(0.979995551653,-0.199019392876,0.));
#2677 = ORIENTED_EDGE('',*,*,#2678,.T.);
#2678 = EDGE_CURVE('',#2671,#2679,#2681,.T.);
#2679 = VERTEX_POINT('',#2680);
#2680 = CARTESIAN_POINT('',(114.36227379114,-99.83563474197,13.6));
#2681 = B_SPLINE_CURVE_WITH_KNOTS('',2,(#2682,#2683,#2684),
  .UNSPECIFIED.,.F.,.F.,(3,3),(0.,1.),.PIECEWISE_BEZIER_KNOTS.);
#2682 = CARTESIAN_POINT('',(112.12745362581,-98.82528686121,13.6));
#2683 = CARTESIAN_POINT('',(113.64135170593,-99.11056512678,13.6));
#2684 = CARTESIAN_POINT('',(114.36227379114,-99.83563474197,13.6));
#2685 = ORIENTED_EDGE('',*,*,#2686,.T.);
#2686 = EDGE_CURVE('',#2679,#2687,#2689,.T.);
#2687 = VERTEX_POINT('',#2688);
#2688 = CARTESIAN_POINT('',(115.0857906416,-101.7794516767,13.6));
#2689 = B_SPLINE_CURVE_WITH_KNOTS('',2,(#2690,#2691,#2692),
  .UNSPECIFIED.,.F.,.F.,(3,3),(0.,1.),.PIECEWISE_BEZIER_KNOTS.);
#2690 = CARTESIAN_POINT('',(114.36227379114,-99.83563474197,13.6));
#2691 = CARTESIAN_POINT('',(115.08364230422,-100.5607035702,13.6));
#2692 = CARTESIAN_POINT('',(115.0857906416,-101.7794516767,13.6));
#2693 = ORIENTED_EDGE('',*,*,#2694,.T.);
#2694 = EDGE_CURVE('',#2687,#2695,#2697,.T.);
#2695 = VERTEX_POINT('',#2696);
#2696 = CARTESIAN_POINT('',(114.11512133026,-103.9838447089,13.6));
#2697 = B_SPLINE_CURVE_WITH_KNOTS('',2,(#2698,#2699,#2700),
  .UNSPECIFIED.,.F.,.F.,(3,3),(0.,1.),.PIECEWISE_BEZIER_KNOTS.);
#2698 = CARTESIAN_POINT('',(115.0857906416,-101.7794516767,13.6));
#2699 = CARTESIAN_POINT('',(115.08835133383,-103.2321279912,13.6));
#2700 = CARTESIAN_POINT('',(114.11512133026,-103.9838447089,13.6));
#2701 = ORIENTED_EDGE('',*,*,#2702,.T.);
#2702 = EDGE_CURVE('',#2695,#2703,#2705,.T.);
#2703 = VERTEX_POINT('',#2704);
#2704 = CARTESIAN_POINT('',(111.26064346251,-104.7384311504,13.6));
#2705 = B_SPLINE_CURVE_WITH_KNOTS('',2,(#2706,#2707,#2708),
  .UNSPECIFIED.,.F.,.F.,(3,3),(0.,1.),.PIECEWISE_BEZIER_KNOTS.);
#2706 = CARTESIAN_POINT('',(114.11512133026,-103.9838447089,13.6));
#2707 = CARTESIAN_POINT('',(113.14233696764,-104.7351142119,13.6));
#2708 = CARTESIAN_POINT('',(111.26064346251,-104.7384311504,13.6));
#2709 = ORIENTED_EDGE('',*,*,#2710,.T.);
#2710 = EDGE_CURVE('',#2703,#2711,#2713,.T.);
#2711 = VERTEX_POINT('',#2712);
#2712 = CARTESIAN_POINT('',(109.75009780227,-104.5821650329,13.6));
#2713 = B_SPLINE_CURVE_WITH_KNOTS('',2,(#2714,#2715,#2716),
  .UNSPECIFIED.,.F.,.F.,(3,3),(0.,1.),.PIECEWISE_BEZIER_KNOTS.);
#2714 = CARTESIAN_POINT('',(111.26064346251,-104.7384311504,13.6));
#2715 = CARTESIAN_POINT('',(110.55082313674,-104.7396823798,13.6));
#2716 = CARTESIAN_POINT('',(109.75009780227,-104.5821650329,13.6));
#2717 = ORIENTED_EDGE('',*,*,#2718,.T.);
#2718 = EDGE_CURVE('',#2711,#2719,#2721,.T.);
#2719 = VERTEX_POINT('',#2720);
#2720 = CARTESIAN_POINT('',(108.09212966223,-104.1154440147,13.6));
#2721 = B_SPLINE_CURVE_WITH_KNOTS('',2,(#2722,#2723,#2724),
  .UNSPECIFIED.,.F.,.F.,(3,3),(0.,1.),.PIECEWISE_BEZIER_KNOTS.);
#2722 = CARTESIAN_POINT('',(109.75009780227,-104.5821650329,13.6));
#2723 = CARTESIAN_POINT('',(108.94981968262,-104.425093327,13.6));
#2724 = CARTESIAN_POINT('',(108.09212966223,-104.1154440147,13.6));
#2725 = ORIENTED_EDGE('',*,*,#2726,.T.);
#2726 = EDGE_CURVE('',#2719,#2727,#2729,.T.);
#2727 = VERTEX_POINT('',#2728);
#2728 = CARTESIAN_POINT('',(108.08966182853,-102.7154461898,13.6));
#2729 = LINE('',#2730,#2731);
#2730 = CARTESIAN_POINT('',(108.09212966223,-104.1154440147,13.6));
#2731 = VECTOR('',#2732,1.);
#2732 = DIRECTION('',(-1.762738357939E-03,0.999998446376,0.));
#2733 = ORIENTED_EDGE('',*,*,#2734,.T.);
#2734 = EDGE_CURVE('',#2727,#2735,#2737,.T.);
#2735 = VERTEX_POINT('',#2736);
#2736 = CARTESIAN_POINT('',(109.70474196703,-103.4179574604,13.6));
#2737 = B_SPLINE_CURVE_WITH_KNOTS('',2,(#2738,#2739,#2740),
  .UNSPECIFIED.,.F.,.F.,(3,3),(0.,1.),.PIECEWISE_BEZIER_KNOTS.);
#2738 = CARTESIAN_POINT('',(108.08966182853,-102.7154461898,13.6));
#2739 = CARTESIAN_POINT('',(108.91414597288,-103.1818507074,13.6));
#2740 = CARTESIAN_POINT('',(109.70474196703,-103.4179574604,13.6));
#2741 = ORIENTED_EDGE('',*,*,#2742,.T.);
#2742 = EDGE_CURVE('',#2735,#2743,#2745,.T.);
#2743 = VERTEX_POINT('',#2744);
#2744 = CARTESIAN_POINT('',(111.2587296323,-103.6527185514,13.6));
#2745 = B_SPLINE_CURVE_WITH_KNOTS('',2,(#2746,#2747,#2748),
  .UNSPECIFIED.,.F.,.F.,(3,3),(0.,1.),.PIECEWISE_BEZIER_KNOTS.);
#2746 = CARTESIAN_POINT('',(109.70474196703,-103.4179574604,13.6));
#2747 = CARTESIAN_POINT('',(110.49533796118,-103.6540642133,13.6));
#2748 = CARTESIAN_POINT('',(111.2587296323,-103.6527185514,13.6));
#2749 = ORIENTED_EDGE('',*,*,#2750,.T.);
#2750 = EDGE_CURVE('',#2743,#2751,#2753,.T.);
#2751 = VERTEX_POINT('',#2752);
#2752 = CARTESIAN_POINT('',(113.04586824676,-103.1928711506,13.6));
#2753 = B_SPLINE_CURVE_WITH_KNOTS('',2,(#2754,#2755,#2756),
  .UNSPECIFIED.,.F.,.F.,(3,3),(0.,1.),.PIECEWISE_BEZIER_KNOTS.);
#2754 = CARTESIAN_POINT('',(111.2587296323,-103.6527185514,13.6));
#2755 = CARTESIAN_POINT('',(112.41720997531,-103.6506764505,13.6));
#2756 = CARTESIAN_POINT('',(113.04586824676,-103.1928711506,13.6));
#2757 = ORIENTED_EDGE('',*,*,#2758,.T.);
#2758 = EDGE_CURVE('',#2751,#2759,#2761,.T.);
#2759 = VERTEX_POINT('',#2760);
#2760 = CARTESIAN_POINT('',(113.67303369916,-101.8881921665,13.6));
#2761 = B_SPLINE_CURVE_WITH_KNOTS('',2,(#2762,#2763,#2764),
  .UNSPECIFIED.,.F.,.F.,(3,3),(0.,1.),.PIECEWISE_BEZIER_KNOTS.);
#2762 = CARTESIAN_POINT('',(113.04586824676,-103.1928711506,13.6));
#2763 = CARTESIAN_POINT('',(113.67452573127,-102.7346194229,13.6));
#2764 = CARTESIAN_POINT('',(113.67303369916,-101.8881921665,13.6));
#2765 = ORIENTED_EDGE('',*,*,#2766,.T.);
#2766 = EDGE_CURVE('',#2759,#2767,#2769,.T.);
#2767 = VERTEX_POINT('',#2768);
#2768 = CARTESIAN_POINT('',(113.21876566655,-100.7336339856,13.6));
#2769 = B_SPLINE_CURVE_WITH_KNOTS('',2,(#2770,#2771,#2772),
  .UNSPECIFIED.,.F.,.F.,(3,3),(0.,1.),.PIECEWISE_BEZIER_KNOTS.);
#2770 = CARTESIAN_POINT('',(113.67303369916,-101.8881921665,13.6));
#2771 = CARTESIAN_POINT('',(113.67173131881,-101.1493540287,13.6));
#2772 = CARTESIAN_POINT('',(113.21876566655,-100.7336339856,13.6));
#2773 = ORIENTED_EDGE('',*,*,#2774,.T.);
#2774 = EDGE_CURVE('',#2767,#2775,#2777,.T.);
#2775 = VERTEX_POINT('',#2776);
#2776 = CARTESIAN_POINT('',(111.73463054487,-100.1112491605,13.6));
#2777 = B_SPLINE_CURVE_WITH_KNOTS('',2,(#2778,#2779,#2780),
  .UNSPECIFIED.,.F.,.F.,(3,3),(0.,1.),.PIECEWISE_BEZIER_KNOTS.);
#2778 = CARTESIAN_POINT('',(113.21876566655,-100.7336339856,13.6));
#2779 = CARTESIAN_POINT('',(112.76624644217,-100.3179131555,13.6));
#2780 = CARTESIAN_POINT('',(111.73463054487,-100.1112491605,13.6));
#2781 = ORIENTED_EDGE('',*,*,#2782,.T.);
#2782 = EDGE_CURVE('',#2775,#2783,#2785,.T.);
#2783 = VERTEX_POINT('',#2784);
#2784 = CARTESIAN_POINT('',(110.91068781301,-99.95198702288,13.6));
#2785 = LINE('',#2786,#2787);
#2786 = CARTESIAN_POINT('',(111.73463054487,-100.1112491605,13.6));
#2787 = VECTOR('',#2788,1.);
#2788 = DIRECTION('',(-0.981826649814,0.18977995077,0.));
#2789 = ORIENTED_EDGE('',*,*,#2790,.T.);
#2790 = EDGE_CURVE('',#2783,#2791,#2793,.T.);
#2791 = VERTEX_POINT('',#2792);
#2792 = CARTESIAN_POINT('',(108.71929470091,-99.01165198608,13.6));
#2793 = B_SPLINE_CURVE_WITH_KNOTS('',2,(#2794,#2795,#2796),
  .UNSPECIFIED.,.F.,.F.,(3,3),(0.,1.),.PIECEWISE_BEZIER_KNOTS.);
#2794 = CARTESIAN_POINT('',(110.91068781301,-99.95198702288,13.6));
#2795 = CARTESIAN_POINT('',(109.39676612479,-99.65331592097,13.6));
#2796 = CARTESIAN_POINT('',(108.71929470091,-99.01165198608,13.6));
#2797 = ORIENTED_EDGE('',*,*,#2798,.T.);
#2798 = EDGE_CURVE('',#2791,#2799,#2801,.T.);
#2799 = VERTEX_POINT('',#2800);
#2800 = CARTESIAN_POINT('',(108.03980478422,-97.2249005445,13.6));
#2801 = B_SPLINE_CURVE_WITH_KNOTS('',2,(#2802,#2803,#2804),
  .UNSPECIFIED.,.F.,.F.,(3,3),(0.,1.),.PIECEWISE_BEZIER_KNOTS.);
#2802 = CARTESIAN_POINT('',(108.71929470091,-99.01165198608,13.6));
#2803 = CARTESIAN_POINT('',(108.04182327703,-98.36998805118,13.6));
#2804 = CARTESIAN_POINT('',(108.03980478422,-97.2249005445,13.6));
#2805 = ORIENTED_EDGE('',*,*,#2806,.T.);
#2806 = EDGE_CURVE('',#2799,#2807,#2809,.T.);
#2807 = VERTEX_POINT('',#2808);
#2808 = CARTESIAN_POINT('',(108.97004982755,-95.13441823234,13.6));
#2809 = B_SPLINE_CURVE_WITH_KNOTS('',2,(#2810,#2811,#2812),
  .UNSPECIFIED.,.F.,.F.,(3,3),(0.,1.),.PIECEWISE_BEZIER_KNOTS.);
#2810 = CARTESIAN_POINT('',(108.03980478422,-97.2249005445,13.6));
#2811 = CARTESIAN_POINT('',(108.03746836896,-95.89945617518,13.6));
#2812 = CARTESIAN_POINT('',(108.97004982755,-95.13441823234,13.6));
#2813 = ORIENTED_EDGE('',*,*,#2814,.T.);
#2814 = EDGE_CURVE('',#2807,#2815,#2817,.T.);
#2815 = VERTEX_POINT('',#2816);
#2816 = CARTESIAN_POINT('',(111.54370016509,-94.36648750996,13.6));
#2817 = B_SPLINE_CURVE_WITH_KNOTS('',2,(#2818,#2819,#2820),
  .UNSPECIFIED.,.F.,.F.,(3,3),(0.,1.),.PIECEWISE_BEZIER_KNOTS.);
#2818 = CARTESIAN_POINT('',(108.97004982755,-95.13441823234,13.6));
#2819 = CARTESIAN_POINT('',(109.90307771401,-94.36937950257,13.6));
#2820 = CARTESIAN_POINT('',(111.54370016509,-94.36648750996,13.6));
#2821 = ORIENTED_EDGE('',*,*,#2822,.T.);
#2822 = EDGE_CURVE('',#2815,#2605,#2823,.T.);
#2823 = B_SPLINE_CURVE_WITH_KNOTS('',2,(#2824,#2825,#2826),
  .UNSPECIFIED.,.F.,.F.,(3,3),(0.,1.),.PIECEWISE_BEZIER_KNOTS.);
#2824 = CARTESIAN_POINT('',(111.54370016509,-94.36648750996,13.6));
#2825 = CARTESIAN_POINT('',(112.2468240727,-94.36524808455,13.6));
#2826 = CARTESIAN_POINT('',(112.97696029077,-94.49253267175,13.6));
#2827 = FACE_BOUND('',#2828,.T.);
#2828 = EDGE_LOOP('',(#2829,#2839,#2847,#2855,#2863,#2871,#2879,#2887,
    #2895,#2903,#2911,#2919,#2927));
#2829 = ORIENTED_EDGE('',*,*,#2830,.T.);
#2830 = EDGE_CURVE('',#2831,#2833,#2835,.T.);
#2831 = VERTEX_POINT('',#2832);
#2832 = CARTESIAN_POINT('',(119.3279175418,-104.4005494177,13.6));
#2833 = VERTEX_POINT('',#2834);
#2834 = CARTESIAN_POINT('',(118.34536928148,-103.4116548568,13.6));
#2835 = B_SPLINE_CURVE_WITH_KNOTS('',2,(#2836,#2837,#2838),
  .UNSPECIFIED.,.F.,.F.,(3,3),(0.,1.),.PIECEWISE_BEZIER_KNOTS.);
#2836 = CARTESIAN_POINT('',(119.3279175418,-104.4005494177,13.6));
#2837 = CARTESIAN_POINT('',(118.73493721874,-104.0779334713,13.6));
#2838 = CARTESIAN_POINT('',(118.34536928148,-103.4116548568,13.6));
#2839 = ORIENTED_EDGE('',*,*,#2840,.T.);
#2840 = EDGE_CURVE('',#2833,#2841,#2843,.T.);
#2841 = VERTEX_POINT('',#2842);
#2842 = CARTESIAN_POINT('',(118.35236987096,-107.3830772581,13.6));
#2843 = LINE('',#2844,#2845);
#2844 = CARTESIAN_POINT('',(118.34536928148,-103.4116548568,13.6));
#2845 = VECTOR('',#2846,1.);
#2846 = DIRECTION('',(1.762738357939E-03,-0.999998446376,0.));
#2847 = ORIENTED_EDGE('',*,*,#2848,.T.);
#2848 = EDGE_CURVE('',#2841,#2849,#2851,.T.);
#2849 = VERTEX_POINT('',#2850);
#2850 = CARTESIAN_POINT('',(117.11353250994,-107.3852610076,13.6));
#2851 = LINE('',#2852,#2853);
#2852 = CARTESIAN_POINT('',(118.35236987096,-107.3830772581,13.6));
#2853 = VECTOR('',#2854,1.);
#2854 = DIRECTION('',(-0.999998446376,-1.762738357939E-03,0.));
#2855 = ORIENTED_EDGE('',*,*,#2856,.T.);
#2856 = EDGE_CURVE('',#2849,#2857,#2859,.T.);
#2857 = VERTEX_POINT('',#2858);
#2858 = CARTESIAN_POINT('',(117.09525039497,-97.01384854957,13.6));
#2859 = LINE('',#2860,#2861);
#2860 = CARTESIAN_POINT('',(117.11353250994,-107.3852610076,13.6));
#2861 = VECTOR('',#2862,1.);
#2862 = DIRECTION('',(-1.762738357939E-03,0.999998446376,0.));
#2863 = ORIENTED_EDGE('',*,*,#2864,.T.);
#2864 = EDGE_CURVE('',#2857,#2865,#2867,.T.);
#2865 = VERTEX_POINT('',#2866);
#2866 = CARTESIAN_POINT('',(118.33408775599,-97.01166480004,13.6));
#2867 = LINE('',#2868,#2869);
#2868 = CARTESIAN_POINT('',(117.09525039497,-97.01384854957,13.6));
#2869 = VECTOR('',#2870,1.);
#2870 = DIRECTION('',(0.999998446376,1.762738357939E-03,0.));
#2871 = ORIENTED_EDGE('',*,*,#2872,.T.);
#2872 = EDGE_CURVE('',#2865,#2873,#2875,.T.);
#2873 = VERTEX_POINT('',#2874);
#2874 = CARTESIAN_POINT('',(118.33610231411,-98.15452016733,13.6));
#2875 = LINE('',#2876,#2877);
#2876 = CARTESIAN_POINT('',(118.33408775599,-97.01166480004,13.6));
#2877 = VECTOR('',#2878,1.);
#2878 = DIRECTION('',(1.762738357939E-03,-0.999998446376,0.));
#2879 = ORIENTED_EDGE('',*,*,#2880,.T.);
#2880 = EDGE_CURVE('',#2873,#2881,#2883,.T.);
#2881 = VERTEX_POINT('',#2882);
#2882 = CARTESIAN_POINT('',(119.31515814906,-97.16216780631,13.6));
#2883 = B_SPLINE_CURVE_WITH_KNOTS('',2,(#2884,#2885,#2886),
  .UNSPECIFIED.,.F.,.F.,(3,3),(0.,1.),.PIECEWISE_BEZIER_KNOTS.);
#2884 = CARTESIAN_POINT('',(118.33610231411,-98.15452016733,13.6));
#2885 = CARTESIAN_POINT('',(118.72331888431,-97.48687228284,13.6));
#2886 = CARTESIAN_POINT('',(119.31515814906,-97.16216780631,13.6));
#2887 = ORIENTED_EDGE('',*,*,#2888,.T.);
#2888 = EDGE_CURVE('',#2881,#2889,#2891,.T.);
#2889 = VERTEX_POINT('',#2890);
#2890 = CARTESIAN_POINT('',(120.73110327631,-96.83601064451,13.6));
#2891 = B_SPLINE_CURVE_WITH_KNOTS('',2,(#2892,#2893,#2894),
  .UNSPECIFIED.,.F.,.F.,(3,3),(0.,1.),.PIECEWISE_BEZIER_KNOTS.);
#2892 = CARTESIAN_POINT('',(119.31515814906,-97.16216780631,13.6));
#2893 = CARTESIAN_POINT('',(119.90744384168,-96.83746254284,13.6));
#2894 = CARTESIAN_POINT('',(120.73110327631,-96.83601064451,13.6));
#2895 = ORIENTED_EDGE('',*,*,#2896,.T.);
#2896 = EDGE_CURVE('',#2889,#2897,#2899,.T.);
#2897 = VERTEX_POINT('',#2898);
#2898 = CARTESIAN_POINT('',(122.95265808905,-97.91870344958,13.6));
#2899 = B_SPLINE_CURVE_WITH_KNOTS('',2,(#2900,#2901,#2902),
  .UNSPECIFIED.,.F.,.F.,(3,3),(0.,1.),.PIECEWISE_BEZIER_KNOTS.);
#2900 = CARTESIAN_POINT('',(120.73110327631,-96.83601064451,13.6));
#2901 = CARTESIAN_POINT('',(122.09717258252,-96.833602618,13.6));
#2902 = CARTESIAN_POINT('',(122.95265808905,-97.91870344958,13.6));
#2903 = ORIENTED_EDGE('',*,*,#2904,.T.);
#2904 = EDGE_CURVE('',#2897,#2905,#2907,.T.);
#2905 = VERTEX_POINT('',#2906);
#2906 = CARTESIAN_POINT('',(123.8117094408,-100.773443602,13.6));
#2907 = B_SPLINE_CURVE_WITH_KNOTS('',2,(#2908,#2909,#2910),
  .UNSPECIFIED.,.F.,.F.,(3,3),(0.,1.),.PIECEWISE_BEZIER_KNOTS.);
#2908 = CARTESIAN_POINT('',(122.95265808905,-97.91870344958,13.6));
#2909 = CARTESIAN_POINT('',(123.80858923652,-99.00335706634,13.6));
#2910 = CARTESIAN_POINT('',(123.8117094408,-100.773443602,13.6));
#2911 = ORIENTED_EDGE('',*,*,#2912,.T.);
#2912 = EDGE_CURVE('',#2905,#2913,#2915,.T.);
#2913 = VERTEX_POINT('',#2914);
#2914 = CARTESIAN_POINT('',(122.96272851885,-103.6316410023,13.6));
#2915 = B_SPLINE_CURVE_WITH_KNOTS('',2,(#2916,#2917,#2918),
  .UNSPECIFIED.,.F.,.F.,(3,3),(0.,1.),.PIECEWISE_BEZIER_KNOTS.);
#2916 = CARTESIAN_POINT('',(123.8117094408,-100.773443602,13.6));
#2917 = CARTESIAN_POINT('',(123.81482964508,-102.5435301376,13.6));
#2918 = CARTESIAN_POINT('',(122.96272851885,-103.6316410023,13.6));
#2919 = ORIENTED_EDGE('',*,*,#2920,.T.);
#2920 = EDGE_CURVE('',#2913,#2921,#2923,.T.);
#2921 = VERTEX_POINT('',#2922);
#2922 = CARTESIAN_POINT('',(120.74500372736,-104.7217126787,13.6));
#2923 = B_SPLINE_CURVE_WITH_KNOTS('',2,(#2924,#2925,#2926),
  .UNSPECIFIED.,.F.,.F.,(3,3),(0.,1.),.PIECEWISE_BEZIER_KNOTS.);
#2924 = CARTESIAN_POINT('',(122.96272851885,-103.6316410023,13.6));
#2925 = CARTESIAN_POINT('',(122.11107303357,-104.7193046522,13.6));
#2926 = CARTESIAN_POINT('',(120.74500372736,-104.7217126787,13.6));
#2927 = ORIENTED_EDGE('',*,*,#2928,.T.);
#2928 = EDGE_CURVE('',#2921,#2831,#2929,.T.);
#2929 = B_SPLINE_CURVE_WITH_KNOTS('',2,(#2930,#2931,#2932),
  .UNSPECIFIED.,.F.,.F.,(3,3),(0.,1.),.PIECEWISE_BEZIER_KNOTS.);
#2930 = CARTESIAN_POINT('',(120.74500372736,-104.7217126787,13.6));
#2931 = CARTESIAN_POINT('',(119.92134429273,-104.7231645771,13.6));
#2932 = CARTESIAN_POINT('',(119.3279175418,-104.4005494177,13.6));
#2933 = FACE_BOUND('',#2934,.T.);
#2934 = EDGE_LOOP('',(#2935,#2945,#2953,#2961,#2969,#2977,#2985,#2993,
    #3001,#3009,#3017,#3025,#3033,#3041,#3049));
#2935 = ORIENTED_EDGE('',*,*,#2936,.T.);
#2936 = EDGE_CURVE('',#2937,#2939,#2941,.T.);
#2937 = VERTEX_POINT('',#2938);
#2938 = CARTESIAN_POINT('',(130.14212475247,-114.8281869141,13.6));
#2939 = VERTEX_POINT('',#2940);
#2940 = CARTESIAN_POINT('',(130.76195286908,-116.6802221967,13.6));
#2941 = B_SPLINE_CURVE_WITH_KNOTS('',2,(#2942,#2943,#2944),
  .UNSPECIFIED.,.F.,.F.,(3,3),(0.,1.),.PIECEWISE_BEZIER_KNOTS.);
#2942 = CARTESIAN_POINT('',(130.14212475247,-114.8281869141,13.6));
#2943 = CARTESIAN_POINT('',(130.75988771093,-115.5086615169,13.6));
#2944 = CARTESIAN_POINT('',(130.76195286908,-116.6802221967,13.6));
#2945 = ORIENTED_EDGE('',*,*,#2946,.T.);
#2946 = EDGE_CURVE('',#2939,#2947,#2949,.T.);
#2947 = VERTEX_POINT('',#2948);
#2948 = CARTESIAN_POINT('',(130.76270203289,-117.1052215364,13.6));
#2949 = LINE('',#2950,#2951);
#2950 = CARTESIAN_POINT('',(130.76195286908,-116.6802221967,13.6));
#2951 = VECTOR('',#2952,1.);
#2952 = DIRECTION('',(1.762738357939E-03,-0.999998446376,0.));
#2953 = ORIENTED_EDGE('',*,*,#2954,.T.);
#2954 = EDGE_CURVE('',#2947,#2955,#2957,.T.);
#2955 = VERTEX_POINT('',#2956);
#2956 = CARTESIAN_POINT('',(126.79708319398,-117.1122118957,13.6));
#2957 = LINE('',#2958,#2959);
#2958 = CARTESIAN_POINT('',(130.76270203289,-117.1052215364,13.6));
#2959 = VECTOR('',#2960,1.);
#2960 = DIRECTION('',(-0.999998446376,-1.762738357939E-03,0.));
#2961 = ORIENTED_EDGE('',*,*,#2962,.T.);
#2962 = EDGE_CURVE('',#2955,#2963,#2965,.T.);
#2963 = VERTEX_POINT('',#2964);
#2964 = CARTESIAN_POINT('',(127.33603281998,-118.4659514717,13.6));
#2965 = B_SPLINE_CURVE_WITH_KNOTS('',2,(#2966,#2967,#2968),
  .UNSPECIFIED.,.F.,.F.,(3,3),(0.,1.),.PIECEWISE_BEZIER_KNOTS.);
#2966 = CARTESIAN_POINT('',(126.79708319398,-117.1122118957,13.6));
#2967 = CARTESIAN_POINT('',(126.85490029116,-118.0011738604,13.6));
#2968 = CARTESIAN_POINT('',(127.33603281998,-118.4659514717,13.6));
#2969 = ORIENTED_EDGE('',*,*,#2970,.T.);
#2970 = EDGE_CURVE('',#2963,#2971,#2973,.T.);
#2971 = VERTEX_POINT('',#2972);
#2972 = CARTESIAN_POINT('',(128.67528846474,-118.9289039337,13.6));
#2973 = B_SPLINE_CURVE_WITH_KNOTS('',2,(#2974,#2975,#2976),
  .UNSPECIFIED.,.F.,.F.,(3,3),(0.,1.),.PIECEWISE_BEZIER_KNOTS.);
#2974 = CARTESIAN_POINT('',(127.33603281998,-118.4659514717,13.6));
#2975 = CARTESIAN_POINT('',(127.81747729746,-118.9304160327,13.6));
#2976 = CARTESIAN_POINT('',(128.67528846474,-118.9289039337,13.6));
#2977 = ORIENTED_EDGE('',*,*,#2978,.T.);
#2978 = EDGE_CURVE('',#2971,#2979,#2981,.T.);
#2979 = VERTEX_POINT('',#2980);
#2980 = CARTESIAN_POINT('',(129.63820043981,-118.8072063828,13.6));
#2981 = B_SPLINE_CURVE_WITH_KNOTS('',2,(#2982,#2983,#2984),
  .UNSPECIFIED.,.F.,.F.,(3,3),(0.,1.),.PIECEWISE_BEZIER_KNOTS.);
#2982 = CARTESIAN_POINT('',(128.67528846474,-118.9289039337,13.6));
#2983 = CARTESIAN_POINT('',(129.17216269279,-118.9280280731,13.6));
#2984 = CARTESIAN_POINT('',(129.63820043981,-118.8072063828,13.6));
#2985 = ORIENTED_EDGE('',*,*,#2986,.T.);
#2986 = EDGE_CURVE('',#2979,#2987,#2989,.T.);
#2987 = VERTEX_POINT('',#2988);
#2988 = CARTESIAN_POINT('',(130.56350191544,-118.4455747565,13.6));
#2989 = B_SPLINE_CURVE_WITH_KNOTS('',2,(#2990,#2991,#2992),
  .UNSPECIFIED.,.F.,.F.,(3,3),(0.,1.),.PIECEWISE_BEZIER_KNOTS.);
#2990 = CARTESIAN_POINT('',(129.63820043981,-118.8072063828,13.6));
#2991 = CARTESIAN_POINT('',(130.10455068634,-118.6863841416,13.6));
#2992 = CARTESIAN_POINT('',(130.56350191544,-118.4455747565,13.6));
#2993 = ORIENTED_EDGE('',*,*,#2994,.T.);
#2994 = EDGE_CURVE('',#2987,#2995,#2997,.T.);
#2995 = VERTEX_POINT('',#2996);
#2996 = CARTESIAN_POINT('',(130.56494736089,-119.2655734825,13.6));
#2997 = LINE('',#2998,#2999);
#2998 = CARTESIAN_POINT('',(130.56350191544,-118.4455747565,13.6));
#2999 = VECTOR('',#3000,1.);
#3000 = DIRECTION('',(1.762738357939E-03,-0.999998446376,0.));
#3001 = ORIENTED_EDGE('',*,*,#3002,.T.);
#3002 = EDGE_CURVE('',#2995,#3003,#3005,.T.);
#3003 = VERTEX_POINT('',#3004);
#3004 = CARTESIAN_POINT('',(129.61391075392,-119.5647503761,13.6));
#3005 = B_SPLINE_CURVE_WITH_KNOTS('',2,(#3006,#3007,#3008),
  .UNSPECIFIED.,.F.,.F.,(3,3),(0.,1.),.PIECEWISE_BEZIER_KNOTS.);
#3006 = CARTESIAN_POINT('',(130.56494736089,-119.2655734825,13.6));
#3007 = CARTESIAN_POINT('',(130.10122986671,-119.4617036999,13.6));
#3008 = CARTESIAN_POINT('',(129.61391075392,-119.5647503761,13.6));
#3009 = ORIENTED_EDGE('',*,*,#3010,.T.);
#3010 = EDGE_CURVE('',#3003,#3011,#3013,.T.);
#3011 = VERTEX_POINT('',#3012);
#3012 = CARTESIAN_POINT('',(128.62503047124,-119.6689936752,13.6));
#3013 = B_SPLINE_CURVE_WITH_KNOTS('',2,(#3014,#3015,#3016),
  .UNSPECIFIED.,.F.,.F.,(3,3),(0.,1.),.PIECEWISE_BEZIER_KNOTS.);
#3014 = CARTESIAN_POINT('',(129.61391075392,-119.5647503761,13.6));
#3015 = CARTESIAN_POINT('',(129.126592192,-119.6681095518,13.6));
#3016 = CARTESIAN_POINT('',(128.62503047124,-119.6689936752,13.6));
#3017 = ORIENTED_EDGE('',*,*,#3018,.T.);
#3018 = EDGE_CURVE('',#3011,#3019,#3021,.T.);
#3019 = VERTEX_POINT('',#3020);
#3020 = CARTESIAN_POINT('',(126.63374290796,-118.9403151621,13.6));
#3021 = B_SPLINE_CURVE_WITH_KNOTS('',2,(#3022,#3023,#3024),
  .UNSPECIFIED.,.F.,.F.,(3,3),(0.,1.),.PIECEWISE_BEZIER_KNOTS.);
#3022 = CARTESIAN_POINT('',(128.62503047124,-119.6689936752,13.6));
#3023 = CARTESIAN_POINT('',(127.36878242298,-119.6712081153,13.6));
#3024 = CARTESIAN_POINT('',(126.63374290796,-118.9403151621,13.6));
#3025 = ORIENTED_EDGE('',*,*,#3026,.T.);
#3026 = EDGE_CURVE('',#3019,#3027,#3029,.T.);
#3027 = VERTEX_POINT('',#3028);
#3028 = CARTESIAN_POINT('',(125.89681467293,-116.9606735981,13.6));
#3029 = B_SPLINE_CURVE_WITH_KNOTS('',2,(#3030,#3031,#3032),
  .UNSPECIFIED.,.F.,.F.,(3,3),(0.,1.),.PIECEWISE_BEZIER_KNOTS.);
#3030 = CARTESIAN_POINT('',(126.63374290796,-118.9403151621,13.6));
#3031 = CARTESIAN_POINT('',(125.89901589245,-118.2094216581,13.6));
#3032 = CARTESIAN_POINT('',(125.89681467293,-116.9606735981,13.6));
#3033 = ORIENTED_EDGE('',*,*,#3034,.T.);
#3034 = EDGE_CURVE('',#3027,#3035,#3037,.T.);
#3035 = VERTEX_POINT('',#3036);
#3036 = CARTESIAN_POINT('',(126.58913968149,-114.9107000254,13.6));
#3037 = B_SPLINE_CURVE_WITH_KNOTS('',2,(#3038,#3039,#3040),
  .UNSPECIFIED.,.F.,.F.,(3,3),(0.,1.),.PIECEWISE_BEZIER_KNOTS.);
#3038 = CARTESIAN_POINT('',(125.89681467293,-116.9606735981,13.6));
#3039 = CARTESIAN_POINT('',(125.89453963874,-115.6700506033,13.6));
#3040 = CARTESIAN_POINT('',(126.58913968149,-114.9107000254,13.6));
#3041 = ORIENTED_EDGE('',*,*,#3042,.T.);
#3042 = EDGE_CURVE('',#3035,#3043,#3045,.T.);
#3043 = VERTEX_POINT('',#3044);
#3044 = CARTESIAN_POINT('',(128.46530038855,-114.149266662,13.6));
#3045 = B_SPLINE_CURVE_WITH_KNOTS('',2,(#3046,#3047,#3048),
  .UNSPECIFIED.,.F.,.F.,(3,3),(0.,1.),.PIECEWISE_BEZIER_KNOTS.);
#3046 = CARTESIAN_POINT('',(126.58913968149,-114.9107000254,13.6));
#3047 = CARTESIAN_POINT('',(127.28405222376,-114.1513488967,13.6));
#3048 = CARTESIAN_POINT('',(128.46530038855,-114.149266662,13.6));
#3049 = ORIENTED_EDGE('',*,*,#3050,.T.);
#3050 = EDGE_CURVE('',#3043,#2937,#3051,.T.);
#3051 = B_SPLINE_CURVE_WITH_KNOTS('',2,(#3052,#3053,#3054),
  .UNSPECIFIED.,.F.,.F.,(3,3),(0.,1.),.PIECEWISE_BEZIER_KNOTS.);
#3052 = CARTESIAN_POINT('',(128.46530038855,-114.149266662,13.6));
#3053 = CARTESIAN_POINT('',(129.52467374267,-114.147399261,13.6));
#3054 = CARTESIAN_POINT('',(130.14212475247,-114.8281869141,13.6));
#3055 = FACE_BOUND('',#3056,.T.);
#3056 = EDGE_LOOP('',(#3057,#3067,#3075,#3083,#3091,#3099,#3107));
#3057 = ORIENTED_EDGE('',*,*,#3058,.T.);
#3058 = EDGE_CURVE('',#3059,#3061,#3063,.T.);
#3059 = VERTEX_POINT('',#3060);
#3060 = CARTESIAN_POINT('',(133.52633857268,-119.5203537205,13.6));
#3061 = VERTEX_POINT('',#3062);
#3062 = CARTESIAN_POINT('',(131.54831962762,-114.2638322837,13.6));
#3063 = LINE('',#3064,#3065);
#3064 = CARTESIAN_POINT('',(133.52633857268,-119.5203537205,13.6));
#3065 = VECTOR('',#3066,1.);
#3066 = DIRECTION('',(-0.352188345041,0.935929147755,0.));
#3067 = ORIENTED_EDGE('',*,*,#3068,.T.);
#3068 = EDGE_CURVE('',#3061,#3069,#3071,.T.);
#3069 = VERTEX_POINT('',#3070);
#3070 = CARTESIAN_POINT('',(132.46238070751,-114.2622210307,13.6));
#3071 = LINE('',#3072,#3073);
#3072 = CARTESIAN_POINT('',(131.54831962762,-114.2638322837,13.6));
#3073 = VECTOR('',#3074,1.);
#3074 = DIRECTION('',(0.999998446376,1.762738357939E-03,0.));
#3075 = ORIENTED_EDGE('',*,*,#3076,.T.);
#3076 = EDGE_CURVE('',#3069,#3077,#3079,.T.);
#3077 = VERTEX_POINT('',#3078);
#3078 = CARTESIAN_POINT('',(134.11078509758,-118.6740096793,13.6));
#3079 = LINE('',#3080,#3081);
#3080 = CARTESIAN_POINT('',(132.46238070751,-114.2622210307,13.6));
#3081 = VECTOR('',#3082,1.);
#3082 = DIRECTION('',(0.350003240151,-0.936748489128,0.));
#3083 = ORIENTED_EDGE('',*,*,#3084,.T.);
#3084 = EDGE_CURVE('',#3077,#3085,#3087,.T.);
#3085 = VERTEX_POINT('',#3086);
#3086 = CARTESIAN_POINT('',(135.74362560967,-114.2564370454,13.6));
#3087 = LINE('',#3088,#3089);
#3088 = CARTESIAN_POINT('',(134.11078509758,-118.6740096793,13.6));
#3089 = VECTOR('',#3090,1.);
#3090 = DIRECTION('',(0.346698585203,0.937976594068,0.));
#3091 = ORIENTED_EDGE('',*,*,#3092,.T.);
#3092 = EDGE_CURVE('',#3085,#3093,#3095,.T.);
#3093 = VERTEX_POINT('',#3094);
#3094 = CARTESIAN_POINT('',(136.65768668957,-114.2548257924,13.6));
#3095 = LINE('',#3096,#3097);
#3096 = CARTESIAN_POINT('',(135.74362560967,-114.2564370454,13.6));
#3097 = VECTOR('',#3098,1.);
#3098 = DIRECTION('',(0.999998446376,1.762738357939E-03,0.));
#3099 = ORIENTED_EDGE('',*,*,#3100,.T.);
#3100 = EDGE_CURVE('',#3093,#3101,#3103,.T.);
#3101 = VERTEX_POINT('',#3102);
#3102 = CARTESIAN_POINT('',(134.69821175203,-119.5182880115,13.6));
#3103 = LINE('',#3104,#3105);
#3104 = CARTESIAN_POINT('',(136.65768668957,-114.2548257924,13.6));
#3105 = VECTOR('',#3106,1.);
#3106 = DIRECTION('',(-0.348886565077,-0.937164961311,0.));
#3107 = ORIENTED_EDGE('',*,*,#3108,.T.);
#3108 = EDGE_CURVE('',#3101,#3059,#3109,.T.);
#3109 = LINE('',#3110,#3111);
#3110 = CARTESIAN_POINT('',(134.69821175203,-119.5182880115,13.6));
#3111 = VECTOR('',#3112,1.);
#3112 = DIRECTION('',(-0.999998446376,-1.762738357939E-03,0.));
#3113 = FACE_BOUND('',#3114,.T.);
#3114 = EDGE_LOOP('',(#3115,#3125,#3133,#3141,#3149,#3157,#3165,#3173));
#3115 = ORIENTED_EDGE('',*,*,#3116,.T.);
#3116 = EDGE_CURVE('',#3117,#3119,#3121,.T.);
#3117 = VERTEX_POINT('',#3118);
#3118 = CARTESIAN_POINT('',(140.08664088042,-119.508789606,13.6));
#3119 = VERTEX_POINT('',#3120);
#3120 = CARTESIAN_POINT('',(142.74617256082,-112.5040906648,13.6));
#3121 = LINE('',#3122,#3123);
#3122 = CARTESIAN_POINT('',(140.08664088042,-119.508789606,13.6));
#3123 = VECTOR('',#3124,1.);
#3124 = DIRECTION('',(0.354954884399,0.934883431258,0.));
#3125 = ORIENTED_EDGE('',*,*,#3126,.T.);
#3126 = EDGE_CURVE('',#3119,#3127,#3129,.T.);
#3127 = VERTEX_POINT('',#3128);
#3128 = CARTESIAN_POINT('',(143.8196083931,-112.5021984754,13.6));
#3129 = LINE('',#3130,#3131);
#3130 = CARTESIAN_POINT('',(142.74617256082,-112.5040906648,13.6));
#3131 = VECTOR('',#3132,1.);
#3132 = DIRECTION('',(0.999998446376,1.762738357939E-03,0.));
#3133 = ORIENTED_EDGE('',*,*,#3134,.T.);
#3134 = EDGE_CURVE('',#3127,#3135,#3137,.T.);
#3135 = VERTEX_POINT('',#3136);
#3136 = CARTESIAN_POINT('',(146.4991309178,-119.4974860463,13.6));
#3137 = LINE('',#3138,#3139);
#3138 = CARTESIAN_POINT('',(143.8196083931,-112.5021984754,13.6));
#3139 = VECTOR('',#3140,1.);
#3140 = DIRECTION('',(0.357702707331,-0.933835517191,0.));
#3141 = ORIENTED_EDGE('',*,*,#3142,.T.);
#3142 = EDGE_CURVE('',#3135,#3143,#3145,.T.);
#3143 = VERTEX_POINT('',#3144);
#3144 = CARTESIAN_POINT('',(145.51475744715,-119.4992212419,13.6));
#3145 = LINE('',#3146,#3147);
#3146 = CARTESIAN_POINT('',(146.4991309178,-119.4974860463,13.6));
#3147 = VECTOR('',#3148,1.);
#3148 = DIRECTION('',(-0.999998446376,-1.762738357939E-03,0.));
#3149 = ORIENTED_EDGE('',*,*,#3150,.T.);
#3150 = EDGE_CURVE('',#3143,#3151,#3153,.T.);
#3151 = VERTEX_POINT('',#3152);
#3152 = CARTESIAN_POINT('',(144.87408550854,-117.7003477841,13.6));
#3153 = LINE('',#3154,#3155);
#3154 = CARTESIAN_POINT('',(145.51475744715,-119.4992212419,13.6));
#3155 = VECTOR('',#3156,1.);
#3156 = DIRECTION('',(-0.335508228739,0.942037275509,0.));
#3157 = ORIENTED_EDGE('',*,*,#3158,.T.);
#3158 = EDGE_CURVE('',#3151,#3159,#3161,.T.);
#3159 = VERTEX_POINT('',#3160);
#3160 = CARTESIAN_POINT('',(141.71940290974,-117.7059086728,13.6));
#3161 = LINE('',#3162,#3163);
#3162 = CARTESIAN_POINT('',(144.87408550854,-117.7003477841,13.6));
#3163 = VECTOR('',#3164,1.);
#3164 = DIRECTION('',(-0.999998446376,-1.762738357939E-03,0.));
#3165 = ORIENTED_EDGE('',*,*,#3166,.T.);
#3166 = EDGE_CURVE('',#3159,#3167,#3169,.T.);
#3167 = VERTEX_POINT('',#3168);
#3168 = CARTESIAN_POINT('',(141.08507682922,-119.5070296219,13.6));
#3169 = LINE('',#3170,#3171);
#3170 = CARTESIAN_POINT('',(141.71940290974,-117.7059086728,13.6));
#3171 = VECTOR('',#3172,1.);
#3172 = DIRECTION('',(-0.332185018404,-0.943214245836,0.));
#3173 = ORIENTED_EDGE('',*,*,#3174,.T.);
#3174 = EDGE_CURVE('',#3167,#3117,#3175,.T.);
#3175 = LINE('',#3176,#3177);
#3176 = CARTESIAN_POINT('',(141.08507682922,-119.5070296219,13.6));
#3177 = VECTOR('',#3178,1.);
#3178 = DIRECTION('',(-0.999998446376,-1.762738357939E-03,0.));
#3179 = FACE_BOUND('',#3180,.T.);
#3180 = EDGE_LOOP('',(#3181,#3191,#3199,#3207,#3215,#3223,#3231,#3239));
#3181 = ORIENTED_EDGE('',*,*,#3182,.T.);
#3182 = EDGE_CURVE('',#3183,#3185,#3187,.T.);
#3183 = VERTEX_POINT('',#3184);
#3184 = CARTESIAN_POINT('',(126.23606351936,-97.87229059278,13.6));
#3185 = VERTEX_POINT('',#3186);
#3186 = CARTESIAN_POINT('',(128.76234079876,-96.82185365207,13.6));
#3187 = B_SPLINE_CURVE_WITH_KNOTS('',2,(#3188,#3189,#3190),
  .UNSPECIFIED.,.F.,.F.,(3,3),(0.,1.),.PIECEWISE_BEZIER_KNOTS.);
#3188 = CARTESIAN_POINT('',(126.23606351936,-97.87229059278,13.6));
#3189 = CARTESIAN_POINT('',(127.14850402035,-96.82469842848,13.6));
#3190 = CARTESIAN_POINT('',(128.76234079876,-96.82185365207,13.6));
#3191 = ORIENTED_EDGE('',*,*,#3192,.T.);
#3192 = EDGE_CURVE('',#3185,#3193,#3195,.T.);
#3193 = VERTEX_POINT('',#3194);
#3194 = CARTESIAN_POINT('',(131.28873424082,-97.86338404245,13.6));
#3195 = B_SPLINE_CURVE_WITH_KNOTS('',2,(#3196,#3197,#3198),
  .UNSPECIFIED.,.F.,.F.,(3,3),(0.,1.),.PIECEWISE_BEZIER_KNOTS.);
#3196 = CARTESIAN_POINT('',(128.76234079876,-96.82185365207,13.6));
#3197 = CARTESIAN_POINT('',(130.36948115901,-96.81902067971,13.6));
#3198 = CARTESIAN_POINT('',(131.28873424082,-97.86338404245,13.6));
#3199 = ORIENTED_EDGE('',*,*,#3200,.T.);
#3200 = EDGE_CURVE('',#3193,#3201,#3203,.T.);
#3201 = VERTEX_POINT('',#3202);
#3202 = CARTESIAN_POINT('',(132.21124996248,-100.7586373867,13.6));
#3203 = B_SPLINE_CURVE_WITH_KNOTS('',2,(#3204,#3205,#3206),
  .UNSPECIFIED.,.F.,.F.,(3,3),(0.,1.),.PIECEWISE_BEZIER_KNOTS.);
#3204 = CARTESIAN_POINT('',(131.28873424082,-97.86338404245,13.6));
#3205 = CARTESIAN_POINT('',(132.20798732264,-98.90774740518,13.6));
#3206 = CARTESIAN_POINT('',(132.21124996248,-100.7586373867,13.6));
#3207 = ORIENTED_EDGE('',*,*,#3208,.T.);
#3208 = EDGE_CURVE('',#3201,#3209,#3211,.T.);
#3209 = VERTEX_POINT('',#3210);
#3210 = CARTESIAN_POINT('',(131.29894159763,-103.6540000459,13.6));
#3211 = B_SPLINE_CURVE_WITH_KNOTS('',2,(#3212,#3213,#3214),
  .UNSPECIFIED.,.F.,.F.,(3,3),(0.,1.),.PIECEWISE_BEZIER_KNOTS.);
#3212 = CARTESIAN_POINT('',(132.21124996248,-100.7586373867,13.6));
#3213 = CARTESIAN_POINT('',(132.21450079826,-102.6028309501,13.6));
#3214 = CARTESIAN_POINT('',(131.29894159763,-103.6540000459,13.6));
#3215 = ORIENTED_EDGE('',*,*,#3216,.T.);
#3216 = EDGE_CURVE('',#3209,#3217,#3219,.T.);
#3217 = VERTEX_POINT('',#3218);
#3218 = CARTESIAN_POINT('',(128.77624124981,-104.7075556863,13.6));
#3219 = B_SPLINE_CURVE_WITH_KNOTS('',2,(#3220,#3221,#3222),
  .UNSPECIFIED.,.F.,.F.,(3,3),(0.,1.),.PIECEWISE_BEZIER_KNOTS.);
#3220 = CARTESIAN_POINT('',(131.29894159763,-103.6540000459,13.6));
#3221 = CARTESIAN_POINT('',(130.38338161006,-104.7047227139,13.6));
#3222 = CARTESIAN_POINT('',(128.77624124981,-104.7075556863,13.6));
#3223 = ORIENTED_EDGE('',*,*,#3224,.T.);
#3224 = EDGE_CURVE('',#3217,#3225,#3227,.T.);
#3225 = VERTEX_POINT('',#3226);
#3226 = CARTESIAN_POINT('',(126.24627087617,-103.6629065963,13.6));
#3227 = B_SPLINE_CURVE_WITH_KNOTS('',2,(#3228,#3229,#3230),
  .UNSPECIFIED.,.F.,.F.,(3,3),(0.,1.),.PIECEWISE_BEZIER_KNOTS.);
#3228 = CARTESIAN_POINT('',(128.77624124981,-104.7075556863,13.6));
#3229 = CARTESIAN_POINT('',(127.1624044714,-104.7104004627,13.6));
#3230 = CARTESIAN_POINT('',(126.24627087617,-103.6629065963,13.6));
#3231 = ORIENTED_EDGE('',*,*,#3232,.T.);
#3232 = EDGE_CURVE('',#3225,#3233,#3235,.T.);
#3233 = VERTEX_POINT('',#3234);
#3234 = CARTESIAN_POINT('',(125.32733208609,-100.7707719516,13.6));
#3235 = B_SPLINE_CURVE_WITH_KNOTS('',2,(#3236,#3237,#3238),
  .UNSPECIFIED.,.F.,.F.,(3,3),(0.,1.),.PIECEWISE_BEZIER_KNOTS.);
#3236 = CARTESIAN_POINT('',(126.24627087617,-103.6629065963,13.6));
#3237 = CARTESIAN_POINT('',(125.33058292187,-102.614965515,13.6));
#3238 = CARTESIAN_POINT('',(125.32733208609,-100.7707719516,13.6));
#3239 = ORIENTED_EDGE('',*,*,#3240,.T.);
#3240 = EDGE_CURVE('',#3233,#3183,#3241,.T.);
#3241 = B_SPLINE_CURVE_WITH_KNOTS('',2,(#3242,#3243,#3244),
  .UNSPECIFIED.,.F.,.F.,(3,3),(0.,1.),.PIECEWISE_BEZIER_KNOTS.);
#3242 = CARTESIAN_POINT('',(125.32733208609,-100.7707719516,13.6));
#3243 = CARTESIAN_POINT('',(125.32406944626,-98.91988197013,13.6));
#3244 = CARTESIAN_POINT('',(126.23606351936,-97.87229059278,13.6));
#3245 = FACE_BOUND('',#3246,.T.);
#3246 = EDGE_LOOP('',(#3247,#3257,#3265,#3273,#3281,#3289,#3297,#3305,
    #3313,#3321,#3329,#3337,#3345,#3353,#3361,#3369,#3377,#3385));
#3247 = ORIENTED_EDGE('',*,*,#3248,.T.);
#3248 = EDGE_CURVE('',#3249,#3251,#3253,.T.);
#3249 = VERTEX_POINT('',#3250);
#3250 = CARTESIAN_POINT('',(134.23251789627,-94.8407795118,13.6));
#3251 = VERTEX_POINT('',#3252);
#3252 = CARTESIAN_POINT('',(135.47135525729,-94.83859576227,13.6));
#3253 = LINE('',#3254,#3255);
#3254 = CARTESIAN_POINT('',(134.23251789627,-94.8407795118,13.6));
#3255 = VECTOR('',#3256,1.);
#3256 = DIRECTION('',(0.999998446376,1.762738357939E-03,0.));
#3257 = ORIENTED_EDGE('',*,*,#3258,.T.);
#3258 = EDGE_CURVE('',#3251,#3259,#3261,.T.);
#3259 = VERTEX_POINT('',#3260);
#3260 = CARTESIAN_POINT('',(135.47513255377,-96.98144957594,13.6));
#3261 = LINE('',#3262,#3263);
#3262 = CARTESIAN_POINT('',(135.47135525729,-94.83859576227,13.6));
#3263 = VECTOR('',#3264,1.);
#3264 = DIRECTION('',(1.762738357939E-03,-0.999998446376,0.));
#3265 = ORIENTED_EDGE('',*,*,#3266,.T.);
#3266 = EDGE_CURVE('',#3259,#3267,#3269,.T.);
#3267 = VERTEX_POINT('',#3268);
#3268 = CARTESIAN_POINT('',(138.01307503933,-96.97697584042,13.6));
#3269 = LINE('',#3270,#3271);
#3270 = CARTESIAN_POINT('',(135.47513255377,-96.98144957594,13.6));
#3271 = VECTOR('',#3272,1.);
#3272 = DIRECTION('',(0.999998446376,1.762738357939E-03,0.));
#3273 = ORIENTED_EDGE('',*,*,#3274,.T.);
#3274 = EDGE_CURVE('',#3267,#3275,#3277,.T.);
#3275 = VERTEX_POINT('',#3276);
#3276 = CARTESIAN_POINT('',(138.01478741373,-97.94840290261,13.6));
#3277 = LINE('',#3278,#3279);
#3278 = CARTESIAN_POINT('',(138.01307503933,-96.97697584042,13.6));
#3279 = VECTOR('',#3280,1.);
#3280 = DIRECTION('',(1.762738357939E-03,-0.999998446376,0.));
#3281 = ORIENTED_EDGE('',*,*,#3282,.T.);
#3282 = EDGE_CURVE('',#3275,#3283,#3285,.T.);
#3283 = VERTEX_POINT('',#3284);
#3284 = CARTESIAN_POINT('',(135.47684492818,-97.95287663813,13.6));
#3285 = LINE('',#3286,#3287);
#3286 = CARTESIAN_POINT('',(138.01478741373,-97.94840290261,13.6));
#3287 = VECTOR('',#3288,1.);
#3288 = DIRECTION('',(-0.999998446376,-1.762738357939E-03,0.));
#3289 = ORIENTED_EDGE('',*,*,#3290,.T.);
#3290 = EDGE_CURVE('',#3283,#3291,#3293,.T.);
#3291 = VERTEX_POINT('',#3292);
#3292 = CARTESIAN_POINT('',(135.48402572618,-102.0265310234,13.6));
#3293 = LINE('',#3294,#3295);
#3294 = CARTESIAN_POINT('',(135.47684492818,-97.95287663813,13.6));
#3295 = VECTOR('',#3296,1.);
#3296 = DIRECTION('',(1.762738357939E-03,-0.999998446376,0.));
#3297 = ORIENTED_EDGE('',*,*,#3298,.T.);
#3298 = EDGE_CURVE('',#3291,#3299,#3301,.T.);
#3299 = VERTEX_POINT('',#3300);
#3300 = CARTESIAN_POINT('',(135.73699728046,-103.2055512182,13.6));
#3301 = B_SPLINE_CURVE_WITH_KNOTS('',2,(#3302,#3303,#3304),
  .UNSPECIFIED.,.F.,.F.,(3,3),(0.,1.),.PIECEWISE_BEZIER_KNOTS.);
#3302 = CARTESIAN_POINT('',(135.48402572618,-102.0265310234,13.6));
#3303 = CARTESIAN_POINT('',(135.48564366817,-102.9443867403,13.6));
#3304 = CARTESIAN_POINT('',(135.73699728046,-103.2055512182,13.6));
#3305 = ORIENTED_EDGE('',*,*,#3306,.T.);
#3306 = EDGE_CURVE('',#3299,#3307,#3309,.T.);
#3307 = VERTEX_POINT('',#3308);
#3308 = CARTESIAN_POINT('',(136.75888462299,-103.4649110155,13.6));
#3309 = B_SPLINE_CURVE_WITH_KNOTS('',2,(#3310,#3311,#3312),
  .UNSPECIFIED.,.F.,.F.,(3,3),(0.,1.),.PIECEWISE_BEZIER_KNOTS.);
#3310 = CARTESIAN_POINT('',(135.73699728046,-103.2055512182,13.6));
#3311 = CARTESIAN_POINT('',(135.9887965337,-103.4662684814,13.6));
#3312 = CARTESIAN_POINT('',(136.75888462299,-103.4649110155,13.6));
#3313 = ORIENTED_EDGE('',*,*,#3314,.T.);
#3314 = EDGE_CURVE('',#3307,#3315,#3317,.T.);
#3315 = VERTEX_POINT('',#3316);
#3316 = CARTESIAN_POINT('',(138.02450765668,-103.4626800497,13.6));
#3317 = LINE('',#3318,#3319);
#3318 = CARTESIAN_POINT('',(136.75888462299,-103.4649110155,13.6));
#3319 = VECTOR('',#3320,1.);
#3320 = DIRECTION('',(0.999998446376,1.762738357939E-03,0.));
#3321 = ORIENTED_EDGE('',*,*,#3322,.T.);
#3322 = EDGE_CURVE('',#3315,#3323,#3325,.T.);
#3323 = VERTEX_POINT('',#3324);
#3324 = CARTESIAN_POINT('',(138.02632075899,-104.4912498803,13.6));
#3325 = LINE('',#3326,#3327);
#3326 = CARTESIAN_POINT('',(138.02450765668,-103.4626800497,13.6));
#3327 = VECTOR('',#3328,1.);
#3328 = DIRECTION('',(1.762738357939E-03,-0.999998446376,0.));
#3329 = ORIENTED_EDGE('',*,*,#3330,.T.);
#3330 = EDGE_CURVE('',#3323,#3331,#3333,.T.);
#3331 = VERTEX_POINT('',#3332);
#3332 = CARTESIAN_POINT('',(136.7606977253,-104.493480846,13.6));
#3333 = LINE('',#3334,#3335);
#3334 = CARTESIAN_POINT('',(138.02632075899,-104.4912498803,13.6));
#3335 = VECTOR('',#3336,1.);
#3336 = DIRECTION('',(-0.999998446376,-1.762738357939E-03,0.));
#3337 = ORIENTED_EDGE('',*,*,#3338,.T.);
#3338 = EDGE_CURVE('',#3331,#3339,#3341,.T.);
#3339 = VERTEX_POINT('',#3340);
#3340 = CARTESIAN_POINT('',(134.79101354231,-103.9652556346,13.6));
#3341 = B_SPLINE_CURVE_WITH_KNOTS('',2,(#3342,#3343,#3344),
  .UNSPECIFIED.,.F.,.F.,(3,3),(0.,1.),.PIECEWISE_BEZIER_KNOTS.);
#3342 = CARTESIAN_POINT('',(136.7606977253,-104.493480846,13.6));
#3343 = CARTESIAN_POINT('',(135.33436065558,-104.495995109,13.6));
#3344 = CARTESIAN_POINT('',(134.79101354231,-103.9652556346,13.6));
#3345 = ORIENTED_EDGE('',*,*,#3346,.T.);
#3346 = EDGE_CURVE('',#3339,#3347,#3349,.T.);
#3347 = VERTEX_POINT('',#3348);
#3348 = CARTESIAN_POINT('',(134.24518836515,-102.028714773,13.6));
#3349 = B_SPLINE_CURVE_WITH_KNOTS('',2,(#3350,#3351,#3352),
  .UNSPECIFIED.,.F.,.F.,(3,3),(0.,1.),.PIECEWISE_BEZIER_KNOTS.);
#3350 = CARTESIAN_POINT('',(134.79101354231,-103.9652556346,13.6));
#3351 = CARTESIAN_POINT('',(134.2476656421,-103.4340697324,13.6));
#3352 = CARTESIAN_POINT('',(134.24518836515,-102.028714773,13.6));
#3353 = ORIENTED_EDGE('',*,*,#3354,.T.);
#3354 = EDGE_CURVE('',#3347,#3355,#3357,.T.);
#3355 = VERTEX_POINT('',#3356);
#3356 = CARTESIAN_POINT('',(134.23800756716,-97.95506038766,13.6));
#3357 = LINE('',#3358,#3359);
#3358 = CARTESIAN_POINT('',(134.24518836515,-102.028714773,13.6));
#3359 = VECTOR('',#3360,1.);
#3360 = DIRECTION('',(-1.762738357939E-03,0.999998446376,0.));
#3361 = ORIENTED_EDGE('',*,*,#3362,.T.);
#3362 = EDGE_CURVE('',#3355,#3363,#3365,.T.);
#3363 = VERTEX_POINT('',#3364);
#3364 = CARTESIAN_POINT('',(133.33399111452,-97.95665393461,13.6));
#3365 = LINE('',#3366,#3367);
#3366 = CARTESIAN_POINT('',(134.23800756716,-97.95506038766,13.6));
#3367 = VECTOR('',#3368,1.);
#3368 = DIRECTION('',(-0.999998446376,-1.762738357939E-03,0.));
#3369 = ORIENTED_EDGE('',*,*,#3370,.T.);
#3370 = EDGE_CURVE('',#3363,#3371,#3373,.T.);
#3371 = VERTEX_POINT('',#3372);
#3372 = CARTESIAN_POINT('',(133.33227874011,-96.98522687242,13.6));
#3373 = LINE('',#3374,#3375);
#3374 = CARTESIAN_POINT('',(133.33399111452,-97.95665393461,13.6));
#3375 = VECTOR('',#3376,1.);
#3376 = DIRECTION('',(-1.762738357939E-03,0.999998446376,0.));
#3377 = ORIENTED_EDGE('',*,*,#3378,.T.);
#3378 = EDGE_CURVE('',#3371,#3379,#3381,.T.);
#3379 = VERTEX_POINT('',#3380);
#3380 = CARTESIAN_POINT('',(134.23629519275,-96.98363332546,13.6));
#3381 = LINE('',#3382,#3383);
#3382 = CARTESIAN_POINT('',(133.33227874011,-96.98522687242,13.6));
#3383 = VECTOR('',#3384,1.);
#3384 = DIRECTION('',(0.999998446376,1.762738357939E-03,0.));
#3385 = ORIENTED_EDGE('',*,*,#3386,.T.);
#3386 = EDGE_CURVE('',#3379,#3249,#3387,.T.);
#3387 = LINE('',#3388,#3389);
#3388 = CARTESIAN_POINT('',(134.23629519275,-96.98363332546,13.6));
#3389 = VECTOR('',#3390,1.);
#3390 = DIRECTION('',(-1.762738357939E-03,0.999998446376,0.));
#3391 = FACE_BOUND('',#3392,.T.);
#3392 = EDGE_LOOP('',(#3393));
#3393 = ORIENTED_EDGE('',*,*,#3394,.F.);
#3394 = EDGE_CURVE('',#3395,#3395,#3397,.T.);
#3395 = VERTEX_POINT('',#3396);
#3396 = CARTESIAN_POINT('',(179.60000016058,-137.65,13.6));
#3397 = CIRCLE('',#3398,3.);
#3398 = AXIS2_PLACEMENT_3D('',#3399,#3400,#3401);
#3399 = CARTESIAN_POINT('',(176.60000016058,-137.65,13.6));
#3400 = DIRECTION('',(0.,0.,1.));
#3401 = DIRECTION('',(1.,0.,0.));
#3402 = FACE_BOUND('',#3403,.T.);
#3403 = EDGE_LOOP('',(#3404,#3414,#3422,#3430,#3438,#3446,#3454,#3462,
    #3470,#3478,#3486,#3494,#3502));
#3404 = ORIENTED_EDGE('',*,*,#3405,.T.);
#3405 = EDGE_CURVE('',#3406,#3408,#3410,.T.);
#3406 = VERTEX_POINT('',#3407);
#3407 = CARTESIAN_POINT('',(145.67988029679,-104.4777586363,13.6));
#3408 = VERTEX_POINT('',#3409);
#3409 = CARTESIAN_POINT('',(143.15779251849,-94.4821888879,13.6));
#3410 = LINE('',#3411,#3412);
#3411 = CARTESIAN_POINT('',(145.67988029679,-104.4777586363,13.6));
#3412 = VECTOR('',#3413,1.);
#3413 = DIRECTION('',(-0.244652733872,0.969610767168,0.));
#3414 = ORIENTED_EDGE('',*,*,#3415,.T.);
#3415 = EDGE_CURVE('',#3408,#3416,#3418,.T.);
#3416 = VERTEX_POINT('',#3417);
#3417 = CARTESIAN_POINT('',(144.5238618247,-94.47978086139,13.6));
#3418 = LINE('',#3419,#3420);
#3419 = CARTESIAN_POINT('',(143.15779251849,-94.4821888879,13.6));
#3420 = VECTOR('',#3421,1.);
#3421 = DIRECTION('',(0.999998446376,1.762738357939E-03,0.));
#3422 = ORIENTED_EDGE('',*,*,#3423,.T.);
#3423 = EDGE_CURVE('',#3416,#3424,#3426,.T.);
#3424 = VERTEX_POINT('',#3425);
#3425 = CARTESIAN_POINT('',(146.6414369901,-102.9287398283,13.6));
#3426 = LINE('',#3427,#3428);
#3427 = CARTESIAN_POINT('',(144.5238618247,-94.47978086139,13.6));
#3428 = VECTOR('',#3429,1.);
#3429 = DIRECTION('',(0.243112093346,-0.969998201065,0.));
#3430 = ORIENTED_EDGE('',*,*,#3431,.T.);
#3431 = EDGE_CURVE('',#3424,#3432,#3434,.T.);
#3432 = VERTEX_POINT('',#3433);
#3433 = CARTESIAN_POINT('',(148.72251601584,-94.4723797211,13.6));
#3434 = LINE('',#3435,#3436);
#3435 = CARTESIAN_POINT('',(146.6414369901,-102.9287398283,13.6));
#3436 = VECTOR('',#3437,1.);
#3437 = DIRECTION('',(0.238966370169,0.971027844054,0.));
#3438 = ORIENTED_EDGE('',*,*,#3439,.T.);
#3439 = EDGE_CURVE('',#3432,#3440,#3442,.T.);
#3440 = VERTEX_POINT('',#3441);
#3441 = CARTESIAN_POINT('',(150.24260293991,-94.46970020141,13.6));
#3442 = LINE('',#3443,#3444);
#3443 = CARTESIAN_POINT('',(148.72251601584,-94.4723797211,13.6));
#3444 = VECTOR('',#3445,1.);
#3445 = DIRECTION('',(0.999998446376,1.762738357939E-03,0.));
#3446 = ORIENTED_EDGE('',*,*,#3447,.T.);
#3447 = EDGE_CURVE('',#3440,#3448,#3450,.T.);
#3448 = VERTEX_POINT('',#3449);
#3449 = CARTESIAN_POINT('',(152.36017810531,-102.9186591683,13.6));
#3450 = LINE('',#3451,#3452);
#3451 = CARTESIAN_POINT('',(150.24260293991,-94.46970020141,13.6));
#3452 = VECTOR('',#3453,1.);
#3453 = DIRECTION('',(0.243112093346,-0.969998201065,0.));
#3454 = ORIENTED_EDGE('',*,*,#3455,.T.);
#3455 = EDGE_CURVE('',#3448,#3456,#3458,.T.);
#3456 = VERTEX_POINT('',#3457);
#3457 = CARTESIAN_POINT('',(154.44125713105,-94.46229906111,13.6));
#3458 = LINE('',#3459,#3460);
#3459 = CARTESIAN_POINT('',(152.36017810531,-102.9186591683,13.6));
#3460 = VECTOR('',#3461,1.);
#3461 = DIRECTION('',(0.238966370169,0.971027844054,0.));
#3462 = ORIENTED_EDGE('',*,*,#3463,.T.);
#3463 = EDGE_CURVE('',#3456,#3464,#3466,.T.);
#3464 = VERTEX_POINT('',#3465);
#3465 = CARTESIAN_POINT('',(155.81402285543,-94.45987923056,13.6));
#3466 = LINE('',#3467,#3468);
#3467 = CARTESIAN_POINT('',(154.44125713105,-94.46229906111,13.6));
#3468 = VECTOR('',#3469,1.);
#3469 = DIRECTION('',(0.999998446376,1.762738357939E-03,0.));
#3470 = ORIENTED_EDGE('',*,*,#3471,.T.);
#3471 = EDGE_CURVE('',#3464,#3472,#3474,.T.);
#3472 = VERTEX_POINT('',#3473);
#3473 = CARTESIAN_POINT('',(153.32049342612,-104.4642902136,13.6));
#3474 = LINE('',#3475,#3476);
#3475 = CARTESIAN_POINT('',(155.81402285543,-94.45987923056,13.6));
#3476 = VECTOR('',#3477,1.);
#3477 = DIRECTION('',(-0.241844244567,-0.970315083553,0.));
#3478 = ORIENTED_EDGE('',*,*,#3479,.T.);
#3479 = EDGE_CURVE('',#3472,#3480,#3482,.T.);
#3480 = VERTEX_POINT('',#3481);
#3481 = CARTESIAN_POINT('',(151.61960321153,-104.4672884427,13.6));
#3482 = LINE('',#3483,#3484);
#3483 = CARTESIAN_POINT('',(153.32049342612,-104.4642902136,13.6));
#3484 = VECTOR('',#3485,1.);
#3485 = DIRECTION('',(-0.999998446376,-1.762738357939E-03,0.));
#3486 = ORIENTED_EDGE('',*,*,#3487,.T.);
#3487 = EDGE_CURVE('',#3480,#3488,#3490,.T.);
#3488 = VERTEX_POINT('',#3489);
#3489 = CARTESIAN_POINT('',(149.49493029021,-95.79066306209,13.6));
#3490 = LINE('',#3491,#3492);
#3491 = CARTESIAN_POINT('',(151.61960321153,-104.4672884427,13.6));
#3492 = VECTOR('',#3493,1.);
#3493 = DIRECTION('',(-0.237846030709,0.971302870209,0.));
#3494 = ORIENTED_EDGE('',*,*,#3495,.T.);
#3495 = EDGE_CURVE('',#3488,#3496,#3498,.T.);
#3496 = VERTEX_POINT('',#3497);
#3497 = CARTESIAN_POINT('',(147.38077051138,-104.4747604073,13.6));
#3498 = LINE('',#3499,#3500);
#3499 = CARTESIAN_POINT('',(149.49493029021,-95.79066306209,13.6));
#3500 = VECTOR('',#3501,1.);
#3501 = DIRECTION('',(-0.23654296144,-0.971621030749,0.));
#3502 = ORIENTED_EDGE('',*,*,#3503,.T.);
#3503 = EDGE_CURVE('',#3496,#3406,#3504,.T.);
#3504 = LINE('',#3505,#3506);
#3505 = CARTESIAN_POINT('',(147.38077051138,-104.4747604073,13.6));
#3506 = VECTOR('',#3507,1.);
#3507 = DIRECTION('',(-0.999998446376,-1.762738357939E-03,0.));
#3508 = FACE_BOUND('',#3509,.T.);
#3509 = EDGE_LOOP('',(#3510,#3520,#3528,#3536,#3544,#3552,#3560,#3568,
    #3576,#3584,#3592,#3600,#3608,#3616,#3624));
#3510 = ORIENTED_EDGE('',*,*,#3511,.T.);
#3511 = EDGE_CURVE('',#3512,#3514,#3516,.T.);
#3512 = VERTEX_POINT('',#3513);
#3513 = CARTESIAN_POINT('',(162.30641649676,-97.73683278755,13.6));
#3514 = VERTEX_POINT('',#3515);
#3515 = CARTESIAN_POINT('',(163.19188523478,-100.3825974769,13.6));
#3516 = B_SPLINE_CURVE_WITH_KNOTS('',2,(#3517,#3518,#3519),
  .UNSPECIFIED.,.F.,.F.,(3,3),(0.,1.),.PIECEWISE_BEZIER_KNOTS.);
#3517 = CARTESIAN_POINT('',(162.30641649676,-97.73683278755,13.6));
#3518 = CARTESIAN_POINT('',(163.18893500884,-98.70893936289,13.6));
#3519 = CARTESIAN_POINT('',(163.19188523478,-100.3825974769,13.6));
#3520 = ORIENTED_EDGE('',*,*,#3521,.T.);
#3521 = EDGE_CURVE('',#3514,#3522,#3524,.T.);
#3522 = VERTEX_POINT('',#3523);
#3523 = CARTESIAN_POINT('',(163.19295546878,-100.9897393908,13.6));
#3524 = LINE('',#3525,#3526);
#3525 = CARTESIAN_POINT('',(163.19188523478,-100.3825974769,13.6));
#3526 = VECTOR('',#3527,1.);
#3527 = DIRECTION('',(1.762738357939E-03,-0.999998446376,0.));
#3528 = ORIENTED_EDGE('',*,*,#3529,.T.);
#3529 = EDGE_CURVE('',#3522,#3530,#3532,.T.);
#3530 = VERTEX_POINT('',#3531);
#3531 = CARTESIAN_POINT('',(157.52778569891,-100.9997256183,13.6));
#3532 = LINE('',#3533,#3534);
#3533 = CARTESIAN_POINT('',(163.19295546878,-100.9897393908,13.6));
#3534 = VECTOR('',#3535,1.);
#3535 = DIRECTION('',(-0.999998446376,-1.762738357939E-03,0.));
#3536 = ORIENTED_EDGE('',*,*,#3537,.T.);
#3537 = EDGE_CURVE('',#3530,#3538,#3540,.T.);
#3538 = VERTEX_POINT('',#3539);
#3539 = CARTESIAN_POINT('',(158.29771373606,-102.9336392984,13.6));
#3540 = B_SPLINE_CURVE_WITH_KNOTS('',2,(#3541,#3542,#3543),
  .UNSPECIFIED.,.F.,.F.,(3,3),(0.,1.),.PIECEWISE_BEZIER_KNOTS.);
#3541 = CARTESIAN_POINT('',(157.52778569891,-100.9997256183,13.6));
#3542 = CARTESIAN_POINT('',(157.61038155203,-102.2696712822,13.6));
#3543 = CARTESIAN_POINT('',(158.29771373606,-102.9336392984,13.6));
#3544 = ORIENTED_EDGE('',*,*,#3545,.T.);
#3545 = EDGE_CURVE('',#3538,#3546,#3548,.T.);
#3546 = VERTEX_POINT('',#3547);
#3547 = CARTESIAN_POINT('',(160.21093608572,-103.5949999583,13.6));
#3548 = B_SPLINE_CURVE_WITH_KNOTS('',2,(#3549,#3550,#3551),
  .UNSPECIFIED.,.F.,.F.,(3,3),(0.,1.),.PIECEWISE_BEZIER_KNOTS.);
#3549 = CARTESIAN_POINT('',(158.29771373606,-102.9336392984,13.6));
#3550 = CARTESIAN_POINT('',(158.98549156103,-103.5971600997,13.6));
#3551 = CARTESIAN_POINT('',(160.21093608572,-103.5949999583,13.6));
#3552 = ORIENTED_EDGE('',*,*,#3553,.T.);
#3553 = EDGE_CURVE('',#3546,#3554,#3556,.T.);
#3554 = VERTEX_POINT('',#3555);
#3555 = CARTESIAN_POINT('',(161.58652462153,-103.4211463141,13.6));
#3556 = B_SPLINE_CURVE_WITH_KNOTS('',2,(#3557,#3558,#3559),
  .UNSPECIFIED.,.F.,.F.,(3,3),(0.,1.),.PIECEWISE_BEZIER_KNOTS.);
#3557 = CARTESIAN_POINT('',(160.21093608572,-103.5949999583,13.6));
#3558 = CARTESIAN_POINT('',(160.9207564115,-103.5937487288,13.6));
#3559 = CARTESIAN_POINT('',(161.58652462153,-103.4211463141,13.6));
#3560 = ORIENTED_EDGE('',*,*,#3561,.T.);
#3561 = EDGE_CURVE('',#3554,#3562,#3564,.T.);
#3562 = VERTEX_POINT('',#3563);
#3563 = CARTESIAN_POINT('',(162.90838387243,-102.9045297052,13.6));
#3564 = B_SPLINE_CURVE_WITH_KNOTS('',2,(#3565,#3566,#3567),
  .UNSPECIFIED.,.F.,.F.,(3,3),(0.,1.),.PIECEWISE_BEZIER_KNOTS.);
#3565 = CARTESIAN_POINT('',(161.58652462153,-103.4211463141,13.6));
#3566 = CARTESIAN_POINT('',(162.25273925943,-103.2485431124,13.6));
#3567 = CARTESIAN_POINT('',(162.90838387243,-102.9045297052,13.6));
#3568 = ORIENTED_EDGE('',*,*,#3569,.T.);
#3569 = EDGE_CURVE('',#3562,#3570,#3572,.T.);
#3570 = VERTEX_POINT('',#3571);
#3571 = CARTESIAN_POINT('',(162.9104487945,-104.0759564566,13.6));
#3572 = LINE('',#3573,#3574);
#3573 = CARTESIAN_POINT('',(162.90838387243,-102.9045297052,13.6));
#3574 = VECTOR('',#3575,1.);
#3575 = DIRECTION('',(1.762738357939E-03,-0.999998446376,0.));
#3576 = ORIENTED_EDGE('',*,*,#3577,.T.);
#3577 = EDGE_CURVE('',#3570,#3578,#3580,.T.);
#3578 = VERTEX_POINT('',#3579);
#3579 = CARTESIAN_POINT('',(161.55182507027,-104.5033520188,13.6));
#3580 = B_SPLINE_CURVE_WITH_KNOTS('',2,(#3581,#3582,#3583),
  .UNSPECIFIED.,.F.,.F.,(3,3),(0.,1.),.PIECEWISE_BEZIER_KNOTS.);
#3581 = CARTESIAN_POINT('',(162.9104487945,-104.0759564566,13.6));
#3582 = CARTESIAN_POINT('',(162.24799523138,-104.3561424814,13.6));
#3583 = CARTESIAN_POINT('',(161.55182507027,-104.5033520188,13.6));
#3584 = ORIENTED_EDGE('',*,*,#3585,.T.);
#3585 = EDGE_CURVE('',#3578,#3586,#3588,.T.);
#3586 = VERTEX_POINT('',#3587);
#3587 = CARTESIAN_POINT('',(160.13913895214,-104.6522710176,13.6));
#3588 = B_SPLINE_CURVE_WITH_KNOTS('',2,(#3589,#3590,#3591),
  .UNSPECIFIED.,.F.,.F.,(3,3),(0.,1.),.PIECEWISE_BEZIER_KNOTS.);
#3589 = CARTESIAN_POINT('',(161.55182507027,-104.5033520188,13.6));
#3590 = CARTESIAN_POINT('',(160.85565569608,-104.6510079841,13.6));
#3591 = CARTESIAN_POINT('',(160.13913895214,-104.6522710176,13.6));
#3592 = ORIENTED_EDGE('',*,*,#3593,.T.);
#3593 = EDGE_CURVE('',#3586,#3594,#3596,.T.);
#3594 = VERTEX_POINT('',#3595);
#3595 = CARTESIAN_POINT('',(157.29444243317,-103.6113017132,13.6));
#3596 = B_SPLINE_CURVE_WITH_KNOTS('',2,(#3597,#3598,#3599),
  .UNSPECIFIED.,.F.,.F.,(3,3),(0.,1.),.PIECEWISE_BEZIER_KNOTS.);
#3597 = CARTESIAN_POINT('',(160.13913895214,-104.6522710176,13.6));
#3598 = CARTESIAN_POINT('',(158.3444988832,-104.6554345034,13.6));
#3599 = CARTESIAN_POINT('',(157.29444243317,-103.6113017132,13.6));
#3600 = ORIENTED_EDGE('',*,*,#3601,.T.);
#3601 = EDGE_CURVE('',#3594,#3602,#3604,.T.);
#3602 = VERTEX_POINT('',#3603);
#3603 = CARTESIAN_POINT('',(156.2416878117,-100.7832423361,13.6));
#3604 = B_SPLINE_CURVE_WITH_KNOTS('',2,(#3605,#3606,#3607),
  .UNSPECIFIED.,.F.,.F.,(3,3),(0.,1.),.PIECEWISE_BEZIER_KNOTS.);
#3605 = CARTESIAN_POINT('',(157.29444243317,-103.6113017132,13.6));
#3606 = CARTESIAN_POINT('',(156.24483241102,-102.5671681359,13.6));
#3607 = CARTESIAN_POINT('',(156.2416878117,-100.7832423361,13.6));
#3608 = ORIENTED_EDGE('',*,*,#3609,.T.);
#3609 = EDGE_CURVE('',#3602,#3610,#3612,.T.);
#3610 = VERTEX_POINT('',#3611);
#3611 = CARTESIAN_POINT('',(157.23072353822,-97.85470866078,13.6));
#3612 = B_SPLINE_CURVE_WITH_KNOTS('',2,(#3613,#3614,#3615),
  .UNSPECIFIED.,.F.,.F.,(3,3),(0.,1.),.PIECEWISE_BEZIER_KNOTS.);
#3613 = CARTESIAN_POINT('',(156.2416878117,-100.7832423361,13.6));
#3614 = CARTESIAN_POINT('',(156.23843776285,-98.93949520062,13.6));
#3615 = CARTESIAN_POINT('',(157.23072353822,-97.85470866078,13.6));
#3616 = ORIENTED_EDGE('',*,*,#3617,.T.);
#3617 = EDGE_CURVE('',#3610,#3618,#3620,.T.);
#3618 = VERTEX_POINT('',#3619);
#3619 = CARTESIAN_POINT('',(159.91095311972,-96.76694671303,13.6));
#3620 = B_SPLINE_CURVE_WITH_KNOTS('',2,(#3621,#3622,#3623),
  .UNSPECIFIED.,.F.,.F.,(3,3),(0.,1.),.PIECEWISE_BEZIER_KNOTS.);
#3621 = CARTESIAN_POINT('',(157.23072353822,-97.85470866078,13.6));
#3622 = CARTESIAN_POINT('',(158.22345574147,-96.76992133401,13.6));
#3623 = CARTESIAN_POINT('',(159.91095311972,-96.76694671303,13.6));
#3624 = ORIENTED_EDGE('',*,*,#3625,.T.);
#3625 = EDGE_CURVE('',#3618,#3512,#3626,.T.);
#3626 = B_SPLINE_CURVE_WITH_KNOTS('',2,(#3627,#3628,#3629),
  .UNSPECIFIED.,.F.,.F.,(3,3),(0.,1.),.PIECEWISE_BEZIER_KNOTS.);
#3627 = CARTESIAN_POINT('',(159.91095311972,-96.76694671303,13.6));
#3628 = CARTESIAN_POINT('',(161.42434362562,-96.76427899739,13.6));
#3629 = CARTESIAN_POINT('',(162.30641649676,-97.73683278755,13.6));
#3630 = FACE_BOUND('',#3631,.T.);
#3631 = EDGE_LOOP('',(#3632,#3642,#3650,#3658));
#3632 = ORIENTED_EDGE('',*,*,#3633,.T.);
#3633 = EDGE_CURVE('',#3634,#3636,#3638,.T.);
#3634 = VERTEX_POINT('',#3635);
#3635 = CARTESIAN_POINT('',(165.21243923619,-104.443327792,13.6));
#3636 = VERTEX_POINT('',#3637);
#3637 = CARTESIAN_POINT('',(165.19405639332,-94.01477256554,13.6));
#3638 = LINE('',#3639,#3640);
#3639 = CARTESIAN_POINT('',(165.21243923619,-104.443327792,13.6));
#3640 = VECTOR('',#3641,1.);
#3641 = DIRECTION('',(-1.762738357939E-03,0.999998446376,0.));
#3642 = ORIENTED_EDGE('',*,*,#3643,.T.);
#3643 = EDGE_CURVE('',#3636,#3644,#3646,.T.);
#3644 = VERTEX_POINT('',#3645);
#3645 = CARTESIAN_POINT('',(166.42619733617,-94.01260062006,13.6));
#3646 = LINE('',#3647,#3648);
#3647 = CARTESIAN_POINT('',(165.19405639332,-94.01477256554,13.6));
#3648 = VECTOR('',#3649,1.);
#3649 = DIRECTION('',(0.999998446376,1.762738357939E-03,0.));
#3650 = ORIENTED_EDGE('',*,*,#3651,.T.);
#3651 = EDGE_CURVE('',#3644,#3652,#3654,.T.);
#3652 = VERTEX_POINT('',#3653);
#3653 = CARTESIAN_POINT('',(166.44458017905,-104.4411558465,13.6));
#3654 = LINE('',#3655,#3656);
#3655 = CARTESIAN_POINT('',(166.42619733617,-94.01260062006,13.6));
#3656 = VECTOR('',#3657,1.);
#3657 = DIRECTION('',(1.762738357939E-03,-0.999998446376,0.));
#3658 = ORIENTED_EDGE('',*,*,#3659,.T.);
#3659 = EDGE_CURVE('',#3652,#3634,#3660,.T.);
#3660 = LINE('',#3661,#3662);
#3661 = CARTESIAN_POINT('',(166.44458017905,-104.4411558465,13.6));
#3662 = VECTOR('',#3663,1.);
#3663 = DIRECTION('',(-0.999998446376,-1.762738357939E-03,0.));
#3664 = FACE_BOUND('',#3665,.T.);
#3665 = EDGE_LOOP('',(#3666,#3676,#3684,#3692,#3700,#3708,#3716,#3724,
    #3732,#3740,#3748,#3756,#3764));
#3666 = ORIENTED_EDGE('',*,*,#3667,.T.);
#3667 = EDGE_CURVE('',#3668,#3670,#3672,.T.);
#3668 = VERTEX_POINT('',#3669);
#3669 = CARTESIAN_POINT('',(172.95346767228,-97.06761735376,13.6));
#3670 = VERTEX_POINT('',#3671);
#3671 = CARTESIAN_POINT('',(173.93646236047,-98.05651112769,13.6));
#3672 = B_SPLINE_CURVE_WITH_KNOTS('',2,(#3673,#3674,#3675),
  .UNSPECIFIED.,.F.,.F.,(3,3),(0.,1.),.PIECEWISE_BEZIER_KNOTS.);
#3673 = CARTESIAN_POINT('',(172.95346767228,-97.06761735376,13.6));
#3674 = CARTESIAN_POINT('',(173.54689442322,-97.39023251317,13.6));
#3675 = CARTESIAN_POINT('',(173.93646236047,-98.05651112769,13.6));
#3676 = ORIENTED_EDGE('',*,*,#3677,.T.);
#3677 = EDGE_CURVE('',#3670,#3678,#3680,.T.);
#3678 = VERTEX_POINT('',#3679);
#3679 = CARTESIAN_POINT('',(173.92931067913,-93.99937457382,13.6));
#3680 = LINE('',#3681,#3682);
#3681 = CARTESIAN_POINT('',(173.93646236047,-98.05651112769,13.6));
#3682 = VECTOR('',#3683,1.);
#3683 = DIRECTION('',(-1.762738357939E-03,0.999998446376,0.));
#3684 = ORIENTED_EDGE('',*,*,#3685,.T.);
#3685 = EDGE_CURVE('',#3678,#3686,#3688,.T.);
#3686 = VERTEX_POINT('',#3687);
#3687 = CARTESIAN_POINT('',(175.16145162199,-93.99720262834,13.6));
#3688 = LINE('',#3689,#3690);
#3689 = CARTESIAN_POINT('',(173.92931067913,-93.99937457382,13.6));
#3690 = VECTOR('',#3691,1.);
#3691 = DIRECTION('',(0.999998446376,1.762738357939E-03,0.));
#3692 = ORIENTED_EDGE('',*,*,#3693,.T.);
#3693 = EDGE_CURVE('',#3686,#3694,#3696,.T.);
#3694 = VERTEX_POINT('',#3695);
#3695 = CARTESIAN_POINT('',(175.17983446486,-104.4257578548,13.6));
#3696 = LINE('',#3697,#3698);
#3697 = CARTESIAN_POINT('',(175.16145162199,-93.99720262834,13.6));
#3698 = VECTOR('',#3699,1.);
#3699 = DIRECTION('',(1.762738357939E-03,-0.999998446376,0.));
#3700 = ORIENTED_EDGE('',*,*,#3701,.T.);
#3701 = EDGE_CURVE('',#3694,#3702,#3704,.T.);
#3702 = VERTEX_POINT('',#3703);
#3703 = CARTESIAN_POINT('',(173.94769352201,-104.4279298003,13.6));
#3704 = LINE('',#3705,#3706);
#3705 = CARTESIAN_POINT('',(175.17983446486,-104.4257578548,13.6));
#3706 = VECTOR('',#3707,1.);
#3707 = DIRECTION('',(-0.999998446376,-1.762738357939E-03,0.));
#3708 = ORIENTED_EDGE('',*,*,#3709,.T.);
#3709 = EDGE_CURVE('',#3702,#3710,#3712,.T.);
#3710 = VERTEX_POINT('',#3711);
#3711 = CARTESIAN_POINT('',(173.94572932784,-103.3136458172,13.6));
#3712 = LINE('',#3713,#3714);
#3713 = CARTESIAN_POINT('',(173.94769352201,-104.4279298003,13.6));
#3714 = VECTOR('',#3715,1.);
#3715 = DIRECTION('',(-1.762738357939E-03,0.999998446376,0.));
#3716 = ORIENTED_EDGE('',*,*,#3717,.T.);
#3717 = EDGE_CURVE('',#3710,#3718,#3720,.T.);
#3718 = VERTEX_POINT('',#3719);
#3719 = CARTESIAN_POINT('',(172.96622706502,-104.3059989651,13.6));
#3720 = B_SPLINE_CURVE_WITH_KNOTS('',2,(#3721,#3722,#3723),
  .UNSPECIFIED.,.F.,.F.,(3,3),(0.,1.),.PIECEWISE_BEZIER_KNOTS.);
#3721 = CARTESIAN_POINT('',(173.94572932784,-103.3136458172,13.6));
#3722 = CARTESIAN_POINT('',(173.55851275764,-103.9812937016,13.6));
#3723 = CARTESIAN_POINT('',(172.96622706502,-104.3059989651,13.6));
#3724 = ORIENTED_EDGE('',*,*,#3725,.T.);
#3725 = EDGE_CURVE('',#3718,#3726,#3728,.T.);
#3726 = VERTEX_POINT('',#3727);
#3727 = CARTESIAN_POINT('',(171.54403194748,-104.632167144,13.6));
#3728 = B_SPLINE_CURVE_WITH_KNOTS('',2,(#3729,#3730,#3731),
  .UNSPECIFIED.,.F.,.F.,(3,3),(0.,1.),.PIECEWISE_BEZIER_KNOTS.);
#3729 = CARTESIAN_POINT('',(172.96622706502,-104.3059989651,13.6));
#3730 = CARTESIAN_POINT('',(172.37438780027,-104.6307034416,13.6));
#3731 = CARTESIAN_POINT('',(171.54403194748,-104.632167144,13.6));
#3732 = ORIENTED_EDGE('',*,*,#3733,.T.);
#3733 = EDGE_CURVE('',#3726,#3734,#3736,.T.);
#3734 = VERTEX_POINT('',#3735);
#3735 = CARTESIAN_POINT('',(169.32872791196,-103.5499097497,13.6));
#3736 = B_SPLINE_CURVE_WITH_KNOTS('',2,(#3737,#3738,#3739),
  .UNSPECIFIED.,.F.,.F.,(3,3),(0.,1.),.PIECEWISE_BEZIER_KNOTS.);
#3737 = CARTESIAN_POINT('',(171.54403194748,-104.632167144,13.6));
#3738 = CARTESIAN_POINT('',(170.18465905944,-104.6345633665,13.6));
#3739 = CARTESIAN_POINT('',(169.32872791196,-103.5499097497,13.6));
#3740 = ORIENTED_EDGE('',*,*,#3741,.T.);
#3741 = EDGE_CURVE('',#3734,#3742,#3744,.T.);
#3742 = VERTEX_POINT('',#3743);
#3743 = CARTESIAN_POINT('',(168.47012220115,-100.6947223825,13.6));
#3744 = B_SPLINE_CURVE_WITH_KNOTS('',2,(#3745,#3746,#3747),
  .UNSPECIFIED.,.F.,.F.,(3,3),(0.,1.),.PIECEWISE_BEZIER_KNOTS.);
#3745 = CARTESIAN_POINT('',(169.32872791196,-103.5499097497,13.6));
#3746 = CARTESIAN_POINT('',(168.47324240543,-102.4648089181,13.6));
#3747 = CARTESIAN_POINT('',(168.47012220115,-100.6947223825,13.6));
#3748 = ORIENTED_EDGE('',*,*,#3749,.T.);
#3749 = EDGE_CURVE('',#3742,#3750,#3752,.T.);
#3750 = VERTEX_POINT('',#3751);
#3751 = CARTESIAN_POINT('',(169.31865748216,-97.83697219697,13.6));
#3752 = B_SPLINE_CURVE_WITH_KNOTS('',2,(#3753,#3754,#3755),
  .UNSPECIFIED.,.F.,.F.,(3,3),(0.,1.),.PIECEWISE_BEZIER_KNOTS.);
#3753 = CARTESIAN_POINT('',(168.47012220115,-100.6947223825,13.6));
#3754 = CARTESIAN_POINT('',(168.46700199687,-98.92463584686,13.6));
#3755 = CARTESIAN_POINT('',(169.31865748216,-97.83697219697,13.6));
#3756 = ORIENTED_EDGE('',*,*,#3757,.T.);
#3757 = EDGE_CURVE('',#3750,#3758,#3760,.T.);
#3758 = VERTEX_POINT('',#3759);
#3759 = CARTESIAN_POINT('',(171.53013149643,-96.7464651098,13.6));
#3760 = B_SPLINE_CURVE_WITH_KNOTS('',2,(#3761,#3762,#3763),
  .UNSPECIFIED.,.F.,.F.,(3,3),(0.,1.),.PIECEWISE_BEZIER_KNOTS.);
#3761 = CARTESIAN_POINT('',(169.31865748216,-97.83697219697,13.6));
#3762 = CARTESIAN_POINT('',(170.17075860839,-96.74886133225,13.6));
#3763 = CARTESIAN_POINT('',(171.53013149643,-96.7464651098,13.6));
#3764 = ORIENTED_EDGE('',*,*,#3765,.T.);
#3765 = EDGE_CURVE('',#3758,#3668,#3766,.T.);
#3766 = B_SPLINE_CURVE_WITH_KNOTS('',2,(#3767,#3768,#3769),
  .UNSPECIFIED.,.F.,.F.,(3,3),(0.,1.),.PIECEWISE_BEZIER_KNOTS.);
#3767 = CARTESIAN_POINT('',(171.53013149643,-96.7464651098,13.6));
#3768 = CARTESIAN_POINT('',(172.36048734922,-96.74500140741,13.6));
#3769 = CARTESIAN_POINT('',(172.95346767228,-97.06761735376,13.6));
#3770 = FACE_BOUND('',#3771,.T.);
#3771 = EDGE_LOOP('',(#3772));
#3772 = ORIENTED_EDGE('',*,*,#1849,.F.);
#3773 = FACE_BOUND('',#3774,.T.);
#3774 = EDGE_LOOP('',(#3775,#3785,#3793,#3801,#3809,#3817,#3825,#3833,
    #3841,#3849,#3857,#3865,#3873,#3881,#3889));
#3775 = ORIENTED_EDGE('',*,*,#3776,.T.);
#3776 = EDGE_CURVE('',#3777,#3779,#3781,.T.);
#3777 = VERTEX_POINT('',#3778);
#3778 = CARTESIAN_POINT('',(183.24924110228,-97.69991600994,13.6));
#3779 = VERTEX_POINT('',#3780);
#3780 = CARTESIAN_POINT('',(184.1347098403,-100.3456806993,13.6));
#3781 = B_SPLINE_CURVE_WITH_KNOTS('',2,(#3782,#3783,#3784),
  .UNSPECIFIED.,.F.,.F.,(3,3),(0.,1.),.PIECEWISE_BEZIER_KNOTS.);
#3782 = CARTESIAN_POINT('',(183.24924110228,-97.69991600994,13.6));
#3783 = CARTESIAN_POINT('',(184.13175961436,-98.67202258528,13.6));
#3784 = CARTESIAN_POINT('',(184.1347098403,-100.3456806993,13.6));
#3785 = ORIENTED_EDGE('',*,*,#3786,.T.);
#3786 = EDGE_CURVE('',#3779,#3787,#3789,.T.);
#3787 = VERTEX_POINT('',#3788);
#3788 = CARTESIAN_POINT('',(184.1357800743,-100.9528226131,13.6));
#3789 = LINE('',#3790,#3791);
#3790 = CARTESIAN_POINT('',(184.1347098403,-100.3456806993,13.6));
#3791 = VECTOR('',#3792,1.);
#3792 = DIRECTION('',(1.762738357939E-03,-0.999998446376,0.));
#3793 = ORIENTED_EDGE('',*,*,#3794,.T.);
#3794 = EDGE_CURVE('',#3787,#3795,#3797,.T.);
#3795 = VERTEX_POINT('',#3796);
#3796 = CARTESIAN_POINT('',(178.47061030444,-100.9628088407,13.6));
#3797 = LINE('',#3798,#3799);
#3798 = CARTESIAN_POINT('',(184.1357800743,-100.9528226131,13.6));
#3799 = VECTOR('',#3800,1.);
#3800 = DIRECTION('',(-0.999998446376,-1.762738357939E-03,0.));
#3801 = ORIENTED_EDGE('',*,*,#3802,.T.);
#3802 = EDGE_CURVE('',#3795,#3803,#3805,.T.);
#3803 = VERTEX_POINT('',#3804);
#3804 = CARTESIAN_POINT('',(179.24053834158,-102.8967225208,13.6));
#3805 = B_SPLINE_CURVE_WITH_KNOTS('',2,(#3806,#3807,#3808),
  .UNSPECIFIED.,.F.,.F.,(3,3),(0.,1.),.PIECEWISE_BEZIER_KNOTS.);
#3806 = CARTESIAN_POINT('',(178.47061030444,-100.9628088407,13.6));
#3807 = CARTESIAN_POINT('',(178.55320615755,-102.2327545046,13.6));
#3808 = CARTESIAN_POINT('',(179.24053834158,-102.8967225208,13.6));
#3809 = ORIENTED_EDGE('',*,*,#3810,.T.);
#3810 = EDGE_CURVE('',#3803,#3811,#3813,.T.);
#3811 = VERTEX_POINT('',#3812);
#3812 = CARTESIAN_POINT('',(181.15376069124,-103.5580831807,13.6));
#3813 = B_SPLINE_CURVE_WITH_KNOTS('',2,(#3814,#3815,#3816),
  .UNSPECIFIED.,.F.,.F.,(3,3),(0.,1.),.PIECEWISE_BEZIER_KNOTS.);
#3814 = CARTESIAN_POINT('',(179.24053834158,-102.8967225208,13.6));
#3815 = CARTESIAN_POINT('',(179.92831616656,-103.5602433221,13.6));
#3816 = CARTESIAN_POINT('',(181.15376069124,-103.5580831807,13.6));
#3817 = ORIENTED_EDGE('',*,*,#3818,.T.);
#3818 = EDGE_CURVE('',#3811,#3819,#3821,.T.);
#3819 = VERTEX_POINT('',#3820);
#3820 = CARTESIAN_POINT('',(182.52934922705,-103.3842295365,13.6));
#3821 = B_SPLINE_CURVE_WITH_KNOTS('',2,(#3822,#3823,#3824),
  .UNSPECIFIED.,.F.,.F.,(3,3),(0.,1.),.PIECEWISE_BEZIER_KNOTS.);
#3822 = CARTESIAN_POINT('',(181.15376069124,-103.5580831807,13.6));
#3823 = CARTESIAN_POINT('',(181.86358101702,-103.5568319512,13.6));
#3824 = CARTESIAN_POINT('',(182.52934922705,-103.3842295365,13.6));
#3825 = ORIENTED_EDGE('',*,*,#3826,.T.);
#3826 = EDGE_CURVE('',#3819,#3827,#3829,.T.);
#3827 = VERTEX_POINT('',#3828);
#3828 = CARTESIAN_POINT('',(183.85120847795,-102.8676129276,13.6));
#3829 = B_SPLINE_CURVE_WITH_KNOTS('',2,(#3830,#3831,#3832),
  .UNSPECIFIED.,.F.,.F.,(3,3),(0.,1.),.PIECEWISE_BEZIER_KNOTS.);
#3830 = CARTESIAN_POINT('',(182.52934922705,-103.3842295365,13.6));
#3831 = CARTESIAN_POINT('',(183.19556386495,-103.2116263348,13.6));
#3832 = CARTESIAN_POINT('',(183.85120847795,-102.8676129276,13.6));
#3833 = ORIENTED_EDGE('',*,*,#3834,.T.);
#3834 = EDGE_CURVE('',#3827,#3835,#3837,.T.);
#3835 = VERTEX_POINT('',#3836);
#3836 = CARTESIAN_POINT('',(183.85327340003,-104.039039679,13.6));
#3837 = LINE('',#3838,#3839);
#3838 = CARTESIAN_POINT('',(183.85120847795,-102.8676129276,13.6));
#3839 = VECTOR('',#3840,1.);
#3840 = DIRECTION('',(1.762738357939E-03,-0.999998446376,0.));
#3841 = ORIENTED_EDGE('',*,*,#3842,.T.);
#3842 = EDGE_CURVE('',#3835,#3843,#3845,.T.);
#3843 = VERTEX_POINT('',#3844);
#3844 = CARTESIAN_POINT('',(182.49464967579,-104.4664352412,13.6));
#3845 = B_SPLINE_CURVE_WITH_KNOTS('',2,(#3846,#3847,#3848),
  .UNSPECIFIED.,.F.,.F.,(3,3),(0.,1.),.PIECEWISE_BEZIER_KNOTS.);
#3846 = CARTESIAN_POINT('',(183.85327340003,-104.039039679,13.6));
#3847 = CARTESIAN_POINT('',(183.1908198369,-104.3192257038,13.6));
#3848 = CARTESIAN_POINT('',(182.49464967579,-104.4664352412,13.6));
#3849 = ORIENTED_EDGE('',*,*,#3850,.T.);
#3850 = EDGE_CURVE('',#3843,#3851,#3853,.T.);
#3851 = VERTEX_POINT('',#3852);
#3852 = CARTESIAN_POINT('',(181.08196355766,-104.61535424,13.6));
#3853 = B_SPLINE_CURVE_WITH_KNOTS('',2,(#3854,#3855,#3856),
  .UNSPECIFIED.,.F.,.F.,(3,3),(0.,1.),.PIECEWISE_BEZIER_KNOTS.);
#3854 = CARTESIAN_POINT('',(182.49464967579,-104.4664352412,13.6));
#3855 = CARTESIAN_POINT('',(181.79848030161,-104.6140912065,13.6));
#3856 = CARTESIAN_POINT('',(181.08196355766,-104.61535424,13.6));
#3857 = ORIENTED_EDGE('',*,*,#3858,.T.);
#3858 = EDGE_CURVE('',#3851,#3859,#3861,.T.);
#3859 = VERTEX_POINT('',#3860);
#3860 = CARTESIAN_POINT('',(178.23726703869,-103.5743849355,13.6));
#3861 = B_SPLINE_CURVE_WITH_KNOTS('',2,(#3862,#3863,#3864),
  .UNSPECIFIED.,.F.,.F.,(3,3),(0.,1.),.PIECEWISE_BEZIER_KNOTS.);
#3862 = CARTESIAN_POINT('',(181.08196355766,-104.61535424,13.6));
#3863 = CARTESIAN_POINT('',(179.28732348872,-104.6185177258,13.6));
#3864 = CARTESIAN_POINT('',(178.23726703869,-103.5743849355,13.6));
#3865 = ORIENTED_EDGE('',*,*,#3866,.T.);
#3866 = EDGE_CURVE('',#3859,#3867,#3869,.T.);
#3867 = VERTEX_POINT('',#3868);
#3868 = CARTESIAN_POINT('',(177.18451241722,-100.7463255585,13.6));
#3869 = B_SPLINE_CURVE_WITH_KNOTS('',2,(#3870,#3871,#3872),
  .UNSPECIFIED.,.F.,.F.,(3,3),(0.,1.),.PIECEWISE_BEZIER_KNOTS.);
#3870 = CARTESIAN_POINT('',(178.23726703869,-103.5743849355,13.6));
#3871 = CARTESIAN_POINT('',(177.18765701654,-102.5302513583,13.6));
#3872 = CARTESIAN_POINT('',(177.18451241722,-100.7463255585,13.6));
#3873 = ORIENTED_EDGE('',*,*,#3874,.T.);
#3874 = EDGE_CURVE('',#3867,#3875,#3877,.T.);
#3875 = VERTEX_POINT('',#3876);
#3876 = CARTESIAN_POINT('',(178.17354814374,-97.81779188317,13.6));
#3877 = B_SPLINE_CURVE_WITH_KNOTS('',2,(#3878,#3879,#3880),
  .UNSPECIFIED.,.F.,.F.,(3,3),(0.,1.),.PIECEWISE_BEZIER_KNOTS.);
#3878 = CARTESIAN_POINT('',(177.18451241722,-100.7463255585,13.6));
#3879 = CARTESIAN_POINT('',(177.18126236838,-98.90257842301,13.6));
#3880 = CARTESIAN_POINT('',(178.17354814374,-97.81779188317,13.6));
#3881 = ORIENTED_EDGE('',*,*,#3882,.T.);
#3882 = EDGE_CURVE('',#3875,#3883,#3885,.T.);
#3883 = VERTEX_POINT('',#3884);
#3884 = CARTESIAN_POINT('',(180.85377772525,-96.73002993542,13.6));
#3885 = B_SPLINE_CURVE_WITH_KNOTS('',2,(#3886,#3887,#3888),
  .UNSPECIFIED.,.F.,.F.,(3,3),(0.,1.),.PIECEWISE_BEZIER_KNOTS.);
#3886 = CARTESIAN_POINT('',(178.17354814374,-97.81779188317,13.6));
#3887 = CARTESIAN_POINT('',(179.16628034699,-96.7330045564,13.6));
#3888 = CARTESIAN_POINT('',(180.85377772525,-96.73002993542,13.6));
#3889 = ORIENTED_EDGE('',*,*,#3890,.T.);
#3890 = EDGE_CURVE('',#3883,#3777,#3891,.T.);
#3891 = B_SPLINE_CURVE_WITH_KNOTS('',2,(#3892,#3893,#3894),
  .UNSPECIFIED.,.F.,.F.,(3,3),(0.,1.),.PIECEWISE_BEZIER_KNOTS.);
#3892 = CARTESIAN_POINT('',(180.85377772525,-96.73002993542,13.6));
#3893 = CARTESIAN_POINT('',(182.36716823114,-96.72736221978,13.6));
#3894 = CARTESIAN_POINT('',(183.24924110228,-97.69991600994,13.6));
#3895 = FACE_BOUND('',#3896,.T.);
#3896 = EDGE_LOOP('',(#3897,#3907,#3915,#3923,#3931,#3939,#3947,#3955,
    #3963,#3971,#3979,#3987,#3995,#4003));
#3897 = ORIENTED_EDGE('',*,*,#3898,.T.);
#3898 = EDGE_CURVE('',#3899,#3901,#3903,.T.);
#3899 = VERTEX_POINT('',#3900);
#3900 = CARTESIAN_POINT('',(190.48109563891,-96.77020241241,13.6));
#3901 = VERTEX_POINT('',#3902);
#3902 = CARTESIAN_POINT('',(190.49000807101,-98.02733151237,13.6));
#3903 = LINE('',#3904,#3905);
#3904 = CARTESIAN_POINT('',(190.48109563891,-96.77020241241,13.6));
#3905 = VECTOR('',#3906,1.);
#3906 = DIRECTION('',(7.089334052801E-03,-0.999974870356,0.));
#3907 = ORIENTED_EDGE('',*,*,#3908,.T.);
#3908 = EDGE_CURVE('',#3901,#3909,#3911,.T.);
#3909 = VERTEX_POINT('',#3910);
#3910 = CARTESIAN_POINT('',(190.03747208622,-97.85536109059,13.6));
#3911 = B_SPLINE_CURVE_WITH_KNOTS('',2,(#3912,#3913,#3914),
  .UNSPECIFIED.,.F.,.F.,(3,3),(0.,1.),.PIECEWISE_BEZIER_KNOTS.);
#3912 = CARTESIAN_POINT('',(190.49000807101,-98.02733151237,13.6));
#3913 = CARTESIAN_POINT('',(190.28221214344,-97.91028690609,13.6));
#3914 = CARTESIAN_POINT('',(190.03747208622,-97.85536109059,13.6));
#3915 = ORIENTED_EDGE('',*,*,#3916,.T.);
#3916 = EDGE_CURVE('',#3909,#3917,#3919,.T.);
#3917 = VERTEX_POINT('',#3918);
#3918 = CARTESIAN_POINT('',(189.49853527057,-97.80050743853,13.6));
#3919 = B_SPLINE_CURVE_WITH_KNOTS('',2,(#3920,#3921,#3922),
  .UNSPECIFIED.,.F.,.F.,(3,3),(0.,1.),.PIECEWISE_BEZIER_KNOTS.);
#3920 = CARTESIAN_POINT('',(190.03747208622,-97.85536109059,13.6));
#3921 = CARTESIAN_POINT('',(189.79317766994,-97.79998806027,13.6));
#3922 = CARTESIAN_POINT('',(189.49853527057,-97.80050743853,13.6));
#3923 = ORIENTED_EDGE('',*,*,#3924,.T.);
#3924 = EDGE_CURVE('',#3917,#3925,#3927,.T.);
#3925 = VERTEX_POINT('',#3926);
#3926 = CARTESIAN_POINT('',(187.89572391872,-98.48636955544,13.6));
#3927 = B_SPLINE_CURVE_WITH_KNOTS('',2,(#3928,#3929,#3930),
  .UNSPECIFIED.,.F.,.F.,(3,3),(0.,1.),.PIECEWISE_BEZIER_KNOTS.);
#3928 = CARTESIAN_POINT('',(189.49853527057,-97.80050743853,13.6));
#3929 = CARTESIAN_POINT('',(188.45389403641,-97.80234887057,13.6));
#3930 = CARTESIAN_POINT('',(187.89572391872,-98.48636955544,13.6));
#3931 = ORIENTED_EDGE('',*,*,#3932,.T.);
#3932 = EDGE_CURVE('',#3925,#3933,#3935,.T.);
#3933 = VERTEX_POINT('',#3934);
#3934 = CARTESIAN_POINT('',(187.34025322887,-100.4485124676,13.6));
#3935 = B_SPLINE_CURVE_WITH_KNOTS('',2,(#3936,#3937,#3938),
  .UNSPECIFIED.,.F.,.F.,(3,3),(0.,1.),.PIECEWISE_BEZIER_KNOTS.);
#3936 = CARTESIAN_POINT('',(187.89572391872,-98.48636955544,13.6));
#3937 = CARTESIAN_POINT('',(187.33799944197,-99.1699430255,13.6));
#3938 = CARTESIAN_POINT('',(187.34025322887,-100.4485124676,13.6));
#3939 = ORIENTED_EDGE('',*,*,#3940,.T.);
#3940 = EDGE_CURVE('',#3933,#3941,#3943,.T.);
#3941 = VERTEX_POINT('',#3942);
#3942 = CARTESIAN_POINT('',(187.34722627556,-104.4043098932,13.6));
#3943 = LINE('',#3944,#3945);
#3944 = CARTESIAN_POINT('',(187.34025322887,-100.4485124676,13.6));
#3945 = VECTOR('',#3946,1.);
#3946 = DIRECTION('',(1.762738357939E-03,-0.999998446376,0.));
#3947 = ORIENTED_EDGE('',*,*,#3948,.T.);
#3948 = EDGE_CURVE('',#3941,#3949,#3951,.T.);
#3949 = VERTEX_POINT('',#3950);
#3950 = CARTESIAN_POINT('',(186.10838891454,-104.4064936427,13.6));
#3951 = LINE('',#3952,#3953);
#3952 = CARTESIAN_POINT('',(187.34722627556,-104.4043098932,13.6));
#3953 = VECTOR('',#3954,1.);
#3954 = DIRECTION('',(-0.999998446376,-1.762738357939E-03,0.));
#3955 = ORIENTED_EDGE('',*,*,#3956,.T.);
#3956 = EDGE_CURVE('',#3949,#3957,#3959,.T.);
#3957 = VERTEX_POINT('',#3958);
#3958 = CARTESIAN_POINT('',(186.09514319488,-96.89221960287,13.6));
#3959 = LINE('',#3960,#3961);
#3960 = CARTESIAN_POINT('',(186.10838891454,-104.4064936427,13.6));
#3961 = VECTOR('',#3962,1.);
#3962 = DIRECTION('',(-1.762738357939E-03,0.999998446376,0.));
#3963 = ORIENTED_EDGE('',*,*,#3964,.T.);
#3964 = EDGE_CURVE('',#3957,#3965,#3967,.T.);
#3965 = VERTEX_POINT('',#3966);
#3966 = CARTESIAN_POINT('',(187.3339805559,-96.89003585334,13.6));
#3967 = LINE('',#3968,#3969);
#3968 = CARTESIAN_POINT('',(186.09514319488,-96.89221960287,13.6));
#3969 = VECTOR('',#3970,1.);
#3970 = DIRECTION('',(0.999998446376,1.762738357939E-03,0.));
#3971 = ORIENTED_EDGE('',*,*,#3972,.T.);
#3972 = EDGE_CURVE('',#3965,#3973,#3975,.T.);
#3973 = VERTEX_POINT('',#3974);
#3974 = CARTESIAN_POINT('',(187.33604547798,-98.06146260481,13.6));
#3975 = LINE('',#3976,#3977);
#3976 = CARTESIAN_POINT('',(187.3339805559,-96.89003585334,13.6));
#3977 = VECTOR('',#3978,1.);
#3978 = DIRECTION('',(1.762738357939E-03,-0.999998446376,0.));
#3979 = ORIENTED_EDGE('',*,*,#3980,.T.);
#3980 = EDGE_CURVE('',#3973,#3981,#3983,.T.);
#3981 = VERTEX_POINT('',#3982);
#3982 = CARTESIAN_POINT('',(188.34542063565,-97.04762819395,13.6));
#3983 = B_SPLINE_CURVE_WITH_KNOTS('',2,(#3984,#3985,#3986),
  .UNSPECIFIED.,.F.,.F.,(3,3),(0.,1.),.PIECEWISE_BEZIER_KNOTS.);
#3984 = CARTESIAN_POINT('',(187.33604547798,-98.06146260481,13.6));
#3985 = CARTESIAN_POINT('',(187.7232368662,-97.37952902823,13.6));
#3986 = CARTESIAN_POINT('',(188.34542063565,-97.04762819395,13.6));
#3987 = ORIENTED_EDGE('',*,*,#3988,.T.);
#3988 = EDGE_CURVE('',#3981,#3989,#3991,.T.);
#3989 = VERTEX_POINT('',#3990);
#3990 = CARTESIAN_POINT('',(189.8582280214,-96.71415742083,13.6));
#3991 = B_SPLINE_CURVE_WITH_KNOTS('',2,(#3992,#3993,#3994),
  .UNSPECIFIED.,.F.,.F.,(3,3),(0.,1.),.PIECEWISE_BEZIER_KNOTS.);
#3992 = CARTESIAN_POINT('',(188.34542063565,-97.04762819395,13.6));
#3993 = CARTESIAN_POINT('',(188.9676044051,-96.71572735968,13.6));
#3994 = CARTESIAN_POINT('',(189.8582280214,-96.71415742083,13.6));
#3995 = ORIENTED_EDGE('',*,*,#3996,.T.);
#3996 = EDGE_CURVE('',#3989,#3997,#3999,.T.);
#3997 = VERTEX_POINT('',#3998);
#3998 = CARTESIAN_POINT('',(190.13950276642,-96.72794734276,13.6));
#3999 = B_SPLINE_CURVE_WITH_KNOTS('',2,(#4000,#4001,#4002),
  .UNSPECIFIED.,.F.,.F.,(3,3),(0.,1.),.PIECEWISE_BEZIER_KNOTS.);
#4000 = CARTESIAN_POINT('',(189.8582280214,-96.71415742083,13.6));
#4001 = CARTESIAN_POINT('',(189.98545996659,-96.71393314385,13.6));
#4002 = CARTESIAN_POINT('',(190.13950276642,-96.72794734276,13.6));
#4003 = ORIENTED_EDGE('',*,*,#4004,.T.);
#4004 = EDGE_CURVE('',#3997,#3899,#4005,.T.);
#4005 = B_SPLINE_CURVE_WITH_KNOTS('',2,(#4006,#4007,#4008),
  .UNSPECIFIED.,.F.,.F.,(3,3),(0.,1.),.PIECEWISE_BEZIER_KNOTS.);
#4006 = CARTESIAN_POINT('',(190.13950276642,-96.72794734276,13.6));
#4007 = CARTESIAN_POINT('',(190.29354556626,-96.74196154167,13.6));
#4008 = CARTESIAN_POINT('',(190.48109563891,-96.77020241241,13.6));
#4009 = FACE_BOUND('',#4010,.T.);
#4010 = EDGE_LOOP('',(#4011));
#4011 = ORIENTED_EDGE('',*,*,#4012,.F.);
#4012 = EDGE_CURVE('',#4013,#4013,#4015,.T.);
#4013 = VERTEX_POINT('',#4014);
#4014 = CARTESIAN_POINT('',(117.59999983941,-55.35,13.6));
#4015 = CIRCLE('',#4016,3.);
#4016 = AXIS2_PLACEMENT_3D('',#4017,#4018,#4019);
#4017 = CARTESIAN_POINT('',(114.59999983941,-55.35,13.6));
#4018 = DIRECTION('',(0.,0.,1.));
#4019 = DIRECTION('',(1.,0.,0.));
#4020 = FACE_BOUND('',#4021,.T.);
#4021 = EDGE_LOOP('',(#4022));
#4022 = ORIENTED_EDGE('',*,*,#4023,.F.);
#4023 = EDGE_CURVE('',#4024,#4024,#4026,.T.);
#4024 = VERTEX_POINT('',#4025);
#4025 = CARTESIAN_POINT('',(184.60000016058,-55.35,13.6));
#4026 = CIRCLE('',#4027,3.);
#4027 = AXIS2_PLACEMENT_3D('',#4028,#4029,#4030);
#4028 = CARTESIAN_POINT('',(181.60000016058,-55.35,13.6));
#4029 = DIRECTION('',(0.,0.,1.));
#4030 = DIRECTION('',(1.,0.,0.));
#4031 = PLANE('',#4032);
#4032 = AXIS2_PLACEMENT_3D('',#4033,#4034,#4035);
#4033 = CARTESIAN_POINT('',(149.15319628875,-96.84757395671,13.6));
#4034 = DIRECTION('',(0.,0.,1.));
#4035 = DIRECTION('',(1.,0.,0.));
#4036 = ADVANCED_FACE('',(#4037),#4048,.F.);
#4037 = FACE_BOUND('',#4038,.T.);
#4038 = EDGE_LOOP('',(#4039,#4045,#4046,#4047));
#4039 = ORIENTED_EDGE('',*,*,#4040,.T.);
#4040 = EDGE_CURVE('',#2168,#4013,#4041,.T.);
#4041 = LINE('',#4042,#4043);
#4042 = CARTESIAN_POINT('',(117.59999983941,-55.35,11.6));
#4043 = VECTOR('',#4044,1.);
#4044 = DIRECTION('',(0.,0.,1.));
#4045 = ORIENTED_EDGE('',*,*,#4012,.T.);
#4046 = ORIENTED_EDGE('',*,*,#4040,.F.);
#4047 = ORIENTED_EDGE('',*,*,#2167,.F.);
#4048 = CYLINDRICAL_SURFACE('',#4049,3.);
#4049 = AXIS2_PLACEMENT_3D('',#4050,#4051,#4052);
#4050 = CARTESIAN_POINT('',(114.59999983941,-55.35,11.6));
#4051 = DIRECTION('',(-0.,-0.,-1.));
#4052 = DIRECTION('',(1.,0.,0.));
#4053 = ADVANCED_FACE('',(#4054),#4065,.F.);
#4054 = FACE_BOUND('',#4055,.T.);
#4055 = EDGE_LOOP('',(#4056,#4062,#4063,#4064));
#4056 = ORIENTED_EDGE('',*,*,#4057,.T.);
#4057 = EDGE_CURVE('',#2188,#4024,#4058,.T.);
#4058 = LINE('',#4059,#4060);
#4059 = CARTESIAN_POINT('',(184.60000016058,-55.35,11.6));
#4060 = VECTOR('',#4061,1.);
#4061 = DIRECTION('',(0.,0.,1.));
#4062 = ORIENTED_EDGE('',*,*,#4023,.T.);
#4063 = ORIENTED_EDGE('',*,*,#4057,.F.);
#4064 = ORIENTED_EDGE('',*,*,#2187,.F.);
#4065 = CYLINDRICAL_SURFACE('',#4066,3.);
#4066 = AXIS2_PLACEMENT_3D('',#4067,#4068,#4069);
#4067 = CARTESIAN_POINT('',(181.60000016058,-55.35,11.6));
#4068 = DIRECTION('',(-0.,-0.,-1.));
#4069 = DIRECTION('',(1.,0.,0.));
#4070 = ADVANCED_FACE('',(#4071),#4082,.F.);
#4071 = FACE_BOUND('',#4072,.T.);
#4072 = EDGE_LOOP('',(#4073,#4079,#4080,#4081));
#4073 = ORIENTED_EDGE('',*,*,#4074,.T.);
#4074 = EDGE_CURVE('',#2401,#3395,#4075,.T.);
#4075 = LINE('',#4076,#4077);
#4076 = CARTESIAN_POINT('',(179.60000016058,-137.65,11.6));
#4077 = VECTOR('',#4078,1.);
#4078 = DIRECTION('',(0.,0.,1.));
#4079 = ORIENTED_EDGE('',*,*,#3394,.T.);
#4080 = ORIENTED_EDGE('',*,*,#4074,.F.);
#4081 = ORIENTED_EDGE('',*,*,#2400,.F.);
#4082 = CYLINDRICAL_SURFACE('',#4083,3.);
#4083 = AXIS2_PLACEMENT_3D('',#4084,#4085,#4086);
#4084 = CARTESIAN_POINT('',(176.60000016058,-137.65,11.6));
#4085 = DIRECTION('',(-0.,-0.,-1.));
#4086 = DIRECTION('',(1.,0.,0.));
#4087 = ADVANCED_FACE('',(#4088),#4099,.F.);
#4088 = FACE_BOUND('',#4089,.T.);
#4089 = EDGE_LOOP('',(#4090,#4096,#4097,#4098));
#4090 = ORIENTED_EDGE('',*,*,#4091,.T.);
#4091 = EDGE_CURVE('',#2421,#2461,#4092,.T.);
#4092 = LINE('',#4093,#4094);
#4093 = CARTESIAN_POINT('',(122.59999982085,-137.6500005768,11.6));
#4094 = VECTOR('',#4095,1.);
#4095 = DIRECTION('',(0.,0.,1.));
#4096 = ORIENTED_EDGE('',*,*,#2460,.T.);
#4097 = ORIENTED_EDGE('',*,*,#4091,.F.);
#4098 = ORIENTED_EDGE('',*,*,#2420,.F.);
#4099 = CYLINDRICAL_SURFACE('',#4100,3.);
#4100 = AXIS2_PLACEMENT_3D('',#4101,#4102,#4103);
#4101 = CARTESIAN_POINT('',(119.59999982085,-137.6500005768,11.6));
#4102 = DIRECTION('',(-0.,-0.,-1.));
#4103 = DIRECTION('',(1.,0.,0.));
#4104 = ADVANCED_FACE('',(#4105),#4130,.F.);
#4105 = FACE_BOUND('',#4106,.F.);
#4106 = EDGE_LOOP('',(#4107,#4115,#4116,#4124));
#4107 = ORIENTED_EDGE('',*,*,#4108,.T.);
#4108 = EDGE_CURVE('',#4109,#2475,#4111,.T.);
#4109 = VERTEX_POINT('',#4110);
#4110 = CARTESIAN_POINT('',(124.27856113169,-115.6482116167,12.6));
#4111 = LINE('',#4112,#4113);
#4112 = CARTESIAN_POINT('',(124.27856113169,-115.6482116167,12.6));
#4113 = VECTOR('',#4114,1.);
#4114 = DIRECTION('',(0.,0.,1.));
#4115 = ORIENTED_EDGE('',*,*,#2474,.T.);
#4116 = ORIENTED_EDGE('',*,*,#4117,.F.);
#4117 = EDGE_CURVE('',#4118,#2477,#4120,.T.);
#4118 = VERTEX_POINT('',#4119);
#4119 = CARTESIAN_POINT('',(123.38681537378,-116.2541594725,12.6));
#4120 = LINE('',#4121,#4122);
#4121 = CARTESIAN_POINT('',(123.38681537378,-116.2541594725,12.6));
#4122 = VECTOR('',#4123,1.);
#4123 = DIRECTION('',(0.,0.,1.));
#4124 = ORIENTED_EDGE('',*,*,#4125,.F.);
#4125 = EDGE_CURVE('',#4109,#4118,#4126,.T.);
#4126 = B_SPLINE_CURVE_WITH_KNOTS('',2,(#4127,#4128,#4129),
  .UNSPECIFIED.,.F.,.F.,(3,3),(0.,1.),.PIECEWISE_BEZIER_KNOTS.);
#4127 = CARTESIAN_POINT('',(124.27856113169,-115.6482116167,12.6));
#4128 = CARTESIAN_POINT('',(123.97245450136,-116.0843768802,12.6));
#4129 = CARTESIAN_POINT('',(123.38681537378,-116.2541594725,12.6));
#4130 = SURFACE_OF_LINEAR_EXTRUSION('',#4131,#4135);
#4131 = B_SPLINE_CURVE_WITH_KNOTS('',2,(#4132,#4133,#4134),
  .UNSPECIFIED.,.F.,.F.,(3,3),(0.,1.),.PIECEWISE_BEZIER_KNOTS.);
#4132 = CARTESIAN_POINT('',(124.27856113169,-115.6482116167,12.6));
#4133 = CARTESIAN_POINT('',(123.97245450136,-116.0843768802,12.6));
#4134 = CARTESIAN_POINT('',(123.38681537378,-116.2541594725,12.6));
#4135 = VECTOR('',#4136,1.);
#4136 = DIRECTION('',(-0.,-0.,-1.));
#4137 = ADVANCED_FACE('',(#4138),#4156,.F.);
#4138 = FACE_BOUND('',#4139,.F.);
#4139 = EDGE_LOOP('',(#4140,#4148,#4149,#4150));
#4140 = ORIENTED_EDGE('',*,*,#4141,.T.);
#4141 = EDGE_CURVE('',#4142,#2589,#4144,.T.);
#4142 = VERTEX_POINT('',#4143);
#4143 = CARTESIAN_POINT('',(124.58381520166,-114.5511093291,12.6));
#4144 = LINE('',#4145,#4146);
#4145 = CARTESIAN_POINT('',(124.58381520166,-114.5511093291,12.6));
#4146 = VECTOR('',#4147,1.);
#4147 = DIRECTION('',(0.,0.,1.));
#4148 = ORIENTED_EDGE('',*,*,#2596,.T.);
#4149 = ORIENTED_EDGE('',*,*,#4108,.F.);
#4150 = ORIENTED_EDGE('',*,*,#4151,.F.);
#4151 = EDGE_CURVE('',#4142,#4109,#4152,.T.);
#4152 = B_SPLINE_CURVE_WITH_KNOTS('',2,(#4153,#4154,#4155),
  .UNSPECIFIED.,.F.,.F.,(3,3),(0.,1.),.PIECEWISE_BEZIER_KNOTS.);
#4153 = CARTESIAN_POINT('',(124.58381520166,-114.5511093291,12.6));
#4154 = CARTESIAN_POINT('',(124.58497971069,-115.2117333028,12.6));
#4155 = CARTESIAN_POINT('',(124.27856113169,-115.6482116167,12.6));
#4156 = SURFACE_OF_LINEAR_EXTRUSION('',#4157,#4161);
#4157 = B_SPLINE_CURVE_WITH_KNOTS('',2,(#4158,#4159,#4160),
  .UNSPECIFIED.,.F.,.F.,(3,3),(0.,1.),.PIECEWISE_BEZIER_KNOTS.);
#4158 = CARTESIAN_POINT('',(124.58381520166,-114.5511093291,12.6));
#4159 = CARTESIAN_POINT('',(124.58497971069,-115.2117333028,12.6));
#4160 = CARTESIAN_POINT('',(124.27856113169,-115.6482116167,12.6));
#4161 = VECTOR('',#4162,1.);
#4162 = DIRECTION('',(-0.,-0.,-1.));
#4163 = ADVANCED_FACE('',(#4164),#4182,.F.);
#4164 = FACE_BOUND('',#4165,.F.);
#4165 = EDGE_LOOP('',(#4166,#4174,#4175,#4176));
#4166 = ORIENTED_EDGE('',*,*,#4167,.T.);
#4167 = EDGE_CURVE('',#4168,#2581,#4170,.T.);
#4168 = VERTEX_POINT('',#4169);
#4169 = CARTESIAN_POINT('',(123.99052332493,-113.0387152978,12.6));
#4170 = LINE('',#4171,#4172);
#4171 = CARTESIAN_POINT('',(123.99052332493,-113.0387152978,12.6));
#4172 = VECTOR('',#4173,1.);
#4173 = DIRECTION('',(0.,0.,1.));
#4174 = ORIENTED_EDGE('',*,*,#2588,.T.);
#4175 = ORIENTED_EDGE('',*,*,#4141,.F.);
#4176 = ORIENTED_EDGE('',*,*,#4177,.F.);
#4177 = EDGE_CURVE('',#4168,#4142,#4178,.T.);
#4178 = B_SPLINE_CURVE_WITH_KNOTS('',2,(#4179,#4180,#4181),
  .UNSPECIFIED.,.F.,.F.,(3,3),(0.,1.),.PIECEWISE_BEZIER_KNOTS.);
#4179 = CARTESIAN_POINT('',(123.99052332493,-113.0387152978,12.6));
#4180 = CARTESIAN_POINT('',(124.58203097993,-113.5389234017,12.6));
#4181 = CARTESIAN_POINT('',(124.58381520166,-114.5511093291,12.6));
#4182 = SURFACE_OF_LINEAR_EXTRUSION('',#4183,#4187);
#4183 = B_SPLINE_CURVE_WITH_KNOTS('',2,(#4184,#4185,#4186),
  .UNSPECIFIED.,.F.,.F.,(3,3),(0.,1.),.PIECEWISE_BEZIER_KNOTS.);
#4184 = CARTESIAN_POINT('',(123.99052332493,-113.0387152978,12.6));
#4185 = CARTESIAN_POINT('',(124.58203097993,-113.5389234017,12.6));
#4186 = CARTESIAN_POINT('',(124.58381520166,-114.5511093291,12.6));
#4187 = VECTOR('',#4188,1.);
#4188 = DIRECTION('',(-0.,-0.,-1.));
#4189 = ADVANCED_FACE('',(#4190),#4208,.F.);
#4190 = FACE_BOUND('',#4191,.F.);
#4191 = EDGE_LOOP('',(#4192,#4200,#4201,#4202));
#4192 = ORIENTED_EDGE('',*,*,#4193,.T.);
#4193 = EDGE_CURVE('',#4194,#2573,#4196,.T.);
#4194 = VERTEX_POINT('',#4195);
#4195 = CARTESIAN_POINT('',(122.19901698343,-112.5403099804,12.6));
#4196 = LINE('',#4197,#4198);
#4197 = CARTESIAN_POINT('',(122.19901698343,-112.5403099804,12.6));
#4198 = VECTOR('',#4199,1.);
#4199 = DIRECTION('',(0.,0.,1.));
#4200 = ORIENTED_EDGE('',*,*,#2580,.T.);
#4201 = ORIENTED_EDGE('',*,*,#4167,.F.);
#4202 = ORIENTED_EDGE('',*,*,#4203,.F.);
#4203 = EDGE_CURVE('',#4194,#4168,#4204,.T.);
#4204 = B_SPLINE_CURVE_WITH_KNOTS('',2,(#4205,#4206,#4207),
  .UNSPECIFIED.,.F.,.F.,(3,3),(0.,1.),.PIECEWISE_BEZIER_KNOTS.);
#4205 = CARTESIAN_POINT('',(122.19901698343,-112.5403099804,12.6));
#4206 = CARTESIAN_POINT('',(123.39901511909,-112.5381946944,12.6));
#4207 = CARTESIAN_POINT('',(123.99052332493,-113.0387152978,12.6));
#4208 = SURFACE_OF_LINEAR_EXTRUSION('',#4209,#4213);
#4209 = B_SPLINE_CURVE_WITH_KNOTS('',2,(#4210,#4211,#4212),
  .UNSPECIFIED.,.F.,.F.,(3,3),(0.,1.),.PIECEWISE_BEZIER_KNOTS.);
#4210 = CARTESIAN_POINT('',(122.19901698343,-112.5403099804,12.6));
#4211 = CARTESIAN_POINT('',(123.39901511909,-112.5381946944,12.6));
#4212 = CARTESIAN_POINT('',(123.99052332493,-113.0387152978,12.6));
#4213 = VECTOR('',#4214,1.);
#4214 = DIRECTION('',(-0.,-0.,-1.));
#4215 = ADVANCED_FACE('',(#4216),#4234,.F.);
#4216 = FACE_BOUND('',#4217,.F.);
#4217 = EDGE_LOOP('',(#4218,#4226,#4227,#4228));
#4218 = ORIENTED_EDGE('',*,*,#4219,.T.);
#4219 = EDGE_CURVE('',#4220,#2565,#4222,.T.);
#4220 = VERTEX_POINT('',#4221);
#4221 = CARTESIAN_POINT('',(120.06152030431,-112.5440778336,12.6));
#4222 = LINE('',#4223,#4224);
#4223 = CARTESIAN_POINT('',(120.06152030431,-112.5440778336,12.6));
#4224 = VECTOR('',#4225,1.);
#4225 = DIRECTION('',(0.,0.,1.));
#4226 = ORIENTED_EDGE('',*,*,#2572,.T.);
#4227 = ORIENTED_EDGE('',*,*,#4193,.F.);
#4228 = ORIENTED_EDGE('',*,*,#4229,.F.);
#4229 = EDGE_CURVE('',#4220,#4194,#4230,.T.);
#4230 = LINE('',#4231,#4232);
#4231 = CARTESIAN_POINT('',(120.06152030431,-112.5440778336,12.6));
#4232 = VECTOR('',#4233,1.);
#4233 = DIRECTION('',(0.999998446376,1.762738357939E-03,0.));
#4234 = PLANE('',#4235);
#4235 = AXIS2_PLACEMENT_3D('',#4236,#4237,#4238);
#4236 = CARTESIAN_POINT('',(120.06152030431,-112.5440778336,12.6));
#4237 = DIRECTION('',(-1.762738357939E-03,0.999998446376,0.));
#4238 = DIRECTION('',(0.999998446376,1.762738357939E-03,0.));
#4239 = ADVANCED_FACE('',(#4240),#4258,.F.);
#4240 = FACE_BOUND('',#4241,.F.);
#4241 = EDGE_LOOP('',(#4242,#4250,#4251,#4252));
#4242 = ORIENTED_EDGE('',*,*,#4243,.T.);
#4243 = EDGE_CURVE('',#4244,#2557,#4246,.T.);
#4244 = VERTEX_POINT('',#4245);
#4245 = CARTESIAN_POINT('',(120.07385947281,-119.5440669583,12.6));
#4246 = LINE('',#4247,#4248);
#4247 = CARTESIAN_POINT('',(120.07385947281,-119.5440669583,12.6));
#4248 = VECTOR('',#4249,1.);
#4249 = DIRECTION('',(0.,0.,1.));
#4250 = ORIENTED_EDGE('',*,*,#2564,.T.);
#4251 = ORIENTED_EDGE('',*,*,#4219,.F.);
#4252 = ORIENTED_EDGE('',*,*,#4253,.F.);
#4253 = EDGE_CURVE('',#4244,#4220,#4254,.T.);
#4254 = LINE('',#4255,#4256);
#4255 = CARTESIAN_POINT('',(120.07385947281,-119.5440669583,12.6));
#4256 = VECTOR('',#4257,1.);
#4257 = DIRECTION('',(-1.762738357939E-03,0.999998446376,0.));
#4258 = PLANE('',#4259);
#4259 = AXIS2_PLACEMENT_3D('',#4260,#4261,#4262);
#4260 = CARTESIAN_POINT('',(120.07385947281,-119.5440669583,12.6));
#4261 = DIRECTION('',(-0.999998446376,-1.762738357939E-03,0.));
#4262 = DIRECTION('',(-1.762738357939E-03,0.999998446376,0.));
#4263 = ADVANCED_FACE('',(#4264),#4282,.F.);
#4264 = FACE_BOUND('',#4265,.F.);
#4265 = EDGE_LOOP('',(#4266,#4274,#4275,#4276));
#4266 = ORIENTED_EDGE('',*,*,#4267,.T.);
#4267 = EDGE_CURVE('',#4268,#2549,#4270,.T.);
#4268 = VERTEX_POINT('',#4269);
#4269 = CARTESIAN_POINT('',(121.02073300172,-119.5423978654,12.6));
#4270 = LINE('',#4271,#4272);
#4271 = CARTESIAN_POINT('',(121.02073300172,-119.5423978654,12.6));
#4272 = VECTOR('',#4273,1.);
#4273 = DIRECTION('',(0.,0.,1.));
#4274 = ORIENTED_EDGE('',*,*,#2556,.T.);
#4275 = ORIENTED_EDGE('',*,*,#4243,.F.);
#4276 = ORIENTED_EDGE('',*,*,#4277,.F.);
#4277 = EDGE_CURVE('',#4268,#4244,#4278,.T.);
#4278 = LINE('',#4279,#4280);
#4279 = CARTESIAN_POINT('',(121.02073300172,-119.5423978654,12.6));
#4280 = VECTOR('',#4281,1.);
#4281 = DIRECTION('',(-0.999998446376,-1.762738357939E-03,0.));
#4282 = PLANE('',#4283);
#4283 = AXIS2_PLACEMENT_3D('',#4284,#4285,#4286);
#4284 = CARTESIAN_POINT('',(121.02073300172,-119.5423978654,12.6));
#4285 = DIRECTION('',(1.762738357939E-03,-0.999998446376,0.));
#4286 = DIRECTION('',(-0.999998446376,-1.762738357939E-03,0.));
#4287 = ADVANCED_FACE('',(#4288),#4306,.F.);
#4288 = FACE_BOUND('',#4289,.F.);
#4289 = EDGE_LOOP('',(#4290,#4298,#4299,#4300));
#4290 = ORIENTED_EDGE('',*,*,#4291,.T.);
#4291 = EDGE_CURVE('',#4292,#2541,#4294,.T.);
#4292 = VERTEX_POINT('',#4293);
#4293 = CARTESIAN_POINT('',(121.01551529619,-116.5824024641,12.6));
#4294 = LINE('',#4295,#4296);
#4295 = CARTESIAN_POINT('',(121.01551529619,-116.5824024641,12.6));
#4296 = VECTOR('',#4297,1.);
#4297 = DIRECTION('',(0.,0.,1.));
#4298 = ORIENTED_EDGE('',*,*,#2548,.T.);
#4299 = ORIENTED_EDGE('',*,*,#4267,.F.);
#4300 = ORIENTED_EDGE('',*,*,#4301,.F.);
#4301 = EDGE_CURVE('',#4292,#4268,#4302,.T.);
#4302 = LINE('',#4303,#4304);
#4303 = CARTESIAN_POINT('',(121.01551529619,-116.5824024641,12.6));
#4304 = VECTOR('',#4305,1.);
#4305 = DIRECTION('',(1.762738357939E-03,-0.999998446376,0.));
#4306 = PLANE('',#4307);
#4307 = AXIS2_PLACEMENT_3D('',#4308,#4309,#4310);
#4308 = CARTESIAN_POINT('',(121.01551529619,-116.5824024641,12.6));
#4309 = DIRECTION('',(0.999998446376,1.762738357939E-03,0.));
#4310 = DIRECTION('',(1.762738357939E-03,-0.999998446376,0.));
#4311 = ADVANCED_FACE('',(#4312),#4330,.F.);
#4312 = FACE_BOUND('',#4313,.F.);
#4313 = EDGE_LOOP('',(#4314,#4322,#4323,#4324));
#4314 = ORIENTED_EDGE('',*,*,#4315,.T.);
#4315 = EDGE_CURVE('',#4316,#2533,#4318,.T.);
#4316 = VERTEX_POINT('',#4317);
#4317 = CARTESIAN_POINT('',(122.04676369401,-116.5805846402,12.6));
#4318 = LINE('',#4319,#4320);
#4319 = CARTESIAN_POINT('',(122.04676369401,-116.5805846402,12.6));
#4320 = VECTOR('',#4321,1.);
#4321 = DIRECTION('',(0.,0.,1.));
#4322 = ORIENTED_EDGE('',*,*,#2540,.T.);
#4323 = ORIENTED_EDGE('',*,*,#4291,.F.);
#4324 = ORIENTED_EDGE('',*,*,#4325,.F.);
#4325 = EDGE_CURVE('',#4316,#4292,#4326,.T.);
#4326 = LINE('',#4327,#4328);
#4327 = CARTESIAN_POINT('',(122.04676369401,-116.5805846402,12.6));
#4328 = VECTOR('',#4329,1.);
#4329 = DIRECTION('',(-0.999998446376,-1.762738357939E-03,0.));
#4330 = PLANE('',#4331);
#4331 = AXIS2_PLACEMENT_3D('',#4332,#4333,#4334);
#4332 = CARTESIAN_POINT('',(122.04676369401,-116.5805846402,12.6));
#4333 = DIRECTION('',(1.762738357939E-03,-0.999998446376,0.));
#4334 = DIRECTION('',(-0.999998446376,-1.762738357939E-03,0.));
#4335 = ADVANCED_FACE('',(#4336),#4354,.F.);
#4336 = FACE_BOUND('',#4337,.F.);
#4337 = EDGE_LOOP('',(#4338,#4346,#4347,#4348));
#4338 = ORIENTED_EDGE('',*,*,#4339,.T.);
#4339 = EDGE_CURVE('',#4340,#2525,#4342,.T.);
#4340 = VERTEX_POINT('',#4341);
#4341 = CARTESIAN_POINT('',(122.93529274402,-116.8090187508,12.6));
#4342 = LINE('',#4343,#4344);
#4343 = CARTESIAN_POINT('',(122.93529274402,-116.8090187508,12.6));
#4344 = VECTOR('',#4345,1.);
#4345 = DIRECTION('',(0.,0.,1.));
#4346 = ORIENTED_EDGE('',*,*,#2532,.T.);
#4347 = ORIENTED_EDGE('',*,*,#4315,.F.);
#4348 = ORIENTED_EDGE('',*,*,#4349,.F.);
#4349 = EDGE_CURVE('',#4340,#4316,#4350,.T.);
#4350 = B_SPLINE_CURVE_WITH_KNOTS('',2,(#4351,#4352,#4353),
  .UNSPECIFIED.,.F.,.F.,(3,3),(0.,1.),.PIECEWISE_BEZIER_KNOTS.);
#4351 = CARTESIAN_POINT('',(122.93529274402,-116.8090187508,12.6));
#4352 = CARTESIAN_POINT('',(122.6092628201,-116.5795930998,12.6));
#4353 = CARTESIAN_POINT('',(122.04676369401,-116.5805846402,12.6));
#4354 = SURFACE_OF_LINEAR_EXTRUSION('',#4355,#4359);
#4355 = B_SPLINE_CURVE_WITH_KNOTS('',2,(#4356,#4357,#4358),
  .UNSPECIFIED.,.F.,.F.,(3,3),(0.,1.),.PIECEWISE_BEZIER_KNOTS.);
#4356 = CARTESIAN_POINT('',(122.93529274402,-116.8090187508,12.6));
#4357 = CARTESIAN_POINT('',(122.6092628201,-116.5795930998,12.6));
#4358 = CARTESIAN_POINT('',(122.04676369401,-116.5805846402,12.6));
#4359 = VECTOR('',#4360,1.);
#4360 = DIRECTION('',(-0.,-0.,-1.));
#4361 = ADVANCED_FACE('',(#4362),#4380,.F.);
#4362 = FACE_BOUND('',#4363,.F.);
#4363 = EDGE_LOOP('',(#4364,#4372,#4373,#4374));
#4364 = ORIENTED_EDGE('',*,*,#4365,.T.);
#4365 = EDGE_CURVE('',#4366,#2517,#4368,.T.);
#4366 = VERTEX_POINT('',#4367);
#4367 = CARTESIAN_POINT('',(123.60974960481,-117.7412688082,12.6));
#4368 = LINE('',#4369,#4370);
#4369 = CARTESIAN_POINT('',(123.60974960481,-117.7412688082,12.6));
#4370 = VECTOR('',#4371,1.);
#4371 = DIRECTION('',(0.,0.,1.));
#4372 = ORIENTED_EDGE('',*,*,#2524,.T.);
#4373 = ORIENTED_EDGE('',*,*,#4339,.F.);
#4374 = ORIENTED_EDGE('',*,*,#4375,.F.);
#4375 = EDGE_CURVE('',#4366,#4340,#4376,.T.);
#4376 = B_SPLINE_CURVE_WITH_KNOTS('',2,(#4377,#4378,#4379),
  .UNSPECIFIED.,.F.,.F.,(3,3),(0.,1.),.PIECEWISE_BEZIER_KNOTS.);
#4377 = CARTESIAN_POINT('',(123.60974960481,-117.7412688082,12.6));
#4378 = CARTESIAN_POINT('',(123.2616346166,-117.0381313514,12.6));
#4379 = CARTESIAN_POINT('',(122.93529274402,-116.8090187508,12.6));
#4380 = SURFACE_OF_LINEAR_EXTRUSION('',#4381,#4385);
#4381 = B_SPLINE_CURVE_WITH_KNOTS('',2,(#4382,#4383,#4384),
  .UNSPECIFIED.,.F.,.F.,(3,3),(0.,1.),.PIECEWISE_BEZIER_KNOTS.);
#4382 = CARTESIAN_POINT('',(123.60974960481,-117.7412688082,12.6));
#4383 = CARTESIAN_POINT('',(123.2616346166,-117.0381313514,12.6));
#4384 = CARTESIAN_POINT('',(122.93529274402,-116.8090187508,12.6));
#4385 = VECTOR('',#4386,1.);
#4386 = DIRECTION('',(-0.,-0.,-1.));
#4387 = ADVANCED_FACE('',(#4388),#4406,.F.);
#4388 = FACE_BOUND('',#4389,.F.);
#4389 = EDGE_LOOP('',(#4390,#4398,#4399,#4400));
#4390 = ORIENTED_EDGE('',*,*,#4391,.T.);
#4391 = EDGE_CURVE('',#4392,#2509,#4394,.T.);
#4392 = VERTEX_POINT('',#4393);
#4393 = CARTESIAN_POINT('',(124.50822758346,-119.5362503153,12.6));
#4394 = LINE('',#4395,#4396);
#4395 = CARTESIAN_POINT('',(124.50822758346,-119.5362503153,12.6));
#4396 = VECTOR('',#4397,1.);
#4397 = DIRECTION('',(0.,0.,1.));
#4398 = ORIENTED_EDGE('',*,*,#2516,.T.);
#4399 = ORIENTED_EDGE('',*,*,#4365,.F.);
#4400 = ORIENTED_EDGE('',*,*,#4401,.F.);
#4401 = EDGE_CURVE('',#4392,#4366,#4402,.T.);
#4402 = LINE('',#4403,#4404);
#4403 = CARTESIAN_POINT('',(124.50822758346,-119.5362503153,12.6));
#4404 = VECTOR('',#4405,1.);
#4405 = DIRECTION('',(-0.44760700772,0.894230376715,0.));
#4406 = PLANE('',#4407);
#4407 = AXIS2_PLACEMENT_3D('',#4408,#4409,#4410);
#4408 = CARTESIAN_POINT('',(124.50822758346,-119.5362503153,12.6));
#4409 = DIRECTION('',(-0.894230376715,-0.44760700772,0.));
#4410 = DIRECTION('',(-0.44760700772,0.894230376715,0.));
#4411 = ADVANCED_FACE('',(#4412),#4430,.F.);
#4412 = FACE_BOUND('',#4413,.F.);
#4413 = EDGE_LOOP('',(#4414,#4422,#4423,#4424));
#4414 = ORIENTED_EDGE('',*,*,#4415,.T.);
#4415 = EDGE_CURVE('',#4416,#2501,#4418,.T.);
#4416 = VERTEX_POINT('',#4417);
#4417 = CARTESIAN_POINT('',(125.52541350313,-119.5344572799,12.6));
#4418 = LINE('',#4419,#4420);
#4419 = CARTESIAN_POINT('',(125.52541350313,-119.5344572799,12.6));
#4420 = VECTOR('',#4421,1.);
#4421 = DIRECTION('',(0.,0.,1.));
#4422 = ORIENTED_EDGE('',*,*,#2508,.T.);
#4423 = ORIENTED_EDGE('',*,*,#4391,.F.);
#4424 = ORIENTED_EDGE('',*,*,#4425,.F.);
#4425 = EDGE_CURVE('',#4416,#4392,#4426,.T.);
#4426 = LINE('',#4427,#4428);
#4427 = CARTESIAN_POINT('',(125.52541350313,-119.5344572799,12.6));
#4428 = VECTOR('',#4429,1.);
#4429 = DIRECTION('',(-0.999998446376,-1.762738357939E-03,0.));
#4430 = PLANE('',#4431);
#4431 = AXIS2_PLACEMENT_3D('',#4432,#4433,#4434);
#4432 = CARTESIAN_POINT('',(125.52541350313,-119.5344572799,12.6));
#4433 = DIRECTION('',(1.762738357939E-03,-0.999998446376,0.));
#4434 = DIRECTION('',(-0.999998446376,-1.762738357939E-03,0.));
#4435 = ADVANCED_FACE('',(#4436),#4454,.F.);
#4436 = FACE_BOUND('',#4437,.F.);
#4437 = EDGE_LOOP('',(#4438,#4446,#4447,#4448));
#4438 = ORIENTED_EDGE('',*,*,#4439,.T.);
#4439 = EDGE_CURVE('',#4440,#2493,#4442,.T.);
#4440 = VERTEX_POINT('',#4441);
#4441 = CARTESIAN_POINT('',(124.56110350468,-117.622091635,12.6));
#4442 = LINE('',#4443,#4444);
#4443 = CARTESIAN_POINT('',(124.56110350468,-117.622091635,12.6));
#4444 = VECTOR('',#4445,1.);
#4445 = DIRECTION('',(0.,0.,1.));
#4446 = ORIENTED_EDGE('',*,*,#2500,.T.);
#4447 = ORIENTED_EDGE('',*,*,#4415,.F.);
#4448 = ORIENTED_EDGE('',*,*,#4449,.F.);
#4449 = EDGE_CURVE('',#4440,#4416,#4450,.T.);
#4450 = LINE('',#4451,#4452);
#4451 = CARTESIAN_POINT('',(124.56110350468,-117.622091635,12.6));
#4452 = VECTOR('',#4453,1.);
#4453 = DIRECTION('',(0.450246752636,-0.892904172765,0.));
#4454 = PLANE('',#4455);
#4455 = AXIS2_PLACEMENT_3D('',#4456,#4457,#4458);
#4456 = CARTESIAN_POINT('',(124.56110350468,-117.622091635,12.6));
#4457 = DIRECTION('',(0.892904172765,0.450246752636,0.));
#4458 = DIRECTION('',(0.450246752636,-0.892904172765,0.));
#4459 = ADVANCED_FACE('',(#4460),#4478,.F.);
#4460 = FACE_BOUND('',#4461,.F.);
#4461 = EDGE_LOOP('',(#4462,#4470,#4471,#4472));
#4462 = ORIENTED_EDGE('',*,*,#4463,.T.);
#4463 = EDGE_CURVE('',#4464,#2485,#4466,.T.);
#4464 = VERTEX_POINT('',#4465);
#4465 = CARTESIAN_POINT('',(123.98040421022,-116.6940513141,12.6));
#4466 = LINE('',#4467,#4468);
#4467 = CARTESIAN_POINT('',(123.98040421022,-116.6940513141,12.6));
#4468 = VECTOR('',#4469,1.);
#4469 = DIRECTION('',(0.,0.,1.));
#4470 = ORIENTED_EDGE('',*,*,#2492,.T.);
#4471 = ORIENTED_EDGE('',*,*,#4439,.F.);
#4472 = ORIENTED_EDGE('',*,*,#4473,.F.);
#4473 = EDGE_CURVE('',#4464,#4440,#4474,.T.);
#4474 = B_SPLINE_CURVE_WITH_KNOTS('',2,(#4475,#4476,#4477),
  .UNSPECIFIED.,.F.,.F.,(3,3),(0.,1.),.PIECEWISE_BEZIER_KNOTS.);
#4475 = CARTESIAN_POINT('',(123.98040421022,-116.6940513141,12.6));
#4476 = CARTESIAN_POINT('',(124.26943673715,-117.0313548495,12.6));
#4477 = CARTESIAN_POINT('',(124.56110350468,-117.622091635,12.6));
#4478 = SURFACE_OF_LINEAR_EXTRUSION('',#4479,#4483);
#4479 = B_SPLINE_CURVE_WITH_KNOTS('',2,(#4480,#4481,#4482),
  .UNSPECIFIED.,.F.,.F.,(3,3),(0.,1.),.PIECEWISE_BEZIER_KNOTS.);
#4480 = CARTESIAN_POINT('',(123.98040421022,-116.6940513141,12.6));
#4481 = CARTESIAN_POINT('',(124.26943673715,-117.0313548495,12.6));
#4482 = CARTESIAN_POINT('',(124.56110350468,-117.622091635,12.6));
#4483 = VECTOR('',#4484,1.);
#4484 = DIRECTION('',(-0.,-0.,-1.));
#4485 = ADVANCED_FACE('',(#4486),#4497,.F.);
#4486 = FACE_BOUND('',#4487,.F.);
#4487 = EDGE_LOOP('',(#4488,#4489,#4490,#4491));
#4488 = ORIENTED_EDGE('',*,*,#4117,.T.);
#4489 = ORIENTED_EDGE('',*,*,#2484,.T.);
#4490 = ORIENTED_EDGE('',*,*,#4463,.F.);
#4491 = ORIENTED_EDGE('',*,*,#4492,.F.);
#4492 = EDGE_CURVE('',#4118,#4464,#4493,.T.);
#4493 = B_SPLINE_CURVE_WITH_KNOTS('',2,(#4494,#4495,#4496),
  .UNSPECIFIED.,.F.,.F.,(3,3),(0.,1.),.PIECEWISE_BEZIER_KNOTS.);
#4494 = CARTESIAN_POINT('',(123.38681537378,-116.2541594725,12.6));
#4495 = CARTESIAN_POINT('',(123.69168418281,-116.356747228,12.6));
#4496 = CARTESIAN_POINT('',(123.98040421022,-116.6940513141,12.6));
#4497 = SURFACE_OF_LINEAR_EXTRUSION('',#4498,#4502);
#4498 = B_SPLINE_CURVE_WITH_KNOTS('',2,(#4499,#4500,#4501),
  .UNSPECIFIED.,.F.,.F.,(3,3),(0.,1.),.PIECEWISE_BEZIER_KNOTS.);
#4499 = CARTESIAN_POINT('',(123.38681537378,-116.2541594725,12.6));
#4500 = CARTESIAN_POINT('',(123.69168418281,-116.356747228,12.6));
#4501 = CARTESIAN_POINT('',(123.98040421022,-116.6940513141,12.6));
#4502 = VECTOR('',#4503,1.);
#4503 = DIRECTION('',(-0.,-0.,-1.));
#4504 = ADVANCED_FACE('',(#4505),#4530,.F.);
#4505 = FACE_BOUND('',#4506,.F.);
#4506 = EDGE_LOOP('',(#4507,#4515,#4516,#4524));
#4507 = ORIENTED_EDGE('',*,*,#4508,.T.);
#4508 = EDGE_CURVE('',#4509,#2605,#4511,.T.);
#4509 = VERTEX_POINT('',#4510);
#4510 = CARTESIAN_POINT('',(112.97696029077,-94.49253267175,12.6));
#4511 = LINE('',#4512,#4513);
#4512 = CARTESIAN_POINT('',(112.97696029077,-94.49253267175,12.6));
#4513 = VECTOR('',#4514,1.);
#4514 = DIRECTION('',(0.,0.,1.));
#4515 = ORIENTED_EDGE('',*,*,#2604,.T.);
#4516 = ORIENTED_EDGE('',*,*,#4517,.F.);
#4517 = EDGE_CURVE('',#4518,#2607,#4520,.T.);
#4518 = VERTEX_POINT('',#4519);
#4519 = CARTESIAN_POINT('',(114.47094145553,-94.87561405473,12.6));
#4520 = LINE('',#4521,#4522);
#4521 = CARTESIAN_POINT('',(114.47094145553,-94.87561405473,12.6));
#4522 = VECTOR('',#4523,1.);
#4523 = DIRECTION('',(0.,0.,1.));
#4524 = ORIENTED_EDGE('',*,*,#4525,.F.);
#4525 = EDGE_CURVE('',#4509,#4518,#4526,.T.);
#4526 = B_SPLINE_CURVE_WITH_KNOTS('',2,(#4527,#4528,#4529),
  .UNSPECIFIED.,.F.,.F.,(3,3),(0.,1.),.PIECEWISE_BEZIER_KNOTS.);
#4527 = CARTESIAN_POINT('',(112.97696029077,-94.49253267175,12.6));
#4528 = CARTESIAN_POINT('',(113.70709650883,-94.61981725896,12.6));
#4529 = CARTESIAN_POINT('',(114.47094145553,-94.87561405473,12.6));
#4530 = SURFACE_OF_LINEAR_EXTRUSION('',#4531,#4535);
#4531 = B_SPLINE_CURVE_WITH_KNOTS('',2,(#4532,#4533,#4534),
  .UNSPECIFIED.,.F.,.F.,(3,3),(0.,1.),.PIECEWISE_BEZIER_KNOTS.);
#4532 = CARTESIAN_POINT('',(112.97696029077,-94.49253267175,12.6));
#4533 = CARTESIAN_POINT('',(113.70709650883,-94.61981725896,12.6));
#4534 = CARTESIAN_POINT('',(114.47094145553,-94.87561405473,12.6));
#4535 = VECTOR('',#4536,1.);
#4536 = DIRECTION('',(-0.,-0.,-1.));
#4537 = ADVANCED_FACE('',(#4538),#4556,.F.);
#4538 = FACE_BOUND('',#4539,.F.);
#4539 = EDGE_LOOP('',(#4540,#4548,#4549,#4550));
#4540 = ORIENTED_EDGE('',*,*,#4541,.T.);
#4541 = EDGE_CURVE('',#4542,#2815,#4544,.T.);
#4542 = VERTEX_POINT('',#4543);
#4543 = CARTESIAN_POINT('',(111.54370016509,-94.36648750996,12.6));
#4544 = LINE('',#4545,#4546);
#4545 = CARTESIAN_POINT('',(111.54370016509,-94.36648750996,12.6));
#4546 = VECTOR('',#4547,1.);
#4547 = DIRECTION('',(0.,0.,1.));
#4548 = ORIENTED_EDGE('',*,*,#2822,.T.);
#4549 = ORIENTED_EDGE('',*,*,#4508,.F.);
#4550 = ORIENTED_EDGE('',*,*,#4551,.F.);
#4551 = EDGE_CURVE('',#4542,#4509,#4552,.T.);
#4552 = B_SPLINE_CURVE_WITH_KNOTS('',2,(#4553,#4554,#4555),
  .UNSPECIFIED.,.F.,.F.,(3,3),(0.,1.),.PIECEWISE_BEZIER_KNOTS.);
#4553 = CARTESIAN_POINT('',(111.54370016509,-94.36648750996,12.6));
#4554 = CARTESIAN_POINT('',(112.2468240727,-94.36524808455,12.6));
#4555 = CARTESIAN_POINT('',(112.97696029077,-94.49253267175,12.6));
#4556 = SURFACE_OF_LINEAR_EXTRUSION('',#4557,#4561);
#4557 = B_SPLINE_CURVE_WITH_KNOTS('',2,(#4558,#4559,#4560),
  .UNSPECIFIED.,.F.,.F.,(3,3),(0.,1.),.PIECEWISE_BEZIER_KNOTS.);
#4558 = CARTESIAN_POINT('',(111.54370016509,-94.36648750996,12.6));
#4559 = CARTESIAN_POINT('',(112.2468240727,-94.36524808455,12.6));
#4560 = CARTESIAN_POINT('',(112.97696029077,-94.49253267175,12.6));
#4561 = VECTOR('',#4562,1.);
#4562 = DIRECTION('',(-0.,-0.,-1.));
#4563 = ADVANCED_FACE('',(#4564),#4582,.F.);
#4564 = FACE_BOUND('',#4565,.F.);
#4565 = EDGE_LOOP('',(#4566,#4574,#4575,#4576));
#4566 = ORIENTED_EDGE('',*,*,#4567,.T.);
#4567 = EDGE_CURVE('',#4568,#2807,#4570,.T.);
#4568 = VERTEX_POINT('',#4569);
#4569 = CARTESIAN_POINT('',(108.97004982755,-95.13441823234,12.6));
#4570 = LINE('',#4571,#4572);
#4571 = CARTESIAN_POINT('',(108.97004982755,-95.13441823234,12.6));
#4572 = VECTOR('',#4573,1.);
#4573 = DIRECTION('',(0.,0.,1.));
#4574 = ORIENTED_EDGE('',*,*,#2814,.T.);
#4575 = ORIENTED_EDGE('',*,*,#4541,.F.);
#4576 = ORIENTED_EDGE('',*,*,#4577,.F.);
#4577 = EDGE_CURVE('',#4568,#4542,#4578,.T.);
#4578 = B_SPLINE_CURVE_WITH_KNOTS('',2,(#4579,#4580,#4581),
  .UNSPECIFIED.,.F.,.F.,(3,3),(0.,1.),.PIECEWISE_BEZIER_KNOTS.);
#4579 = CARTESIAN_POINT('',(108.97004982755,-95.13441823234,12.6));
#4580 = CARTESIAN_POINT('',(109.90307771401,-94.36937950257,12.6));
#4581 = CARTESIAN_POINT('',(111.54370016509,-94.36648750996,12.6));
#4582 = SURFACE_OF_LINEAR_EXTRUSION('',#4583,#4587);
#4583 = B_SPLINE_CURVE_WITH_KNOTS('',2,(#4584,#4585,#4586),
  .UNSPECIFIED.,.F.,.F.,(3,3),(0.,1.),.PIECEWISE_BEZIER_KNOTS.);
#4584 = CARTESIAN_POINT('',(108.97004982755,-95.13441823234,12.6));
#4585 = CARTESIAN_POINT('',(109.90307771401,-94.36937950257,12.6));
#4586 = CARTESIAN_POINT('',(111.54370016509,-94.36648750996,12.6));
#4587 = VECTOR('',#4588,1.);
#4588 = DIRECTION('',(-0.,-0.,-1.));
#4589 = ADVANCED_FACE('',(#4590),#4608,.F.);
#4590 = FACE_BOUND('',#4591,.F.);
#4591 = EDGE_LOOP('',(#4592,#4600,#4601,#4602));
#4592 = ORIENTED_EDGE('',*,*,#4593,.T.);
#4593 = EDGE_CURVE('',#4594,#2799,#4596,.T.);
#4594 = VERTEX_POINT('',#4595);
#4595 = CARTESIAN_POINT('',(108.03980478422,-97.2249005445,12.6));
#4596 = LINE('',#4597,#4598);
#4597 = CARTESIAN_POINT('',(108.03980478422,-97.2249005445,12.6));
#4598 = VECTOR('',#4599,1.);
#4599 = DIRECTION('',(0.,0.,1.));
#4600 = ORIENTED_EDGE('',*,*,#2806,.T.);
#4601 = ORIENTED_EDGE('',*,*,#4567,.F.);
#4602 = ORIENTED_EDGE('',*,*,#4603,.F.);
#4603 = EDGE_CURVE('',#4594,#4568,#4604,.T.);
#4604 = B_SPLINE_CURVE_WITH_KNOTS('',2,(#4605,#4606,#4607),
  .UNSPECIFIED.,.F.,.F.,(3,3),(0.,1.),.PIECEWISE_BEZIER_KNOTS.);
#4605 = CARTESIAN_POINT('',(108.03980478422,-97.2249005445,12.6));
#4606 = CARTESIAN_POINT('',(108.03746836896,-95.89945617518,12.6));
#4607 = CARTESIAN_POINT('',(108.97004982755,-95.13441823234,12.6));
#4608 = SURFACE_OF_LINEAR_EXTRUSION('',#4609,#4613);
#4609 = B_SPLINE_CURVE_WITH_KNOTS('',2,(#4610,#4611,#4612),
  .UNSPECIFIED.,.F.,.F.,(3,3),(0.,1.),.PIECEWISE_BEZIER_KNOTS.);
#4610 = CARTESIAN_POINT('',(108.03980478422,-97.2249005445,12.6));
#4611 = CARTESIAN_POINT('',(108.03746836896,-95.89945617518,12.6));
#4612 = CARTESIAN_POINT('',(108.97004982755,-95.13441823234,12.6));
#4613 = VECTOR('',#4614,1.);
#4614 = DIRECTION('',(-0.,-0.,-1.));
#4615 = ADVANCED_FACE('',(#4616),#4634,.F.);
#4616 = FACE_BOUND('',#4617,.F.);
#4617 = EDGE_LOOP('',(#4618,#4626,#4627,#4628));
#4618 = ORIENTED_EDGE('',*,*,#4619,.T.);
#4619 = EDGE_CURVE('',#4620,#2791,#4622,.T.);
#4620 = VERTEX_POINT('',#4621);
#4621 = CARTESIAN_POINT('',(108.71929470091,-99.01165198608,12.6));
#4622 = LINE('',#4623,#4624);
#4623 = CARTESIAN_POINT('',(108.71929470091,-99.01165198608,12.6));
#4624 = VECTOR('',#4625,1.);
#4625 = DIRECTION('',(0.,0.,1.));
#4626 = ORIENTED_EDGE('',*,*,#2798,.T.);
#4627 = ORIENTED_EDGE('',*,*,#4593,.F.);
#4628 = ORIENTED_EDGE('',*,*,#4629,.F.);
#4629 = EDGE_CURVE('',#4620,#4594,#4630,.T.);
#4630 = B_SPLINE_CURVE_WITH_KNOTS('',2,(#4631,#4632,#4633),
  .UNSPECIFIED.,.F.,.F.,(3,3),(0.,1.),.PIECEWISE_BEZIER_KNOTS.);
#4631 = CARTESIAN_POINT('',(108.71929470091,-99.01165198608,12.6));
#4632 = CARTESIAN_POINT('',(108.04182327703,-98.36998805118,12.6));
#4633 = CARTESIAN_POINT('',(108.03980478422,-97.2249005445,12.6));
#4634 = SURFACE_OF_LINEAR_EXTRUSION('',#4635,#4639);
#4635 = B_SPLINE_CURVE_WITH_KNOTS('',2,(#4636,#4637,#4638),
  .UNSPECIFIED.,.F.,.F.,(3,3),(0.,1.),.PIECEWISE_BEZIER_KNOTS.);
#4636 = CARTESIAN_POINT('',(108.71929470091,-99.01165198608,12.6));
#4637 = CARTESIAN_POINT('',(108.04182327703,-98.36998805118,12.6));
#4638 = CARTESIAN_POINT('',(108.03980478422,-97.2249005445,12.6));
#4639 = VECTOR('',#4640,1.);
#4640 = DIRECTION('',(-0.,-0.,-1.));
#4641 = ADVANCED_FACE('',(#4642),#4660,.F.);
#4642 = FACE_BOUND('',#4643,.F.);
#4643 = EDGE_LOOP('',(#4644,#4652,#4653,#4654));
#4644 = ORIENTED_EDGE('',*,*,#4645,.T.);
#4645 = EDGE_CURVE('',#4646,#2783,#4648,.T.);
#4646 = VERTEX_POINT('',#4647);
#4647 = CARTESIAN_POINT('',(110.91068781301,-99.95198702288,12.6));
#4648 = LINE('',#4649,#4650);
#4649 = CARTESIAN_POINT('',(110.91068781301,-99.95198702288,12.6));
#4650 = VECTOR('',#4651,1.);
#4651 = DIRECTION('',(0.,0.,1.));
#4652 = ORIENTED_EDGE('',*,*,#2790,.T.);
#4653 = ORIENTED_EDGE('',*,*,#4619,.F.);
#4654 = ORIENTED_EDGE('',*,*,#4655,.F.);
#4655 = EDGE_CURVE('',#4646,#4620,#4656,.T.);
#4656 = B_SPLINE_CURVE_WITH_KNOTS('',2,(#4657,#4658,#4659),
  .UNSPECIFIED.,.F.,.F.,(3,3),(0.,1.),.PIECEWISE_BEZIER_KNOTS.);
#4657 = CARTESIAN_POINT('',(110.91068781301,-99.95198702288,12.6));
#4658 = CARTESIAN_POINT('',(109.39676612479,-99.65331592097,12.6));
#4659 = CARTESIAN_POINT('',(108.71929470091,-99.01165198608,12.6));
#4660 = SURFACE_OF_LINEAR_EXTRUSION('',#4661,#4665);
#4661 = B_SPLINE_CURVE_WITH_KNOTS('',2,(#4662,#4663,#4664),
  .UNSPECIFIED.,.F.,.F.,(3,3),(0.,1.),.PIECEWISE_BEZIER_KNOTS.);
#4662 = CARTESIAN_POINT('',(110.91068781301,-99.95198702288,12.6));
#4663 = CARTESIAN_POINT('',(109.39676612479,-99.65331592097,12.6));
#4664 = CARTESIAN_POINT('',(108.71929470091,-99.01165198608,12.6));
#4665 = VECTOR('',#4666,1.);
#4666 = DIRECTION('',(-0.,-0.,-1.));
#4667 = ADVANCED_FACE('',(#4668),#4686,.F.);
#4668 = FACE_BOUND('',#4669,.F.);
#4669 = EDGE_LOOP('',(#4670,#4678,#4679,#4680));
#4670 = ORIENTED_EDGE('',*,*,#4671,.T.);
#4671 = EDGE_CURVE('',#4672,#2775,#4674,.T.);
#4672 = VERTEX_POINT('',#4673);
#4673 = CARTESIAN_POINT('',(111.73463054487,-100.1112491605,12.6));
#4674 = LINE('',#4675,#4676);
#4675 = CARTESIAN_POINT('',(111.73463054487,-100.1112491605,12.6));
#4676 = VECTOR('',#4677,1.);
#4677 = DIRECTION('',(0.,0.,1.));
#4678 = ORIENTED_EDGE('',*,*,#2782,.T.);
#4679 = ORIENTED_EDGE('',*,*,#4645,.F.);
#4680 = ORIENTED_EDGE('',*,*,#4681,.F.);
#4681 = EDGE_CURVE('',#4672,#4646,#4682,.T.);
#4682 = LINE('',#4683,#4684);
#4683 = CARTESIAN_POINT('',(111.73463054487,-100.1112491605,12.6));
#4684 = VECTOR('',#4685,1.);
#4685 = DIRECTION('',(-0.981826649814,0.18977995077,0.));
#4686 = PLANE('',#4687);
#4687 = AXIS2_PLACEMENT_3D('',#4688,#4689,#4690);
#4688 = CARTESIAN_POINT('',(111.73463054487,-100.1112491605,12.6));
#4689 = DIRECTION('',(-0.18977995077,-0.981826649814,0.));
#4690 = DIRECTION('',(-0.981826649814,0.18977995077,0.));
#4691 = ADVANCED_FACE('',(#4692),#4710,.F.);
#4692 = FACE_BOUND('',#4693,.F.);
#4693 = EDGE_LOOP('',(#4694,#4702,#4703,#4704));
#4694 = ORIENTED_EDGE('',*,*,#4695,.T.);
#4695 = EDGE_CURVE('',#4696,#2767,#4698,.T.);
#4696 = VERTEX_POINT('',#4697);
#4697 = CARTESIAN_POINT('',(113.21876566655,-100.7336339856,12.6));
#4698 = LINE('',#4699,#4700);
#4699 = CARTESIAN_POINT('',(113.21876566655,-100.7336339856,12.6));
#4700 = VECTOR('',#4701,1.);
#4701 = DIRECTION('',(0.,0.,1.));
#4702 = ORIENTED_EDGE('',*,*,#2774,.T.);
#4703 = ORIENTED_EDGE('',*,*,#4671,.F.);
#4704 = ORIENTED_EDGE('',*,*,#4705,.F.);
#4705 = EDGE_CURVE('',#4696,#4672,#4706,.T.);
#4706 = B_SPLINE_CURVE_WITH_KNOTS('',2,(#4707,#4708,#4709),
  .UNSPECIFIED.,.F.,.F.,(3,3),(0.,1.),.PIECEWISE_BEZIER_KNOTS.);
#4707 = CARTESIAN_POINT('',(113.21876566655,-100.7336339856,12.6));
#4708 = CARTESIAN_POINT('',(112.76624644217,-100.3179131555,12.6));
#4709 = CARTESIAN_POINT('',(111.73463054487,-100.1112491605,12.6));
#4710 = SURFACE_OF_LINEAR_EXTRUSION('',#4711,#4715);
#4711 = B_SPLINE_CURVE_WITH_KNOTS('',2,(#4712,#4713,#4714),
  .UNSPECIFIED.,.F.,.F.,(3,3),(0.,1.),.PIECEWISE_BEZIER_KNOTS.);
#4712 = CARTESIAN_POINT('',(113.21876566655,-100.7336339856,12.6));
#4713 = CARTESIAN_POINT('',(112.76624644217,-100.3179131555,12.6));
#4714 = CARTESIAN_POINT('',(111.73463054487,-100.1112491605,12.6));
#4715 = VECTOR('',#4716,1.);
#4716 = DIRECTION('',(-0.,-0.,-1.));
#4717 = ADVANCED_FACE('',(#4718),#4736,.F.);
#4718 = FACE_BOUND('',#4719,.F.);
#4719 = EDGE_LOOP('',(#4720,#4728,#4729,#4730));
#4720 = ORIENTED_EDGE('',*,*,#4721,.T.);
#4721 = EDGE_CURVE('',#4722,#2759,#4724,.T.);
#4722 = VERTEX_POINT('',#4723);
#4723 = CARTESIAN_POINT('',(113.67303369916,-101.8881921665,12.6));
#4724 = LINE('',#4725,#4726);
#4725 = CARTESIAN_POINT('',(113.67303369916,-101.8881921665,12.6));
#4726 = VECTOR('',#4727,1.);
#4727 = DIRECTION('',(0.,0.,1.));
#4728 = ORIENTED_EDGE('',*,*,#2766,.T.);
#4729 = ORIENTED_EDGE('',*,*,#4695,.F.);
#4730 = ORIENTED_EDGE('',*,*,#4731,.F.);
#4731 = EDGE_CURVE('',#4722,#4696,#4732,.T.);
#4732 = B_SPLINE_CURVE_WITH_KNOTS('',2,(#4733,#4734,#4735),
  .UNSPECIFIED.,.F.,.F.,(3,3),(0.,1.),.PIECEWISE_BEZIER_KNOTS.);
#4733 = CARTESIAN_POINT('',(113.67303369916,-101.8881921665,12.6));
#4734 = CARTESIAN_POINT('',(113.67173131881,-101.1493540287,12.6));
#4735 = CARTESIAN_POINT('',(113.21876566655,-100.7336339856,12.6));
#4736 = SURFACE_OF_LINEAR_EXTRUSION('',#4737,#4741);
#4737 = B_SPLINE_CURVE_WITH_KNOTS('',2,(#4738,#4739,#4740),
  .UNSPECIFIED.,.F.,.F.,(3,3),(0.,1.),.PIECEWISE_BEZIER_KNOTS.);
#4738 = CARTESIAN_POINT('',(113.67303369916,-101.8881921665,12.6));
#4739 = CARTESIAN_POINT('',(113.67173131881,-101.1493540287,12.6));
#4740 = CARTESIAN_POINT('',(113.21876566655,-100.7336339856,12.6));
#4741 = VECTOR('',#4742,1.);
#4742 = DIRECTION('',(-0.,-0.,-1.));
#4743 = ADVANCED_FACE('',(#4744),#4762,.F.);
#4744 = FACE_BOUND('',#4745,.F.);
#4745 = EDGE_LOOP('',(#4746,#4754,#4755,#4756));
#4746 = ORIENTED_EDGE('',*,*,#4747,.T.);
#4747 = EDGE_CURVE('',#4748,#2751,#4750,.T.);
#4748 = VERTEX_POINT('',#4749);
#4749 = CARTESIAN_POINT('',(113.04586824676,-103.1928711506,12.6));
#4750 = LINE('',#4751,#4752);
#4751 = CARTESIAN_POINT('',(113.04586824676,-103.1928711506,12.6));
#4752 = VECTOR('',#4753,1.);
#4753 = DIRECTION('',(0.,0.,1.));
#4754 = ORIENTED_EDGE('',*,*,#2758,.T.);
#4755 = ORIENTED_EDGE('',*,*,#4721,.F.);
#4756 = ORIENTED_EDGE('',*,*,#4757,.F.);
#4757 = EDGE_CURVE('',#4748,#4722,#4758,.T.);
#4758 = B_SPLINE_CURVE_WITH_KNOTS('',2,(#4759,#4760,#4761),
  .UNSPECIFIED.,.F.,.F.,(3,3),(0.,1.),.PIECEWISE_BEZIER_KNOTS.);
#4759 = CARTESIAN_POINT('',(113.04586824676,-103.1928711506,12.6));
#4760 = CARTESIAN_POINT('',(113.67452573127,-102.7346194229,12.6));
#4761 = CARTESIAN_POINT('',(113.67303369916,-101.8881921665,12.6));
#4762 = SURFACE_OF_LINEAR_EXTRUSION('',#4763,#4767);
#4763 = B_SPLINE_CURVE_WITH_KNOTS('',2,(#4764,#4765,#4766),
  .UNSPECIFIED.,.F.,.F.,(3,3),(0.,1.),.PIECEWISE_BEZIER_KNOTS.);
#4764 = CARTESIAN_POINT('',(113.04586824676,-103.1928711506,12.6));
#4765 = CARTESIAN_POINT('',(113.67452573127,-102.7346194229,12.6));
#4766 = CARTESIAN_POINT('',(113.67303369916,-101.8881921665,12.6));
#4767 = VECTOR('',#4768,1.);
#4768 = DIRECTION('',(-0.,-0.,-1.));
#4769 = ADVANCED_FACE('',(#4770),#4788,.F.);
#4770 = FACE_BOUND('',#4771,.F.);
#4771 = EDGE_LOOP('',(#4772,#4780,#4781,#4782));
#4772 = ORIENTED_EDGE('',*,*,#4773,.T.);
#4773 = EDGE_CURVE('',#4774,#2743,#4776,.T.);
#4774 = VERTEX_POINT('',#4775);
#4775 = CARTESIAN_POINT('',(111.2587296323,-103.6527185514,12.6));
#4776 = LINE('',#4777,#4778);
#4777 = CARTESIAN_POINT('',(111.2587296323,-103.6527185514,12.6));
#4778 = VECTOR('',#4779,1.);
#4779 = DIRECTION('',(0.,0.,1.));
#4780 = ORIENTED_EDGE('',*,*,#2750,.T.);
#4781 = ORIENTED_EDGE('',*,*,#4747,.F.);
#4782 = ORIENTED_EDGE('',*,*,#4783,.F.);
#4783 = EDGE_CURVE('',#4774,#4748,#4784,.T.);
#4784 = B_SPLINE_CURVE_WITH_KNOTS('',2,(#4785,#4786,#4787),
  .UNSPECIFIED.,.F.,.F.,(3,3),(0.,1.),.PIECEWISE_BEZIER_KNOTS.);
#4785 = CARTESIAN_POINT('',(111.2587296323,-103.6527185514,12.6));
#4786 = CARTESIAN_POINT('',(112.41720997531,-103.6506764505,12.6));
#4787 = CARTESIAN_POINT('',(113.04586824676,-103.1928711506,12.6));
#4788 = SURFACE_OF_LINEAR_EXTRUSION('',#4789,#4793);
#4789 = B_SPLINE_CURVE_WITH_KNOTS('',2,(#4790,#4791,#4792),
  .UNSPECIFIED.,.F.,.F.,(3,3),(0.,1.),.PIECEWISE_BEZIER_KNOTS.);
#4790 = CARTESIAN_POINT('',(111.2587296323,-103.6527185514,12.6));
#4791 = CARTESIAN_POINT('',(112.41720997531,-103.6506764505,12.6));
#4792 = CARTESIAN_POINT('',(113.04586824676,-103.1928711506,12.6));
#4793 = VECTOR('',#4794,1.);
#4794 = DIRECTION('',(-0.,-0.,-1.));
#4795 = ADVANCED_FACE('',(#4796),#4814,.F.);
#4796 = FACE_BOUND('',#4797,.F.);
#4797 = EDGE_LOOP('',(#4798,#4806,#4807,#4808));
#4798 = ORIENTED_EDGE('',*,*,#4799,.T.);
#4799 = EDGE_CURVE('',#4800,#2735,#4802,.T.);
#4800 = VERTEX_POINT('',#4801);
#4801 = CARTESIAN_POINT('',(109.70474196703,-103.4179574604,12.6));
#4802 = LINE('',#4803,#4804);
#4803 = CARTESIAN_POINT('',(109.70474196703,-103.4179574604,12.6));
#4804 = VECTOR('',#4805,1.);
#4805 = DIRECTION('',(0.,0.,1.));
#4806 = ORIENTED_EDGE('',*,*,#2742,.T.);
#4807 = ORIENTED_EDGE('',*,*,#4773,.F.);
#4808 = ORIENTED_EDGE('',*,*,#4809,.F.);
#4809 = EDGE_CURVE('',#4800,#4774,#4810,.T.);
#4810 = B_SPLINE_CURVE_WITH_KNOTS('',2,(#4811,#4812,#4813),
  .UNSPECIFIED.,.F.,.F.,(3,3),(0.,1.),.PIECEWISE_BEZIER_KNOTS.);
#4811 = CARTESIAN_POINT('',(109.70474196703,-103.4179574604,12.6));
#4812 = CARTESIAN_POINT('',(110.49533796118,-103.6540642133,12.6));
#4813 = CARTESIAN_POINT('',(111.2587296323,-103.6527185514,12.6));
#4814 = SURFACE_OF_LINEAR_EXTRUSION('',#4815,#4819);
#4815 = B_SPLINE_CURVE_WITH_KNOTS('',2,(#4816,#4817,#4818),
  .UNSPECIFIED.,.F.,.F.,(3,3),(0.,1.),.PIECEWISE_BEZIER_KNOTS.);
#4816 = CARTESIAN_POINT('',(109.70474196703,-103.4179574604,12.6));
#4817 = CARTESIAN_POINT('',(110.49533796118,-103.6540642133,12.6));
#4818 = CARTESIAN_POINT('',(111.2587296323,-103.6527185514,12.6));
#4819 = VECTOR('',#4820,1.);
#4820 = DIRECTION('',(-0.,-0.,-1.));
#4821 = ADVANCED_FACE('',(#4822),#4840,.F.);
#4822 = FACE_BOUND('',#4823,.F.);
#4823 = EDGE_LOOP('',(#4824,#4832,#4833,#4834));
#4824 = ORIENTED_EDGE('',*,*,#4825,.T.);
#4825 = EDGE_CURVE('',#4826,#2727,#4828,.T.);
#4826 = VERTEX_POINT('',#4827);
#4827 = CARTESIAN_POINT('',(108.08966182853,-102.7154461898,12.6));
#4828 = LINE('',#4829,#4830);
#4829 = CARTESIAN_POINT('',(108.08966182853,-102.7154461898,12.6));
#4830 = VECTOR('',#4831,1.);
#4831 = DIRECTION('',(0.,0.,1.));
#4832 = ORIENTED_EDGE('',*,*,#2734,.T.);
#4833 = ORIENTED_EDGE('',*,*,#4799,.F.);
#4834 = ORIENTED_EDGE('',*,*,#4835,.F.);
#4835 = EDGE_CURVE('',#4826,#4800,#4836,.T.);
#4836 = B_SPLINE_CURVE_WITH_KNOTS('',2,(#4837,#4838,#4839),
  .UNSPECIFIED.,.F.,.F.,(3,3),(0.,1.),.PIECEWISE_BEZIER_KNOTS.);
#4837 = CARTESIAN_POINT('',(108.08966182853,-102.7154461898,12.6));
#4838 = CARTESIAN_POINT('',(108.91414597288,-103.1818507074,12.6));
#4839 = CARTESIAN_POINT('',(109.70474196703,-103.4179574604,12.6));
#4840 = SURFACE_OF_LINEAR_EXTRUSION('',#4841,#4845);
#4841 = B_SPLINE_CURVE_WITH_KNOTS('',2,(#4842,#4843,#4844),
  .UNSPECIFIED.,.F.,.F.,(3,3),(0.,1.),.PIECEWISE_BEZIER_KNOTS.);
#4842 = CARTESIAN_POINT('',(108.08966182853,-102.7154461898,12.6));
#4843 = CARTESIAN_POINT('',(108.91414597288,-103.1818507074,12.6));
#4844 = CARTESIAN_POINT('',(109.70474196703,-103.4179574604,12.6));
#4845 = VECTOR('',#4846,1.);
#4846 = DIRECTION('',(-0.,-0.,-1.));
#4847 = ADVANCED_FACE('',(#4848),#4866,.F.);
#4848 = FACE_BOUND('',#4849,.F.);
#4849 = EDGE_LOOP('',(#4850,#4858,#4859,#4860));
#4850 = ORIENTED_EDGE('',*,*,#4851,.T.);
#4851 = EDGE_CURVE('',#4852,#2719,#4854,.T.);
#4852 = VERTEX_POINT('',#4853);
#4853 = CARTESIAN_POINT('',(108.09212966223,-104.1154440147,12.6));
#4854 = LINE('',#4855,#4856);
#4855 = CARTESIAN_POINT('',(108.09212966223,-104.1154440147,12.6));
#4856 = VECTOR('',#4857,1.);
#4857 = DIRECTION('',(0.,0.,1.));
#4858 = ORIENTED_EDGE('',*,*,#2726,.T.);
#4859 = ORIENTED_EDGE('',*,*,#4825,.F.);
#4860 = ORIENTED_EDGE('',*,*,#4861,.F.);
#4861 = EDGE_CURVE('',#4852,#4826,#4862,.T.);
#4862 = LINE('',#4863,#4864);
#4863 = CARTESIAN_POINT('',(108.09212966223,-104.1154440147,12.6));
#4864 = VECTOR('',#4865,1.);
#4865 = DIRECTION('',(-1.762738357939E-03,0.999998446376,0.));
#4866 = PLANE('',#4867);
#4867 = AXIS2_PLACEMENT_3D('',#4868,#4869,#4870);
#4868 = CARTESIAN_POINT('',(108.09212966223,-104.1154440147,12.6));
#4869 = DIRECTION('',(-0.999998446376,-1.762738357939E-03,0.));
#4870 = DIRECTION('',(-1.762738357939E-03,0.999998446376,0.));
#4871 = ADVANCED_FACE('',(#4872),#4890,.F.);
#4872 = FACE_BOUND('',#4873,.F.);
#4873 = EDGE_LOOP('',(#4874,#4882,#4883,#4884));
#4874 = ORIENTED_EDGE('',*,*,#4875,.T.);
#4875 = EDGE_CURVE('',#4876,#2711,#4878,.T.);
#4876 = VERTEX_POINT('',#4877);
#4877 = CARTESIAN_POINT('',(109.75009780227,-104.5821650329,12.6));
#4878 = LINE('',#4879,#4880);
#4879 = CARTESIAN_POINT('',(109.75009780227,-104.5821650329,12.6));
#4880 = VECTOR('',#4881,1.);
#4881 = DIRECTION('',(0.,0.,1.));
#4882 = ORIENTED_EDGE('',*,*,#2718,.T.);
#4883 = ORIENTED_EDGE('',*,*,#4851,.F.);
#4884 = ORIENTED_EDGE('',*,*,#4885,.F.);
#4885 = EDGE_CURVE('',#4876,#4852,#4886,.T.);
#4886 = B_SPLINE_CURVE_WITH_KNOTS('',2,(#4887,#4888,#4889),
  .UNSPECIFIED.,.F.,.F.,(3,3),(0.,1.),.PIECEWISE_BEZIER_KNOTS.);
#4887 = CARTESIAN_POINT('',(109.75009780227,-104.5821650329,12.6));
#4888 = CARTESIAN_POINT('',(108.94981968262,-104.425093327,12.6));
#4889 = CARTESIAN_POINT('',(108.09212966223,-104.1154440147,12.6));
#4890 = SURFACE_OF_LINEAR_EXTRUSION('',#4891,#4895);
#4891 = B_SPLINE_CURVE_WITH_KNOTS('',2,(#4892,#4893,#4894),
  .UNSPECIFIED.,.F.,.F.,(3,3),(0.,1.),.PIECEWISE_BEZIER_KNOTS.);
#4892 = CARTESIAN_POINT('',(109.75009780227,-104.5821650329,12.6));
#4893 = CARTESIAN_POINT('',(108.94981968262,-104.425093327,12.6));
#4894 = CARTESIAN_POINT('',(108.09212966223,-104.1154440147,12.6));
#4895 = VECTOR('',#4896,1.);
#4896 = DIRECTION('',(-0.,-0.,-1.));
#4897 = ADVANCED_FACE('',(#4898),#4916,.F.);
#4898 = FACE_BOUND('',#4899,.F.);
#4899 = EDGE_LOOP('',(#4900,#4908,#4909,#4910));
#4900 = ORIENTED_EDGE('',*,*,#4901,.T.);
#4901 = EDGE_CURVE('',#4902,#2703,#4904,.T.);
#4902 = VERTEX_POINT('',#4903);
#4903 = CARTESIAN_POINT('',(111.26064346251,-104.7384311504,12.6));
#4904 = LINE('',#4905,#4906);
#4905 = CARTESIAN_POINT('',(111.26064346251,-104.7384311504,12.6));
#4906 = VECTOR('',#4907,1.);
#4907 = DIRECTION('',(0.,0.,1.));
#4908 = ORIENTED_EDGE('',*,*,#2710,.T.);
#4909 = ORIENTED_EDGE('',*,*,#4875,.F.);
#4910 = ORIENTED_EDGE('',*,*,#4911,.F.);
#4911 = EDGE_CURVE('',#4902,#4876,#4912,.T.);
#4912 = B_SPLINE_CURVE_WITH_KNOTS('',2,(#4913,#4914,#4915),
  .UNSPECIFIED.,.F.,.F.,(3,3),(0.,1.),.PIECEWISE_BEZIER_KNOTS.);
#4913 = CARTESIAN_POINT('',(111.26064346251,-104.7384311504,12.6));
#4914 = CARTESIAN_POINT('',(110.55082313674,-104.7396823798,12.6));
#4915 = CARTESIAN_POINT('',(109.75009780227,-104.5821650329,12.6));
#4916 = SURFACE_OF_LINEAR_EXTRUSION('',#4917,#4921);
#4917 = B_SPLINE_CURVE_WITH_KNOTS('',2,(#4918,#4919,#4920),
  .UNSPECIFIED.,.F.,.F.,(3,3),(0.,1.),.PIECEWISE_BEZIER_KNOTS.);
#4918 = CARTESIAN_POINT('',(111.26064346251,-104.7384311504,12.6));
#4919 = CARTESIAN_POINT('',(110.55082313674,-104.7396823798,12.6));
#4920 = CARTESIAN_POINT('',(109.75009780227,-104.5821650329,12.6));
#4921 = VECTOR('',#4922,1.);
#4922 = DIRECTION('',(-0.,-0.,-1.));
#4923 = ADVANCED_FACE('',(#4924),#4942,.F.);
#4924 = FACE_BOUND('',#4925,.F.);
#4925 = EDGE_LOOP('',(#4926,#4934,#4935,#4936));
#4926 = ORIENTED_EDGE('',*,*,#4927,.T.);
#4927 = EDGE_CURVE('',#4928,#2695,#4930,.T.);
#4928 = VERTEX_POINT('',#4929);
#4929 = CARTESIAN_POINT('',(114.11512133026,-103.9838447089,12.6));
#4930 = LINE('',#4931,#4932);
#4931 = CARTESIAN_POINT('',(114.11512133026,-103.9838447089,12.6));
#4932 = VECTOR('',#4933,1.);
#4933 = DIRECTION('',(0.,0.,1.));
#4934 = ORIENTED_EDGE('',*,*,#2702,.T.);
#4935 = ORIENTED_EDGE('',*,*,#4901,.F.);
#4936 = ORIENTED_EDGE('',*,*,#4937,.F.);
#4937 = EDGE_CURVE('',#4928,#4902,#4938,.T.);
#4938 = B_SPLINE_CURVE_WITH_KNOTS('',2,(#4939,#4940,#4941),
  .UNSPECIFIED.,.F.,.F.,(3,3),(0.,1.),.PIECEWISE_BEZIER_KNOTS.);
#4939 = CARTESIAN_POINT('',(114.11512133026,-103.9838447089,12.6));
#4940 = CARTESIAN_POINT('',(113.14233696764,-104.7351142119,12.6));
#4941 = CARTESIAN_POINT('',(111.26064346251,-104.7384311504,12.6));
#4942 = SURFACE_OF_LINEAR_EXTRUSION('',#4943,#4947);
#4943 = B_SPLINE_CURVE_WITH_KNOTS('',2,(#4944,#4945,#4946),
  .UNSPECIFIED.,.F.,.F.,(3,3),(0.,1.),.PIECEWISE_BEZIER_KNOTS.);
#4944 = CARTESIAN_POINT('',(114.11512133026,-103.9838447089,12.6));
#4945 = CARTESIAN_POINT('',(113.14233696764,-104.7351142119,12.6));
#4946 = CARTESIAN_POINT('',(111.26064346251,-104.7384311504,12.6));
#4947 = VECTOR('',#4948,1.);
#4948 = DIRECTION('',(-0.,-0.,-1.));
#4949 = ADVANCED_FACE('',(#4950),#4968,.F.);
#4950 = FACE_BOUND('',#4951,.F.);
#4951 = EDGE_LOOP('',(#4952,#4960,#4961,#4962));
#4952 = ORIENTED_EDGE('',*,*,#4953,.T.);
#4953 = EDGE_CURVE('',#4954,#2687,#4956,.T.);
#4954 = VERTEX_POINT('',#4955);
#4955 = CARTESIAN_POINT('',(115.0857906416,-101.7794516767,12.6));
#4956 = LINE('',#4957,#4958);
#4957 = CARTESIAN_POINT('',(115.0857906416,-101.7794516767,12.6));
#4958 = VECTOR('',#4959,1.);
#4959 = DIRECTION('',(0.,0.,1.));
#4960 = ORIENTED_EDGE('',*,*,#2694,.T.);
#4961 = ORIENTED_EDGE('',*,*,#4927,.F.);
#4962 = ORIENTED_EDGE('',*,*,#4963,.F.);
#4963 = EDGE_CURVE('',#4954,#4928,#4964,.T.);
#4964 = B_SPLINE_CURVE_WITH_KNOTS('',2,(#4965,#4966,#4967),
  .UNSPECIFIED.,.F.,.F.,(3,3),(0.,1.),.PIECEWISE_BEZIER_KNOTS.);
#4965 = CARTESIAN_POINT('',(115.0857906416,-101.7794516767,12.6));
#4966 = CARTESIAN_POINT('',(115.08835133383,-103.2321279912,12.6));
#4967 = CARTESIAN_POINT('',(114.11512133026,-103.9838447089,12.6));
#4968 = SURFACE_OF_LINEAR_EXTRUSION('',#4969,#4973);
#4969 = B_SPLINE_CURVE_WITH_KNOTS('',2,(#4970,#4971,#4972),
  .UNSPECIFIED.,.F.,.F.,(3,3),(0.,1.),.PIECEWISE_BEZIER_KNOTS.);
#4970 = CARTESIAN_POINT('',(115.0857906416,-101.7794516767,12.6));
#4971 = CARTESIAN_POINT('',(115.08835133383,-103.2321279912,12.6));
#4972 = CARTESIAN_POINT('',(114.11512133026,-103.9838447089,12.6));
#4973 = VECTOR('',#4974,1.);
#4974 = DIRECTION('',(-0.,-0.,-1.));
#4975 = ADVANCED_FACE('',(#4976),#4994,.F.);
#4976 = FACE_BOUND('',#4977,.F.);
#4977 = EDGE_LOOP('',(#4978,#4986,#4987,#4988));
#4978 = ORIENTED_EDGE('',*,*,#4979,.T.);
#4979 = EDGE_CURVE('',#4980,#2679,#4982,.T.);
#4980 = VERTEX_POINT('',#4981);
#4981 = CARTESIAN_POINT('',(114.36227379114,-99.83563474197,12.6));
#4982 = LINE('',#4983,#4984);
#4983 = CARTESIAN_POINT('',(114.36227379114,-99.83563474197,12.6));
#4984 = VECTOR('',#4985,1.);
#4985 = DIRECTION('',(0.,0.,1.));
#4986 = ORIENTED_EDGE('',*,*,#2686,.T.);
#4987 = ORIENTED_EDGE('',*,*,#4953,.F.);
#4988 = ORIENTED_EDGE('',*,*,#4989,.F.);
#4989 = EDGE_CURVE('',#4980,#4954,#4990,.T.);
#4990 = B_SPLINE_CURVE_WITH_KNOTS('',2,(#4991,#4992,#4993),
  .UNSPECIFIED.,.F.,.F.,(3,3),(0.,1.),.PIECEWISE_BEZIER_KNOTS.);
#4991 = CARTESIAN_POINT('',(114.36227379114,-99.83563474197,12.6));
#4992 = CARTESIAN_POINT('',(115.08364230422,-100.5607035702,12.6));
#4993 = CARTESIAN_POINT('',(115.0857906416,-101.7794516767,12.6));
#4994 = SURFACE_OF_LINEAR_EXTRUSION('',#4995,#4999);
#4995 = B_SPLINE_CURVE_WITH_KNOTS('',2,(#4996,#4997,#4998),
  .UNSPECIFIED.,.F.,.F.,(3,3),(0.,1.),.PIECEWISE_BEZIER_KNOTS.);
#4996 = CARTESIAN_POINT('',(114.36227379114,-99.83563474197,12.6));
#4997 = CARTESIAN_POINT('',(115.08364230422,-100.5607035702,12.6));
#4998 = CARTESIAN_POINT('',(115.0857906416,-101.7794516767,12.6));
#4999 = VECTOR('',#5000,1.);
#5000 = DIRECTION('',(-0.,-0.,-1.));
#5001 = ADVANCED_FACE('',(#5002),#5020,.F.);
#5002 = FACE_BOUND('',#5003,.F.);
#5003 = EDGE_LOOP('',(#5004,#5012,#5013,#5014));
#5004 = ORIENTED_EDGE('',*,*,#5005,.T.);
#5005 = EDGE_CURVE('',#5006,#2671,#5008,.T.);
#5006 = VERTEX_POINT('',#5007);
#5007 = CARTESIAN_POINT('',(112.12745362581,-98.82528686121,12.6));
#5008 = LINE('',#5009,#5010);
#5009 = CARTESIAN_POINT('',(112.12745362581,-98.82528686121,12.6));
#5010 = VECTOR('',#5011,1.);
#5011 = DIRECTION('',(0.,0.,1.));
#5012 = ORIENTED_EDGE('',*,*,#2678,.T.);
#5013 = ORIENTED_EDGE('',*,*,#4979,.F.);
#5014 = ORIENTED_EDGE('',*,*,#5015,.F.);
#5015 = EDGE_CURVE('',#5006,#4980,#5016,.T.);
#5016 = B_SPLINE_CURVE_WITH_KNOTS('',2,(#5017,#5018,#5019),
  .UNSPECIFIED.,.F.,.F.,(3,3),(0.,1.),.PIECEWISE_BEZIER_KNOTS.);
#5017 = CARTESIAN_POINT('',(112.12745362581,-98.82528686121,12.6));
#5018 = CARTESIAN_POINT('',(113.64135170593,-99.11056512678,12.6));
#5019 = CARTESIAN_POINT('',(114.36227379114,-99.83563474197,12.6));
#5020 = SURFACE_OF_LINEAR_EXTRUSION('',#5021,#5025);
#5021 = B_SPLINE_CURVE_WITH_KNOTS('',2,(#5022,#5023,#5024),
  .UNSPECIFIED.,.F.,.F.,(3,3),(0.,1.),.PIECEWISE_BEZIER_KNOTS.);
#5022 = CARTESIAN_POINT('',(112.12745362581,-98.82528686121,12.6));
#5023 = CARTESIAN_POINT('',(113.64135170593,-99.11056512678,12.6));
#5024 = CARTESIAN_POINT('',(114.36227379114,-99.83563474197,12.6));
#5025 = VECTOR('',#5026,1.);
#5026 = DIRECTION('',(-0.,-0.,-1.));
#5027 = ADVANCED_FACE('',(#5028),#5046,.F.);
#5028 = FACE_BOUND('',#5029,.F.);
#5029 = EDGE_LOOP('',(#5030,#5038,#5039,#5040));
#5030 = ORIENTED_EDGE('',*,*,#5031,.T.);
#5031 = EDGE_CURVE('',#5032,#2663,#5034,.T.);
#5032 = VERTEX_POINT('',#5033);
#5033 = CARTESIAN_POINT('',(111.31019550807,-98.6593165013,12.6));
#5034 = LINE('',#5035,#5036);
#5035 = CARTESIAN_POINT('',(111.31019550807,-98.6593165013,12.6));
#5036 = VECTOR('',#5037,1.);
#5037 = DIRECTION('',(0.,0.,1.));
#5038 = ORIENTED_EDGE('',*,*,#2670,.T.);
#5039 = ORIENTED_EDGE('',*,*,#5005,.F.);
#5040 = ORIENTED_EDGE('',*,*,#5041,.F.);
#5041 = EDGE_CURVE('',#5032,#5006,#5042,.T.);
#5042 = LINE('',#5043,#5044);
#5043 = CARTESIAN_POINT('',(111.31019550807,-98.6593165013,12.6));
#5044 = VECTOR('',#5045,1.);
#5045 = DIRECTION('',(0.979995551653,-0.199019392876,0.));
#5046 = PLANE('',#5047);
#5047 = AXIS2_PLACEMENT_3D('',#5048,#5049,#5050);
#5048 = CARTESIAN_POINT('',(111.31019550807,-98.6593165013,12.6));
#5049 = DIRECTION('',(0.199019392876,0.979995551653,0.));
#5050 = DIRECTION('',(0.979995551653,-0.199019392876,0.));
#5051 = ADVANCED_FACE('',(#5052),#5070,.F.);
#5052 = FACE_BOUND('',#5053,.F.);
#5053 = EDGE_LOOP('',(#5054,#5062,#5063,#5064));
#5054 = ORIENTED_EDGE('',*,*,#5055,.T.);
#5055 = EDGE_CURVE('',#5056,#2655,#5058,.T.);
#5056 = VERTEX_POINT('',#5057);
#5057 = CARTESIAN_POINT('',(109.7989644259,-98.11421170227,12.6));
#5058 = LINE('',#5059,#5060);
#5059 = CARTESIAN_POINT('',(109.7989644259,-98.11421170227,12.6));
#5060 = VECTOR('',#5061,1.);
#5061 = DIRECTION('',(0.,0.,1.));
#5062 = ORIENTED_EDGE('',*,*,#2662,.T.);
#5063 = ORIENTED_EDGE('',*,*,#5031,.F.);
#5064 = ORIENTED_EDGE('',*,*,#5065,.F.);
#5065 = EDGE_CURVE('',#5056,#5032,#5066,.T.);
#5066 = B_SPLINE_CURVE_WITH_KNOTS('',2,(#5067,#5068,#5069),
  .UNSPECIFIED.,.F.,.F.,(3,3),(0.,1.),.PIECEWISE_BEZIER_KNOTS.);
#5067 = CARTESIAN_POINT('',(109.7989644259,-98.11421170227,12.6));
#5068 = CARTESIAN_POINT('',(110.19822259276,-98.4527941549,12.6));
#5069 = CARTESIAN_POINT('',(111.31019550807,-98.6593165013,12.6));
#5070 = SURFACE_OF_LINEAR_EXTRUSION('',#5071,#5075);
#5071 = B_SPLINE_CURVE_WITH_KNOTS('',2,(#5072,#5073,#5074),
  .UNSPECIFIED.,.F.,.F.,(3,3),(0.,1.),.PIECEWISE_BEZIER_KNOTS.);
#5072 = CARTESIAN_POINT('',(109.7989644259,-98.11421170227,12.6));
#5073 = CARTESIAN_POINT('',(110.19822259276,-98.4527941549,12.6));
#5074 = CARTESIAN_POINT('',(111.31019550807,-98.6593165013,12.6));
#5075 = VECTOR('',#5076,1.);
#5076 = DIRECTION('',(-0.,-0.,-1.));
#5077 = ADVANCED_FACE('',(#5078),#5096,.F.);
#5078 = FACE_BOUND('',#5079,.F.);
#5079 = EDGE_LOOP('',(#5080,#5088,#5089,#5090));
#5080 = ORIENTED_EDGE('',*,*,#5081,.T.);
#5081 = EDGE_CURVE('',#5082,#2647,#5084,.T.);
#5082 = VERTEX_POINT('',#5083);
#5083 = CARTESIAN_POINT('',(109.39897857726,-97.10955806895,12.6));
#5084 = LINE('',#5085,#5086);
#5085 = CARTESIAN_POINT('',(109.39897857726,-97.10955806895,12.6));
#5086 = VECTOR('',#5087,1.);
#5087 = DIRECTION('',(0.,0.,1.));
#5088 = ORIENTED_EDGE('',*,*,#2654,.T.);
#5089 = ORIENTED_EDGE('',*,*,#5055,.F.);
#5090 = ORIENTED_EDGE('',*,*,#5091,.F.);
#5091 = EDGE_CURVE('',#5082,#5056,#5092,.T.);
#5092 = B_SPLINE_CURVE_WITH_KNOTS('',2,(#5093,#5094,#5095),
  .UNSPECIFIED.,.F.,.F.,(3,3),(0.,1.),.PIECEWISE_BEZIER_KNOTS.);
#5093 = CARTESIAN_POINT('',(109.39897857726,-97.10955806895,12.6));
#5094 = CARTESIAN_POINT('',(109.40015189998,-97.77518203482,12.6));
#5095 = CARTESIAN_POINT('',(109.7989644259,-98.11421170227,12.6));
#5096 = SURFACE_OF_LINEAR_EXTRUSION('',#5097,#5101);
#5097 = B_SPLINE_CURVE_WITH_KNOTS('',2,(#5098,#5099,#5100),
  .UNSPECIFIED.,.F.,.F.,(3,3),(0.,1.),.PIECEWISE_BEZIER_KNOTS.);
#5098 = CARTESIAN_POINT('',(109.39897857726,-97.10955806895,12.6));
#5099 = CARTESIAN_POINT('',(109.40015189998,-97.77518203482,12.6));
#5100 = CARTESIAN_POINT('',(109.7989644259,-98.11421170227,12.6));
#5101 = VECTOR('',#5102,1.);
#5102 = DIRECTION('',(-0.,-0.,-1.));
#5103 = ADVANCED_FACE('',(#5104),#5122,.F.);
#5104 = FACE_BOUND('',#5105,.F.);
#5105 = EDGE_LOOP('',(#5106,#5114,#5115,#5116));
#5106 = ORIENTED_EDGE('',*,*,#5107,.T.);
#5107 = EDGE_CURVE('',#5108,#2639,#5110,.T.);
#5108 = VERTEX_POINT('',#5109);
#5109 = CARTESIAN_POINT('',(109.99592858259,-95.88528961451,12.6));
#5110 = LINE('',#5111,#5112);
#5111 = CARTESIAN_POINT('',(109.99592858259,-95.88528961451,12.6));
#5112 = VECTOR('',#5113,1.);
#5113 = DIRECTION('',(0.,0.,1.));
#5114 = ORIENTED_EDGE('',*,*,#2646,.T.);
#5115 = ORIENTED_EDGE('',*,*,#5081,.F.);
#5116 = ORIENTED_EDGE('',*,*,#5117,.F.);
#5117 = EDGE_CURVE('',#5108,#5082,#5118,.T.);
#5118 = B_SPLINE_CURVE_WITH_KNOTS('',2,(#5119,#5120,#5121),
  .UNSPECIFIED.,.F.,.F.,(3,3),(0.,1.),.PIECEWISE_BEZIER_KNOTS.);
#5119 = CARTESIAN_POINT('',(109.99592858259,-95.88528961451,12.6));
#5120 = CARTESIAN_POINT('',(109.39758097757,-96.3167021579,12.6));
#5121 = CARTESIAN_POINT('',(109.39897857726,-97.10955806895,12.6));
#5122 = SURFACE_OF_LINEAR_EXTRUSION('',#5123,#5127);
#5123 = B_SPLINE_CURVE_WITH_KNOTS('',2,(#5124,#5125,#5126),
  .UNSPECIFIED.,.F.,.F.,(3,3),(0.,1.),.PIECEWISE_BEZIER_KNOTS.);
#5124 = CARTESIAN_POINT('',(109.99592858259,-95.88528961451,12.6));
#5125 = CARTESIAN_POINT('',(109.39758097757,-96.3167021579,12.6));
#5126 = CARTESIAN_POINT('',(109.39897857726,-97.10955806895,12.6));
#5127 = VECTOR('',#5128,1.);
#5128 = DIRECTION('',(-0.,-0.,-1.));
#5129 = ADVANCED_FACE('',(#5130),#5148,.F.);
#5130 = FACE_BOUND('',#5131,.F.);
#5131 = EDGE_LOOP('',(#5132,#5140,#5141,#5142));
#5132 = ORIENTED_EDGE('',*,*,#5133,.T.);
#5133 = EDGE_CURVE('',#5134,#2631,#5136,.T.);
#5134 = VERTEX_POINT('',#5135);
#5135 = CARTESIAN_POINT('',(111.69963161317,-95.45192861569,12.6));
#5136 = LINE('',#5137,#5138);
#5137 = CARTESIAN_POINT('',(111.69963161317,-95.45192861569,12.6));
#5138 = VECTOR('',#5139,1.);
#5139 = DIRECTION('',(0.,0.,1.));
#5140 = ORIENTED_EDGE('',*,*,#2638,.T.);
#5141 = ORIENTED_EDGE('',*,*,#5107,.F.);
#5142 = ORIENTED_EDGE('',*,*,#5143,.F.);
#5143 = EDGE_CURVE('',#5134,#5108,#5144,.T.);
#5144 = B_SPLINE_CURVE_WITH_KNOTS('',2,(#5145,#5146,#5147),
  .UNSPECIFIED.,.F.,.F.,(3,3),(0.,1.),.PIECEWISE_BEZIER_KNOTS.);
#5145 = CARTESIAN_POINT('',(111.69963161317,-95.45192861569,12.6));
#5146 = CARTESIAN_POINT('',(110.5947226155,-95.45387628419,12.6));
#5147 = CARTESIAN_POINT('',(109.99592858259,-95.88528961451,12.6));
#5148 = SURFACE_OF_LINEAR_EXTRUSION('',#5149,#5153);
#5149 = B_SPLINE_CURVE_WITH_KNOTS('',2,(#5150,#5151,#5152),
  .UNSPECIFIED.,.F.,.F.,(3,3),(0.,1.),.PIECEWISE_BEZIER_KNOTS.);
#5150 = CARTESIAN_POINT('',(111.69963161317,-95.45192861569,12.6));
#5151 = CARTESIAN_POINT('',(110.5947226155,-95.45387628419,12.6));
#5152 = CARTESIAN_POINT('',(109.99592858259,-95.88528961451,12.6));
#5153 = VECTOR('',#5154,1.);
#5154 = DIRECTION('',(-0.,-0.,-1.));
#5155 = ADVANCED_FACE('',(#5156),#5174,.F.);
#5156 = FACE_BOUND('',#5157,.F.);
#5157 = EDGE_LOOP('',(#5158,#5166,#5167,#5168));
#5158 = ORIENTED_EDGE('',*,*,#5159,.T.);
#5159 = EDGE_CURVE('',#5160,#2623,#5162,.T.);
#5160 = VERTEX_POINT('',#5161);
#5161 = CARTESIAN_POINT('',(113.01915021015,-95.63353150322,12.6));
#5162 = LINE('',#5163,#5164);
#5163 = CARTESIAN_POINT('',(113.01915021015,-95.63353150322,12.6));
#5164 = VECTOR('',#5165,1.);
#5165 = DIRECTION('',(0.,0.,1.));
#5166 = ORIENTED_EDGE('',*,*,#2630,.T.);
#5167 = ORIENTED_EDGE('',*,*,#5133,.F.);
#5168 = ORIENTED_EDGE('',*,*,#5169,.F.);
#5169 = EDGE_CURVE('',#5160,#5134,#5170,.T.);
#5170 = B_SPLINE_CURVE_WITH_KNOTS('',2,(#5171,#5172,#5173),
  .UNSPECIFIED.,.F.,.F.,(3,3),(0.,1.),.PIECEWISE_BEZIER_KNOTS.);
#5171 = CARTESIAN_POINT('',(113.01915021015,-95.63353150322,12.6));
#5172 = CARTESIAN_POINT('',(112.3357913391,-95.4508072308,12.6));
#5173 = CARTESIAN_POINT('',(111.69963161317,-95.45192861569,12.6));
#5174 = SURFACE_OF_LINEAR_EXTRUSION('',#5175,#5179);
#5175 = B_SPLINE_CURVE_WITH_KNOTS('',2,(#5176,#5177,#5178),
  .UNSPECIFIED.,.F.,.F.,(3,3),(0.,1.),.PIECEWISE_BEZIER_KNOTS.);
#5176 = CARTESIAN_POINT('',(113.01915021015,-95.63353150322,12.6));
#5177 = CARTESIAN_POINT('',(112.3357913391,-95.4508072308,12.6));
#5178 = CARTESIAN_POINT('',(111.69963161317,-95.45192861569,12.6));
#5179 = VECTOR('',#5180,1.);
#5180 = DIRECTION('',(-0.,-0.,-1.));
#5181 = ADVANCED_FACE('',(#5182),#5200,.F.);
#5182 = FACE_BOUND('',#5183,.F.);
#5183 = EDGE_LOOP('',(#5184,#5192,#5193,#5194));
#5184 = ORIENTED_EDGE('',*,*,#5185,.T.);
#5185 = EDGE_CURVE('',#5186,#2615,#5188,.T.);
#5186 = VERTEX_POINT('',#5187);
#5187 = CARTESIAN_POINT('',(114.47325819737,-96.18989772711,12.6));
#5188 = LINE('',#5189,#5190);
#5189 = CARTESIAN_POINT('',(114.47325819737,-96.18989772711,12.6));
#5190 = VECTOR('',#5191,1.);
#5191 = DIRECTION('',(0.,0.,1.));
#5192 = ORIENTED_EDGE('',*,*,#2622,.T.);
#5193 = ORIENTED_EDGE('',*,*,#5159,.F.);
#5194 = ORIENTED_EDGE('',*,*,#5195,.F.);
#5195 = EDGE_CURVE('',#5186,#5160,#5196,.T.);
#5196 = B_SPLINE_CURVE_WITH_KNOTS('',2,(#5197,#5198,#5199),
  .UNSPECIFIED.,.F.,.F.,(3,3),(0.,1.),.PIECEWISE_BEZIER_KNOTS.);
#5197 = CARTESIAN_POINT('',(114.47325819737,-96.18989772711,12.6));
#5198 = CARTESIAN_POINT('',(113.7025090812,-95.81625577564,12.6));
#5199 = CARTESIAN_POINT('',(113.01915021015,-95.63353150322,12.6));
#5200 = SURFACE_OF_LINEAR_EXTRUSION('',#5201,#5205);
#5201 = B_SPLINE_CURVE_WITH_KNOTS('',2,(#5202,#5203,#5204),
  .UNSPECIFIED.,.F.,.F.,(3,3),(0.,1.),.PIECEWISE_BEZIER_KNOTS.);
#5202 = CARTESIAN_POINT('',(114.47325819737,-96.18989772711,12.6));
#5203 = CARTESIAN_POINT('',(113.7025090812,-95.81625577564,12.6));
#5204 = CARTESIAN_POINT('',(113.01915021015,-95.63353150322,12.6));
#5205 = VECTOR('',#5206,1.);
#5206 = DIRECTION('',(-0.,-0.,-1.));
#5207 = ADVANCED_FACE('',(#5208),#5219,.F.);
#5208 = FACE_BOUND('',#5209,.F.);
#5209 = EDGE_LOOP('',(#5210,#5211,#5212,#5213));
#5210 = ORIENTED_EDGE('',*,*,#4517,.T.);
#5211 = ORIENTED_EDGE('',*,*,#2614,.T.);
#5212 = ORIENTED_EDGE('',*,*,#5185,.F.);
#5213 = ORIENTED_EDGE('',*,*,#5214,.F.);
#5214 = EDGE_CURVE('',#4518,#5186,#5215,.T.);
#5215 = LINE('',#5216,#5217);
#5216 = CARTESIAN_POINT('',(114.47094145553,-94.87561405473,12.6));
#5217 = VECTOR('',#5218,1.);
#5218 = DIRECTION('',(1.762738357939E-03,-0.999998446376,0.));
#5219 = PLANE('',#5220);
#5220 = AXIS2_PLACEMENT_3D('',#5221,#5222,#5223);
#5221 = CARTESIAN_POINT('',(114.47094145553,-94.87561405473,12.6));
#5222 = DIRECTION('',(0.999998446376,1.762738357939E-03,0.));
#5223 = DIRECTION('',(1.762738357939E-03,-0.999998446376,0.));
#5224 = ADVANCED_FACE('',(#5225),#5250,.F.);
#5225 = FACE_BOUND('',#5226,.F.);
#5226 = EDGE_LOOP('',(#5227,#5235,#5236,#5244));
#5227 = ORIENTED_EDGE('',*,*,#5228,.T.);
#5228 = EDGE_CURVE('',#5229,#2831,#5231,.T.);
#5229 = VERTEX_POINT('',#5230);
#5230 = CARTESIAN_POINT('',(119.3279175418,-104.4005494177,12.6));
#5231 = LINE('',#5232,#5233);
#5232 = CARTESIAN_POINT('',(119.3279175418,-104.4005494177,12.6));
#5233 = VECTOR('',#5234,1.);
#5234 = DIRECTION('',(0.,0.,1.));
#5235 = ORIENTED_EDGE('',*,*,#2830,.T.);
#5236 = ORIENTED_EDGE('',*,*,#5237,.F.);
#5237 = EDGE_CURVE('',#5238,#2833,#5240,.T.);
#5238 = VERTEX_POINT('',#5239);
#5239 = CARTESIAN_POINT('',(118.34536928148,-103.4116548568,12.6));
#5240 = LINE('',#5241,#5242);
#5241 = CARTESIAN_POINT('',(118.34536928148,-103.4116548568,12.6));
#5242 = VECTOR('',#5243,1.);
#5243 = DIRECTION('',(0.,0.,1.));
#5244 = ORIENTED_EDGE('',*,*,#5245,.F.);
#5245 = EDGE_CURVE('',#5229,#5238,#5246,.T.);
#5246 = B_SPLINE_CURVE_WITH_KNOTS('',2,(#5247,#5248,#5249),
  .UNSPECIFIED.,.F.,.F.,(3,3),(0.,1.),.PIECEWISE_BEZIER_KNOTS.);
#5247 = CARTESIAN_POINT('',(119.3279175418,-104.4005494177,12.6));
#5248 = CARTESIAN_POINT('',(118.73493721874,-104.0779334713,12.6));
#5249 = CARTESIAN_POINT('',(118.34536928148,-103.4116548568,12.6));
#5250 = SURFACE_OF_LINEAR_EXTRUSION('',#5251,#5255);
#5251 = B_SPLINE_CURVE_WITH_KNOTS('',2,(#5252,#5253,#5254),
  .UNSPECIFIED.,.F.,.F.,(3,3),(0.,1.),.PIECEWISE_BEZIER_KNOTS.);
#5252 = CARTESIAN_POINT('',(119.3279175418,-104.4005494177,12.6));
#5253 = CARTESIAN_POINT('',(118.73493721874,-104.0779334713,12.6));
#5254 = CARTESIAN_POINT('',(118.34536928148,-103.4116548568,12.6));
#5255 = VECTOR('',#5256,1.);
#5256 = DIRECTION('',(-0.,-0.,-1.));
#5257 = ADVANCED_FACE('',(#5258),#5276,.F.);
#5258 = FACE_BOUND('',#5259,.F.);
#5259 = EDGE_LOOP('',(#5260,#5268,#5269,#5270));
#5260 = ORIENTED_EDGE('',*,*,#5261,.T.);
#5261 = EDGE_CURVE('',#5262,#2921,#5264,.T.);
#5262 = VERTEX_POINT('',#5263);
#5263 = CARTESIAN_POINT('',(120.74500372736,-104.7217126787,12.6));
#5264 = LINE('',#5265,#5266);
#5265 = CARTESIAN_POINT('',(120.74500372736,-104.7217126787,12.6));
#5266 = VECTOR('',#5267,1.);
#5267 = DIRECTION('',(0.,0.,1.));
#5268 = ORIENTED_EDGE('',*,*,#2928,.T.);
#5269 = ORIENTED_EDGE('',*,*,#5228,.F.);
#5270 = ORIENTED_EDGE('',*,*,#5271,.F.);
#5271 = EDGE_CURVE('',#5262,#5229,#5272,.T.);
#5272 = B_SPLINE_CURVE_WITH_KNOTS('',2,(#5273,#5274,#5275),
  .UNSPECIFIED.,.F.,.F.,(3,3),(0.,1.),.PIECEWISE_BEZIER_KNOTS.);
#5273 = CARTESIAN_POINT('',(120.74500372736,-104.7217126787,12.6));
#5274 = CARTESIAN_POINT('',(119.92134429273,-104.7231645771,12.6));
#5275 = CARTESIAN_POINT('',(119.3279175418,-104.4005494177,12.6));
#5276 = SURFACE_OF_LINEAR_EXTRUSION('',#5277,#5281);
#5277 = B_SPLINE_CURVE_WITH_KNOTS('',2,(#5278,#5279,#5280),
  .UNSPECIFIED.,.F.,.F.,(3,3),(0.,1.),.PIECEWISE_BEZIER_KNOTS.);
#5278 = CARTESIAN_POINT('',(120.74500372736,-104.7217126787,12.6));
#5279 = CARTESIAN_POINT('',(119.92134429273,-104.7231645771,12.6));
#5280 = CARTESIAN_POINT('',(119.3279175418,-104.4005494177,12.6));
#5281 = VECTOR('',#5282,1.);
#5282 = DIRECTION('',(-0.,-0.,-1.));
#5283 = ADVANCED_FACE('',(#5284),#5302,.F.);
#5284 = FACE_BOUND('',#5285,.F.);
#5285 = EDGE_LOOP('',(#5286,#5294,#5295,#5296));
#5286 = ORIENTED_EDGE('',*,*,#5287,.T.);
#5287 = EDGE_CURVE('',#5288,#2913,#5290,.T.);
#5288 = VERTEX_POINT('',#5289);
#5289 = CARTESIAN_POINT('',(122.96272851885,-103.6316410023,12.6));
#5290 = LINE('',#5291,#5292);
#5291 = CARTESIAN_POINT('',(122.96272851885,-103.6316410023,12.6));
#5292 = VECTOR('',#5293,1.);
#5293 = DIRECTION('',(0.,0.,1.));
#5294 = ORIENTED_EDGE('',*,*,#2920,.T.);
#5295 = ORIENTED_EDGE('',*,*,#5261,.F.);
#5296 = ORIENTED_EDGE('',*,*,#5297,.F.);
#5297 = EDGE_CURVE('',#5288,#5262,#5298,.T.);
#5298 = B_SPLINE_CURVE_WITH_KNOTS('',2,(#5299,#5300,#5301),
  .UNSPECIFIED.,.F.,.F.,(3,3),(0.,1.),.PIECEWISE_BEZIER_KNOTS.);
#5299 = CARTESIAN_POINT('',(122.96272851885,-103.6316410023,12.6));
#5300 = CARTESIAN_POINT('',(122.11107303357,-104.7193046522,12.6));
#5301 = CARTESIAN_POINT('',(120.74500372736,-104.7217126787,12.6));
#5302 = SURFACE_OF_LINEAR_EXTRUSION('',#5303,#5307);
#5303 = B_SPLINE_CURVE_WITH_KNOTS('',2,(#5304,#5305,#5306),
  .UNSPECIFIED.,.F.,.F.,(3,3),(0.,1.),.PIECEWISE_BEZIER_KNOTS.);
#5304 = CARTESIAN_POINT('',(122.96272851885,-103.6316410023,12.6));
#5305 = CARTESIAN_POINT('',(122.11107303357,-104.7193046522,12.6));
#5306 = CARTESIAN_POINT('',(120.74500372736,-104.7217126787,12.6));
#5307 = VECTOR('',#5308,1.);
#5308 = DIRECTION('',(-0.,-0.,-1.));
#5309 = ADVANCED_FACE('',(#5310),#5328,.F.);
#5310 = FACE_BOUND('',#5311,.F.);
#5311 = EDGE_LOOP('',(#5312,#5320,#5321,#5322));
#5312 = ORIENTED_EDGE('',*,*,#5313,.T.);
#5313 = EDGE_CURVE('',#5314,#2905,#5316,.T.);
#5314 = VERTEX_POINT('',#5315);
#5315 = CARTESIAN_POINT('',(123.8117094408,-100.773443602,12.6));
#5316 = LINE('',#5317,#5318);
#5317 = CARTESIAN_POINT('',(123.8117094408,-100.773443602,12.6));
#5318 = VECTOR('',#5319,1.);
#5319 = DIRECTION('',(0.,0.,1.));
#5320 = ORIENTED_EDGE('',*,*,#2912,.T.);
#5321 = ORIENTED_EDGE('',*,*,#5287,.F.);
#5322 = ORIENTED_EDGE('',*,*,#5323,.F.);
#5323 = EDGE_CURVE('',#5314,#5288,#5324,.T.);
#5324 = B_SPLINE_CURVE_WITH_KNOTS('',2,(#5325,#5326,#5327),
  .UNSPECIFIED.,.F.,.F.,(3,3),(0.,1.),.PIECEWISE_BEZIER_KNOTS.);
#5325 = CARTESIAN_POINT('',(123.8117094408,-100.773443602,12.6));
#5326 = CARTESIAN_POINT('',(123.81482964508,-102.5435301376,12.6));
#5327 = CARTESIAN_POINT('',(122.96272851885,-103.6316410023,12.6));
#5328 = SURFACE_OF_LINEAR_EXTRUSION('',#5329,#5333);
#5329 = B_SPLINE_CURVE_WITH_KNOTS('',2,(#5330,#5331,#5332),
  .UNSPECIFIED.,.F.,.F.,(3,3),(0.,1.),.PIECEWISE_BEZIER_KNOTS.);
#5330 = CARTESIAN_POINT('',(123.8117094408,-100.773443602,12.6));
#5331 = CARTESIAN_POINT('',(123.81482964508,-102.5435301376,12.6));
#5332 = CARTESIAN_POINT('',(122.96272851885,-103.6316410023,12.6));
#5333 = VECTOR('',#5334,1.);
#5334 = DIRECTION('',(-0.,-0.,-1.));
#5335 = ADVANCED_FACE('',(#5336),#5354,.F.);
#5336 = FACE_BOUND('',#5337,.F.);
#5337 = EDGE_LOOP('',(#5338,#5346,#5347,#5348));
#5338 = ORIENTED_EDGE('',*,*,#5339,.T.);
#5339 = EDGE_CURVE('',#5340,#2897,#5342,.T.);
#5340 = VERTEX_POINT('',#5341);
#5341 = CARTESIAN_POINT('',(122.95265808905,-97.91870344958,12.6));
#5342 = LINE('',#5343,#5344);
#5343 = CARTESIAN_POINT('',(122.95265808905,-97.91870344958,12.6));
#5344 = VECTOR('',#5345,1.);
#5345 = DIRECTION('',(0.,0.,1.));
#5346 = ORIENTED_EDGE('',*,*,#2904,.T.);
#5347 = ORIENTED_EDGE('',*,*,#5313,.F.);
#5348 = ORIENTED_EDGE('',*,*,#5349,.F.);
#5349 = EDGE_CURVE('',#5340,#5314,#5350,.T.);
#5350 = B_SPLINE_CURVE_WITH_KNOTS('',2,(#5351,#5352,#5353),
  .UNSPECIFIED.,.F.,.F.,(3,3),(0.,1.),.PIECEWISE_BEZIER_KNOTS.);
#5351 = CARTESIAN_POINT('',(122.95265808905,-97.91870344958,12.6));
#5352 = CARTESIAN_POINT('',(123.80858923652,-99.00335706634,12.6));
#5353 = CARTESIAN_POINT('',(123.8117094408,-100.773443602,12.6));
#5354 = SURFACE_OF_LINEAR_EXTRUSION('',#5355,#5359);
#5355 = B_SPLINE_CURVE_WITH_KNOTS('',2,(#5356,#5357,#5358),
  .UNSPECIFIED.,.F.,.F.,(3,3),(0.,1.),.PIECEWISE_BEZIER_KNOTS.);
#5356 = CARTESIAN_POINT('',(122.95265808905,-97.91870344958,12.6));
#5357 = CARTESIAN_POINT('',(123.80858923652,-99.00335706634,12.6));
#5358 = CARTESIAN_POINT('',(123.8117094408,-100.773443602,12.6));
#5359 = VECTOR('',#5360,1.);
#5360 = DIRECTION('',(-0.,-0.,-1.));
#5361 = ADVANCED_FACE('',(#5362),#5380,.F.);
#5362 = FACE_BOUND('',#5363,.F.);
#5363 = EDGE_LOOP('',(#5364,#5372,#5373,#5374));
#5364 = ORIENTED_EDGE('',*,*,#5365,.T.);
#5365 = EDGE_CURVE('',#5366,#2889,#5368,.T.);
#5366 = VERTEX_POINT('',#5367);
#5367 = CARTESIAN_POINT('',(120.73110327631,-96.83601064451,12.6));
#5368 = LINE('',#5369,#5370);
#5369 = CARTESIAN_POINT('',(120.73110327631,-96.83601064451,12.6));
#5370 = VECTOR('',#5371,1.);
#5371 = DIRECTION('',(0.,0.,1.));
#5372 = ORIENTED_EDGE('',*,*,#2896,.T.);
#5373 = ORIENTED_EDGE('',*,*,#5339,.F.);
#5374 = ORIENTED_EDGE('',*,*,#5375,.F.);
#5375 = EDGE_CURVE('',#5366,#5340,#5376,.T.);
#5376 = B_SPLINE_CURVE_WITH_KNOTS('',2,(#5377,#5378,#5379),
  .UNSPECIFIED.,.F.,.F.,(3,3),(0.,1.),.PIECEWISE_BEZIER_KNOTS.);
#5377 = CARTESIAN_POINT('',(120.73110327631,-96.83601064451,12.6));
#5378 = CARTESIAN_POINT('',(122.09717258252,-96.833602618,12.6));
#5379 = CARTESIAN_POINT('',(122.95265808905,-97.91870344958,12.6));
#5380 = SURFACE_OF_LINEAR_EXTRUSION('',#5381,#5385);
#5381 = B_SPLINE_CURVE_WITH_KNOTS('',2,(#5382,#5383,#5384),
  .UNSPECIFIED.,.F.,.F.,(3,3),(0.,1.),.PIECEWISE_BEZIER_KNOTS.);
#5382 = CARTESIAN_POINT('',(120.73110327631,-96.83601064451,12.6));
#5383 = CARTESIAN_POINT('',(122.09717258252,-96.833602618,12.6));
#5384 = CARTESIAN_POINT('',(122.95265808905,-97.91870344958,12.6));
#5385 = VECTOR('',#5386,1.);
#5386 = DIRECTION('',(-0.,-0.,-1.));
#5387 = ADVANCED_FACE('',(#5388),#5406,.F.);
#5388 = FACE_BOUND('',#5389,.F.);
#5389 = EDGE_LOOP('',(#5390,#5398,#5399,#5400));
#5390 = ORIENTED_EDGE('',*,*,#5391,.T.);
#5391 = EDGE_CURVE('',#5392,#2881,#5394,.T.);
#5392 = VERTEX_POINT('',#5393);
#5393 = CARTESIAN_POINT('',(119.31515814906,-97.16216780631,12.6));
#5394 = LINE('',#5395,#5396);
#5395 = CARTESIAN_POINT('',(119.31515814906,-97.16216780631,12.6));
#5396 = VECTOR('',#5397,1.);
#5397 = DIRECTION('',(0.,0.,1.));
#5398 = ORIENTED_EDGE('',*,*,#2888,.T.);
#5399 = ORIENTED_EDGE('',*,*,#5365,.F.);
#5400 = ORIENTED_EDGE('',*,*,#5401,.F.);
#5401 = EDGE_CURVE('',#5392,#5366,#5402,.T.);
#5402 = B_SPLINE_CURVE_WITH_KNOTS('',2,(#5403,#5404,#5405),
  .UNSPECIFIED.,.F.,.F.,(3,3),(0.,1.),.PIECEWISE_BEZIER_KNOTS.);
#5403 = CARTESIAN_POINT('',(119.31515814906,-97.16216780631,12.6));
#5404 = CARTESIAN_POINT('',(119.90744384168,-96.83746254284,12.6));
#5405 = CARTESIAN_POINT('',(120.73110327631,-96.83601064451,12.6));
#5406 = SURFACE_OF_LINEAR_EXTRUSION('',#5407,#5411);
#5407 = B_SPLINE_CURVE_WITH_KNOTS('',2,(#5408,#5409,#5410),
  .UNSPECIFIED.,.F.,.F.,(3,3),(0.,1.),.PIECEWISE_BEZIER_KNOTS.);
#5408 = CARTESIAN_POINT('',(119.31515814906,-97.16216780631,12.6));
#5409 = CARTESIAN_POINT('',(119.90744384168,-96.83746254284,12.6));
#5410 = CARTESIAN_POINT('',(120.73110327631,-96.83601064451,12.6));
#5411 = VECTOR('',#5412,1.);
#5412 = DIRECTION('',(-0.,-0.,-1.));
#5413 = ADVANCED_FACE('',(#5414),#5432,.F.);
#5414 = FACE_BOUND('',#5415,.F.);
#5415 = EDGE_LOOP('',(#5416,#5424,#5425,#5426));
#5416 = ORIENTED_EDGE('',*,*,#5417,.T.);
#5417 = EDGE_CURVE('',#5418,#2873,#5420,.T.);
#5418 = VERTEX_POINT('',#5419);
#5419 = CARTESIAN_POINT('',(118.33610231411,-98.15452016733,12.6));
#5420 = LINE('',#5421,#5422);
#5421 = CARTESIAN_POINT('',(118.33610231411,-98.15452016733,12.6));
#5422 = VECTOR('',#5423,1.);
#5423 = DIRECTION('',(0.,0.,1.));
#5424 = ORIENTED_EDGE('',*,*,#2880,.T.);
#5425 = ORIENTED_EDGE('',*,*,#5391,.F.);
#5426 = ORIENTED_EDGE('',*,*,#5427,.F.);
#5427 = EDGE_CURVE('',#5418,#5392,#5428,.T.);
#5428 = B_SPLINE_CURVE_WITH_KNOTS('',2,(#5429,#5430,#5431),
  .UNSPECIFIED.,.F.,.F.,(3,3),(0.,1.),.PIECEWISE_BEZIER_KNOTS.);
#5429 = CARTESIAN_POINT('',(118.33610231411,-98.15452016733,12.6));
#5430 = CARTESIAN_POINT('',(118.72331888431,-97.48687228284,12.6));
#5431 = CARTESIAN_POINT('',(119.31515814906,-97.16216780631,12.6));
#5432 = SURFACE_OF_LINEAR_EXTRUSION('',#5433,#5437);
#5433 = B_SPLINE_CURVE_WITH_KNOTS('',2,(#5434,#5435,#5436),
  .UNSPECIFIED.,.F.,.F.,(3,3),(0.,1.),.PIECEWISE_BEZIER_KNOTS.);
#5434 = CARTESIAN_POINT('',(118.33610231411,-98.15452016733,12.6));
#5435 = CARTESIAN_POINT('',(118.72331888431,-97.48687228284,12.6));
#5436 = CARTESIAN_POINT('',(119.31515814906,-97.16216780631,12.6));
#5437 = VECTOR('',#5438,1.);
#5438 = DIRECTION('',(-0.,-0.,-1.));
#5439 = ADVANCED_FACE('',(#5440),#5458,.F.);
#5440 = FACE_BOUND('',#5441,.F.);
#5441 = EDGE_LOOP('',(#5442,#5450,#5451,#5452));
#5442 = ORIENTED_EDGE('',*,*,#5443,.T.);
#5443 = EDGE_CURVE('',#5444,#2865,#5446,.T.);
#5444 = VERTEX_POINT('',#5445);
#5445 = CARTESIAN_POINT('',(118.33408775599,-97.01166480004,12.6));
#5446 = LINE('',#5447,#5448);
#5447 = CARTESIAN_POINT('',(118.33408775599,-97.01166480004,12.6));
#5448 = VECTOR('',#5449,1.);
#5449 = DIRECTION('',(0.,0.,1.));
#5450 = ORIENTED_EDGE('',*,*,#2872,.T.);
#5451 = ORIENTED_EDGE('',*,*,#5417,.F.);
#5452 = ORIENTED_EDGE('',*,*,#5453,.F.);
#5453 = EDGE_CURVE('',#5444,#5418,#5454,.T.);
#5454 = LINE('',#5455,#5456);
#5455 = CARTESIAN_POINT('',(118.33408775599,-97.01166480004,12.6));
#5456 = VECTOR('',#5457,1.);
#5457 = DIRECTION('',(1.762738357939E-03,-0.999998446376,0.));
#5458 = PLANE('',#5459);
#5459 = AXIS2_PLACEMENT_3D('',#5460,#5461,#5462);
#5460 = CARTESIAN_POINT('',(118.33408775599,-97.01166480004,12.6));
#5461 = DIRECTION('',(0.999998446376,1.762738357939E-03,0.));
#5462 = DIRECTION('',(1.762738357939E-03,-0.999998446376,0.));
#5463 = ADVANCED_FACE('',(#5464),#5482,.F.);
#5464 = FACE_BOUND('',#5465,.F.);
#5465 = EDGE_LOOP('',(#5466,#5474,#5475,#5476));
#5466 = ORIENTED_EDGE('',*,*,#5467,.T.);
#5467 = EDGE_CURVE('',#5468,#2857,#5470,.T.);
#5468 = VERTEX_POINT('',#5469);
#5469 = CARTESIAN_POINT('',(117.09525039497,-97.01384854957,12.6));
#5470 = LINE('',#5471,#5472);
#5471 = CARTESIAN_POINT('',(117.09525039497,-97.01384854957,12.6));
#5472 = VECTOR('',#5473,1.);
#5473 = DIRECTION('',(0.,0.,1.));
#5474 = ORIENTED_EDGE('',*,*,#2864,.T.);
#5475 = ORIENTED_EDGE('',*,*,#5443,.F.);
#5476 = ORIENTED_EDGE('',*,*,#5477,.F.);
#5477 = EDGE_CURVE('',#5468,#5444,#5478,.T.);
#5478 = LINE('',#5479,#5480);
#5479 = CARTESIAN_POINT('',(117.09525039497,-97.01384854957,12.6));
#5480 = VECTOR('',#5481,1.);
#5481 = DIRECTION('',(0.999998446376,1.762738357939E-03,0.));
#5482 = PLANE('',#5483);
#5483 = AXIS2_PLACEMENT_3D('',#5484,#5485,#5486);
#5484 = CARTESIAN_POINT('',(117.09525039497,-97.01384854957,12.6));
#5485 = DIRECTION('',(-1.762738357939E-03,0.999998446376,0.));
#5486 = DIRECTION('',(0.999998446376,1.762738357939E-03,0.));
#5487 = ADVANCED_FACE('',(#5488),#5506,.F.);
#5488 = FACE_BOUND('',#5489,.F.);
#5489 = EDGE_LOOP('',(#5490,#5498,#5499,#5500));
#5490 = ORIENTED_EDGE('',*,*,#5491,.T.);
#5491 = EDGE_CURVE('',#5492,#2849,#5494,.T.);
#5492 = VERTEX_POINT('',#5493);
#5493 = CARTESIAN_POINT('',(117.11353250994,-107.3852610076,12.6));
#5494 = LINE('',#5495,#5496);
#5495 = CARTESIAN_POINT('',(117.11353250994,-107.3852610076,12.6));
#5496 = VECTOR('',#5497,1.);
#5497 = DIRECTION('',(0.,0.,1.));
#5498 = ORIENTED_EDGE('',*,*,#2856,.T.);
#5499 = ORIENTED_EDGE('',*,*,#5467,.F.);
#5500 = ORIENTED_EDGE('',*,*,#5501,.F.);
#5501 = EDGE_CURVE('',#5492,#5468,#5502,.T.);
#5502 = LINE('',#5503,#5504);
#5503 = CARTESIAN_POINT('',(117.11353250994,-107.3852610076,12.6));
#5504 = VECTOR('',#5505,1.);
#5505 = DIRECTION('',(-1.762738357939E-03,0.999998446376,0.));
#5506 = PLANE('',#5507);
#5507 = AXIS2_PLACEMENT_3D('',#5508,#5509,#5510);
#5508 = CARTESIAN_POINT('',(117.11353250994,-107.3852610076,12.6));
#5509 = DIRECTION('',(-0.999998446376,-1.762738357939E-03,0.));
#5510 = DIRECTION('',(-1.762738357939E-03,0.999998446376,0.));
#5511 = ADVANCED_FACE('',(#5512),#5530,.F.);
#5512 = FACE_BOUND('',#5513,.F.);
#5513 = EDGE_LOOP('',(#5514,#5522,#5523,#5524));
#5514 = ORIENTED_EDGE('',*,*,#5515,.T.);
#5515 = EDGE_CURVE('',#5516,#2841,#5518,.T.);
#5516 = VERTEX_POINT('',#5517);
#5517 = CARTESIAN_POINT('',(118.35236987096,-107.3830772581,12.6));
#5518 = LINE('',#5519,#5520);
#5519 = CARTESIAN_POINT('',(118.35236987096,-107.3830772581,12.6));
#5520 = VECTOR('',#5521,1.);
#5521 = DIRECTION('',(0.,0.,1.));
#5522 = ORIENTED_EDGE('',*,*,#2848,.T.);
#5523 = ORIENTED_EDGE('',*,*,#5491,.F.);
#5524 = ORIENTED_EDGE('',*,*,#5525,.F.);
#5525 = EDGE_CURVE('',#5516,#5492,#5526,.T.);
#5526 = LINE('',#5527,#5528);
#5527 = CARTESIAN_POINT('',(118.35236987096,-107.3830772581,12.6));
#5528 = VECTOR('',#5529,1.);
#5529 = DIRECTION('',(-0.999998446376,-1.762738357939E-03,0.));
#5530 = PLANE('',#5531);
#5531 = AXIS2_PLACEMENT_3D('',#5532,#5533,#5534);
#5532 = CARTESIAN_POINT('',(118.35236987096,-107.3830772581,12.6));
#5533 = DIRECTION('',(1.762738357939E-03,-0.999998446376,0.));
#5534 = DIRECTION('',(-0.999998446376,-1.762738357939E-03,0.));
#5535 = ADVANCED_FACE('',(#5536),#5547,.F.);
#5536 = FACE_BOUND('',#5537,.F.);
#5537 = EDGE_LOOP('',(#5538,#5539,#5540,#5541));
#5538 = ORIENTED_EDGE('',*,*,#5237,.T.);
#5539 = ORIENTED_EDGE('',*,*,#2840,.T.);
#5540 = ORIENTED_EDGE('',*,*,#5515,.F.);
#5541 = ORIENTED_EDGE('',*,*,#5542,.F.);
#5542 = EDGE_CURVE('',#5238,#5516,#5543,.T.);
#5543 = LINE('',#5544,#5545);
#5544 = CARTESIAN_POINT('',(118.34536928148,-103.4116548568,12.6));
#5545 = VECTOR('',#5546,1.);
#5546 = DIRECTION('',(1.762738357939E-03,-0.999998446376,0.));
#5547 = PLANE('',#5548);
#5548 = AXIS2_PLACEMENT_3D('',#5549,#5550,#5551);
#5549 = CARTESIAN_POINT('',(118.34536928148,-103.4116548568,12.6));
#5550 = DIRECTION('',(0.999998446376,1.762738357939E-03,0.));
#5551 = DIRECTION('',(1.762738357939E-03,-0.999998446376,0.));
#5552 = ADVANCED_FACE('',(#5553),#5578,.F.);
#5553 = FACE_BOUND('',#5554,.F.);
#5554 = EDGE_LOOP('',(#5555,#5563,#5564,#5572));
#5555 = ORIENTED_EDGE('',*,*,#5556,.T.);
#5556 = EDGE_CURVE('',#5557,#2937,#5559,.T.);
#5557 = VERTEX_POINT('',#5558);
#5558 = CARTESIAN_POINT('',(130.14212475247,-114.8281869141,12.6));
#5559 = LINE('',#5560,#5561);
#5560 = CARTESIAN_POINT('',(130.14212475247,-114.8281869141,12.6));
#5561 = VECTOR('',#5562,1.);
#5562 = DIRECTION('',(0.,0.,1.));
#5563 = ORIENTED_EDGE('',*,*,#2936,.T.);
#5564 = ORIENTED_EDGE('',*,*,#5565,.F.);
#5565 = EDGE_CURVE('',#5566,#2939,#5568,.T.);
#5566 = VERTEX_POINT('',#5567);
#5567 = CARTESIAN_POINT('',(130.76195286908,-116.6802221967,12.6));
#5568 = LINE('',#5569,#5570);
#5569 = CARTESIAN_POINT('',(130.76195286908,-116.6802221967,12.6));
#5570 = VECTOR('',#5571,1.);
#5571 = DIRECTION('',(0.,0.,1.));
#5572 = ORIENTED_EDGE('',*,*,#5573,.F.);
#5573 = EDGE_CURVE('',#5557,#5566,#5574,.T.);
#5574 = B_SPLINE_CURVE_WITH_KNOTS('',2,(#5575,#5576,#5577),
  .UNSPECIFIED.,.F.,.F.,(3,3),(0.,1.),.PIECEWISE_BEZIER_KNOTS.);
#5575 = CARTESIAN_POINT('',(130.14212475247,-114.8281869141,12.6));
#5576 = CARTESIAN_POINT('',(130.75988771093,-115.5086615169,12.6));
#5577 = CARTESIAN_POINT('',(130.76195286908,-116.6802221967,12.6));
#5578 = SURFACE_OF_LINEAR_EXTRUSION('',#5579,#5583);
#5579 = B_SPLINE_CURVE_WITH_KNOTS('',2,(#5580,#5581,#5582),
  .UNSPECIFIED.,.F.,.F.,(3,3),(0.,1.),.PIECEWISE_BEZIER_KNOTS.);
#5580 = CARTESIAN_POINT('',(130.14212475247,-114.8281869141,12.6));
#5581 = CARTESIAN_POINT('',(130.75988771093,-115.5086615169,12.6));
#5582 = CARTESIAN_POINT('',(130.76195286908,-116.6802221967,12.6));
#5583 = VECTOR('',#5584,1.);
#5584 = DIRECTION('',(-0.,-0.,-1.));
#5585 = ADVANCED_FACE('',(#5586),#5604,.F.);
#5586 = FACE_BOUND('',#5587,.F.);
#5587 = EDGE_LOOP('',(#5588,#5596,#5597,#5598));
#5588 = ORIENTED_EDGE('',*,*,#5589,.T.);
#5589 = EDGE_CURVE('',#5590,#3043,#5592,.T.);
#5590 = VERTEX_POINT('',#5591);
#5591 = CARTESIAN_POINT('',(128.46530038855,-114.149266662,12.6));
#5592 = LINE('',#5593,#5594);
#5593 = CARTESIAN_POINT('',(128.46530038855,-114.149266662,12.6));
#5594 = VECTOR('',#5595,1.);
#5595 = DIRECTION('',(0.,0.,1.));
#5596 = ORIENTED_EDGE('',*,*,#3050,.T.);
#5597 = ORIENTED_EDGE('',*,*,#5556,.F.);
#5598 = ORIENTED_EDGE('',*,*,#5599,.F.);
#5599 = EDGE_CURVE('',#5590,#5557,#5600,.T.);
#5600 = B_SPLINE_CURVE_WITH_KNOTS('',2,(#5601,#5602,#5603),
  .UNSPECIFIED.,.F.,.F.,(3,3),(0.,1.),.PIECEWISE_BEZIER_KNOTS.);
#5601 = CARTESIAN_POINT('',(128.46530038855,-114.149266662,12.6));
#5602 = CARTESIAN_POINT('',(129.52467374267,-114.147399261,12.6));
#5603 = CARTESIAN_POINT('',(130.14212475247,-114.8281869141,12.6));
#5604 = SURFACE_OF_LINEAR_EXTRUSION('',#5605,#5609);
#5605 = B_SPLINE_CURVE_WITH_KNOTS('',2,(#5606,#5607,#5608),
  .UNSPECIFIED.,.F.,.F.,(3,3),(0.,1.),.PIECEWISE_BEZIER_KNOTS.);
#5606 = CARTESIAN_POINT('',(128.46530038855,-114.149266662,12.6));
#5607 = CARTESIAN_POINT('',(129.52467374267,-114.147399261,12.6));
#5608 = CARTESIAN_POINT('',(130.14212475247,-114.8281869141,12.6));
#5609 = VECTOR('',#5610,1.);
#5610 = DIRECTION('',(-0.,-0.,-1.));
#5611 = ADVANCED_FACE('',(#5612),#5630,.F.);
#5612 = FACE_BOUND('',#5613,.F.);
#5613 = EDGE_LOOP('',(#5614,#5622,#5623,#5624));
#5614 = ORIENTED_EDGE('',*,*,#5615,.T.);
#5615 = EDGE_CURVE('',#5616,#3035,#5618,.T.);
#5616 = VERTEX_POINT('',#5617);
#5617 = CARTESIAN_POINT('',(126.58913968149,-114.9107000254,12.6));
#5618 = LINE('',#5619,#5620);
#5619 = CARTESIAN_POINT('',(126.58913968149,-114.9107000254,12.6));
#5620 = VECTOR('',#5621,1.);
#5621 = DIRECTION('',(0.,0.,1.));
#5622 = ORIENTED_EDGE('',*,*,#3042,.T.);
#5623 = ORIENTED_EDGE('',*,*,#5589,.F.);
#5624 = ORIENTED_EDGE('',*,*,#5625,.F.);
#5625 = EDGE_CURVE('',#5616,#5590,#5626,.T.);
#5626 = B_SPLINE_CURVE_WITH_KNOTS('',2,(#5627,#5628,#5629),
  .UNSPECIFIED.,.F.,.F.,(3,3),(0.,1.),.PIECEWISE_BEZIER_KNOTS.);
#5627 = CARTESIAN_POINT('',(126.58913968149,-114.9107000254,12.6));
#5628 = CARTESIAN_POINT('',(127.28405222376,-114.1513488967,12.6));
#5629 = CARTESIAN_POINT('',(128.46530038855,-114.149266662,12.6));
#5630 = SURFACE_OF_LINEAR_EXTRUSION('',#5631,#5635);
#5631 = B_SPLINE_CURVE_WITH_KNOTS('',2,(#5632,#5633,#5634),
  .UNSPECIFIED.,.F.,.F.,(3,3),(0.,1.),.PIECEWISE_BEZIER_KNOTS.);
#5632 = CARTESIAN_POINT('',(126.58913968149,-114.9107000254,12.6));
#5633 = CARTESIAN_POINT('',(127.28405222376,-114.1513488967,12.6));
#5634 = CARTESIAN_POINT('',(128.46530038855,-114.149266662,12.6));
#5635 = VECTOR('',#5636,1.);
#5636 = DIRECTION('',(-0.,-0.,-1.));
#5637 = ADVANCED_FACE('',(#5638),#5656,.F.);
#5638 = FACE_BOUND('',#5639,.F.);
#5639 = EDGE_LOOP('',(#5640,#5648,#5649,#5650));
#5640 = ORIENTED_EDGE('',*,*,#5641,.T.);
#5641 = EDGE_CURVE('',#5642,#3027,#5644,.T.);
#5642 = VERTEX_POINT('',#5643);
#5643 = CARTESIAN_POINT('',(125.89681467293,-116.9606735981,12.6));
#5644 = LINE('',#5645,#5646);
#5645 = CARTESIAN_POINT('',(125.89681467293,-116.9606735981,12.6));
#5646 = VECTOR('',#5647,1.);
#5647 = DIRECTION('',(0.,0.,1.));
#5648 = ORIENTED_EDGE('',*,*,#3034,.T.);
#5649 = ORIENTED_EDGE('',*,*,#5615,.F.);
#5650 = ORIENTED_EDGE('',*,*,#5651,.F.);
#5651 = EDGE_CURVE('',#5642,#5616,#5652,.T.);
#5652 = B_SPLINE_CURVE_WITH_KNOTS('',2,(#5653,#5654,#5655),
  .UNSPECIFIED.,.F.,.F.,(3,3),(0.,1.),.PIECEWISE_BEZIER_KNOTS.);
#5653 = CARTESIAN_POINT('',(125.89681467293,-116.9606735981,12.6));
#5654 = CARTESIAN_POINT('',(125.89453963874,-115.6700506033,12.6));
#5655 = CARTESIAN_POINT('',(126.58913968149,-114.9107000254,12.6));
#5656 = SURFACE_OF_LINEAR_EXTRUSION('',#5657,#5661);
#5657 = B_SPLINE_CURVE_WITH_KNOTS('',2,(#5658,#5659,#5660),
  .UNSPECIFIED.,.F.,.F.,(3,3),(0.,1.),.PIECEWISE_BEZIER_KNOTS.);
#5658 = CARTESIAN_POINT('',(125.89681467293,-116.9606735981,12.6));
#5659 = CARTESIAN_POINT('',(125.89453963874,-115.6700506033,12.6));
#5660 = CARTESIAN_POINT('',(126.58913968149,-114.9107000254,12.6));
#5661 = VECTOR('',#5662,1.);
#5662 = DIRECTION('',(-0.,-0.,-1.));
#5663 = ADVANCED_FACE('',(#5664),#5682,.F.);
#5664 = FACE_BOUND('',#5665,.F.);
#5665 = EDGE_LOOP('',(#5666,#5674,#5675,#5676));
#5666 = ORIENTED_EDGE('',*,*,#5667,.T.);
#5667 = EDGE_CURVE('',#5668,#3019,#5670,.T.);
#5668 = VERTEX_POINT('',#5669);
#5669 = CARTESIAN_POINT('',(126.63374290796,-118.9403151621,12.6));
#5670 = LINE('',#5671,#5672);
#5671 = CARTESIAN_POINT('',(126.63374290796,-118.9403151621,12.6));
#5672 = VECTOR('',#5673,1.);
#5673 = DIRECTION('',(0.,0.,1.));
#5674 = ORIENTED_EDGE('',*,*,#3026,.T.);
#5675 = ORIENTED_EDGE('',*,*,#5641,.F.);
#5676 = ORIENTED_EDGE('',*,*,#5677,.F.);
#5677 = EDGE_CURVE('',#5668,#5642,#5678,.T.);
#5678 = B_SPLINE_CURVE_WITH_KNOTS('',2,(#5679,#5680,#5681),
  .UNSPECIFIED.,.F.,.F.,(3,3),(0.,1.),.PIECEWISE_BEZIER_KNOTS.);
#5679 = CARTESIAN_POINT('',(126.63374290796,-118.9403151621,12.6));
#5680 = CARTESIAN_POINT('',(125.89901589245,-118.2094216581,12.6));
#5681 = CARTESIAN_POINT('',(125.89681467293,-116.9606735981,12.6));
#5682 = SURFACE_OF_LINEAR_EXTRUSION('',#5683,#5687);
#5683 = B_SPLINE_CURVE_WITH_KNOTS('',2,(#5684,#5685,#5686),
  .UNSPECIFIED.,.F.,.F.,(3,3),(0.,1.),.PIECEWISE_BEZIER_KNOTS.);
#5684 = CARTESIAN_POINT('',(126.63374290796,-118.9403151621,12.6));
#5685 = CARTESIAN_POINT('',(125.89901589245,-118.2094216581,12.6));
#5686 = CARTESIAN_POINT('',(125.89681467293,-116.9606735981,12.6));
#5687 = VECTOR('',#5688,1.);
#5688 = DIRECTION('',(-0.,-0.,-1.));
#5689 = ADVANCED_FACE('',(#5690),#5708,.F.);
#5690 = FACE_BOUND('',#5691,.F.);
#5691 = EDGE_LOOP('',(#5692,#5700,#5701,#5702));
#5692 = ORIENTED_EDGE('',*,*,#5693,.T.);
#5693 = EDGE_CURVE('',#5694,#3011,#5696,.T.);
#5694 = VERTEX_POINT('',#5695);
#5695 = CARTESIAN_POINT('',(128.62503047124,-119.6689936752,12.6));
#5696 = LINE('',#5697,#5698);
#5697 = CARTESIAN_POINT('',(128.62503047124,-119.6689936752,12.6));
#5698 = VECTOR('',#5699,1.);
#5699 = DIRECTION('',(0.,0.,1.));
#5700 = ORIENTED_EDGE('',*,*,#3018,.T.);
#5701 = ORIENTED_EDGE('',*,*,#5667,.F.);
#5702 = ORIENTED_EDGE('',*,*,#5703,.F.);
#5703 = EDGE_CURVE('',#5694,#5668,#5704,.T.);
#5704 = B_SPLINE_CURVE_WITH_KNOTS('',2,(#5705,#5706,#5707),
  .UNSPECIFIED.,.F.,.F.,(3,3),(0.,1.),.PIECEWISE_BEZIER_KNOTS.);
#5705 = CARTESIAN_POINT('',(128.62503047124,-119.6689936752,12.6));
#5706 = CARTESIAN_POINT('',(127.36878242298,-119.6712081153,12.6));
#5707 = CARTESIAN_POINT('',(126.63374290796,-118.9403151621,12.6));
#5708 = SURFACE_OF_LINEAR_EXTRUSION('',#5709,#5713);
#5709 = B_SPLINE_CURVE_WITH_KNOTS('',2,(#5710,#5711,#5712),
  .UNSPECIFIED.,.F.,.F.,(3,3),(0.,1.),.PIECEWISE_BEZIER_KNOTS.);
#5710 = CARTESIAN_POINT('',(128.62503047124,-119.6689936752,12.6));
#5711 = CARTESIAN_POINT('',(127.36878242298,-119.6712081153,12.6));
#5712 = CARTESIAN_POINT('',(126.63374290796,-118.9403151621,12.6));
#5713 = VECTOR('',#5714,1.);
#5714 = DIRECTION('',(-0.,-0.,-1.));
#5715 = ADVANCED_FACE('',(#5716),#5734,.F.);
#5716 = FACE_BOUND('',#5717,.F.);
#5717 = EDGE_LOOP('',(#5718,#5726,#5727,#5728));
#5718 = ORIENTED_EDGE('',*,*,#5719,.T.);
#5719 = EDGE_CURVE('',#5720,#3003,#5722,.T.);
#5720 = VERTEX_POINT('',#5721);
#5721 = CARTESIAN_POINT('',(129.61391075392,-119.5647503761,12.6));
#5722 = LINE('',#5723,#5724);
#5723 = CARTESIAN_POINT('',(129.61391075392,-119.5647503761,12.6));
#5724 = VECTOR('',#5725,1.);
#5725 = DIRECTION('',(0.,0.,1.));
#5726 = ORIENTED_EDGE('',*,*,#3010,.T.);
#5727 = ORIENTED_EDGE('',*,*,#5693,.F.);
#5728 = ORIENTED_EDGE('',*,*,#5729,.F.);
#5729 = EDGE_CURVE('',#5720,#5694,#5730,.T.);
#5730 = B_SPLINE_CURVE_WITH_KNOTS('',2,(#5731,#5732,#5733),
  .UNSPECIFIED.,.F.,.F.,(3,3),(0.,1.),.PIECEWISE_BEZIER_KNOTS.);
#5731 = CARTESIAN_POINT('',(129.61391075392,-119.5647503761,12.6));
#5732 = CARTESIAN_POINT('',(129.126592192,-119.6681095518,12.6));
#5733 = CARTESIAN_POINT('',(128.62503047124,-119.6689936752,12.6));
#5734 = SURFACE_OF_LINEAR_EXTRUSION('',#5735,#5739);
#5735 = B_SPLINE_CURVE_WITH_KNOTS('',2,(#5736,#5737,#5738),
  .UNSPECIFIED.,.F.,.F.,(3,3),(0.,1.),.PIECEWISE_BEZIER_KNOTS.);
#5736 = CARTESIAN_POINT('',(129.61391075392,-119.5647503761,12.6));
#5737 = CARTESIAN_POINT('',(129.126592192,-119.6681095518,12.6));
#5738 = CARTESIAN_POINT('',(128.62503047124,-119.6689936752,12.6));
#5739 = VECTOR('',#5740,1.);
#5740 = DIRECTION('',(-0.,-0.,-1.));
#5741 = ADVANCED_FACE('',(#5742),#5760,.F.);
#5742 = FACE_BOUND('',#5743,.F.);
#5743 = EDGE_LOOP('',(#5744,#5752,#5753,#5754));
#5744 = ORIENTED_EDGE('',*,*,#5745,.T.);
#5745 = EDGE_CURVE('',#5746,#2995,#5748,.T.);
#5746 = VERTEX_POINT('',#5747);
#5747 = CARTESIAN_POINT('',(130.56494736089,-119.2655734825,12.6));
#5748 = LINE('',#5749,#5750);
#5749 = CARTESIAN_POINT('',(130.56494736089,-119.2655734825,12.6));
#5750 = VECTOR('',#5751,1.);
#5751 = DIRECTION('',(0.,0.,1.));
#5752 = ORIENTED_EDGE('',*,*,#3002,.T.);
#5753 = ORIENTED_EDGE('',*,*,#5719,.F.);
#5754 = ORIENTED_EDGE('',*,*,#5755,.F.);
#5755 = EDGE_CURVE('',#5746,#5720,#5756,.T.);
#5756 = B_SPLINE_CURVE_WITH_KNOTS('',2,(#5757,#5758,#5759),
  .UNSPECIFIED.,.F.,.F.,(3,3),(0.,1.),.PIECEWISE_BEZIER_KNOTS.);
#5757 = CARTESIAN_POINT('',(130.56494736089,-119.2655734825,12.6));
#5758 = CARTESIAN_POINT('',(130.10122986671,-119.4617036999,12.6));
#5759 = CARTESIAN_POINT('',(129.61391075392,-119.5647503761,12.6));
#5760 = SURFACE_OF_LINEAR_EXTRUSION('',#5761,#5765);
#5761 = B_SPLINE_CURVE_WITH_KNOTS('',2,(#5762,#5763,#5764),
  .UNSPECIFIED.,.F.,.F.,(3,3),(0.,1.),.PIECEWISE_BEZIER_KNOTS.);
#5762 = CARTESIAN_POINT('',(130.56494736089,-119.2655734825,12.6));
#5763 = CARTESIAN_POINT('',(130.10122986671,-119.4617036999,12.6));
#5764 = CARTESIAN_POINT('',(129.61391075392,-119.5647503761,12.6));
#5765 = VECTOR('',#5766,1.);
#5766 = DIRECTION('',(-0.,-0.,-1.));
#5767 = ADVANCED_FACE('',(#5768),#5786,.F.);
#5768 = FACE_BOUND('',#5769,.F.);
#5769 = EDGE_LOOP('',(#5770,#5778,#5779,#5780));
#5770 = ORIENTED_EDGE('',*,*,#5771,.T.);
#5771 = EDGE_CURVE('',#5772,#2987,#5774,.T.);
#5772 = VERTEX_POINT('',#5773);
#5773 = CARTESIAN_POINT('',(130.56350191544,-118.4455747565,12.6));
#5774 = LINE('',#5775,#5776);
#5775 = CARTESIAN_POINT('',(130.56350191544,-118.4455747565,12.6));
#5776 = VECTOR('',#5777,1.);
#5777 = DIRECTION('',(0.,0.,1.));
#5778 = ORIENTED_EDGE('',*,*,#2994,.T.);
#5779 = ORIENTED_EDGE('',*,*,#5745,.F.);
#5780 = ORIENTED_EDGE('',*,*,#5781,.F.);
#5781 = EDGE_CURVE('',#5772,#5746,#5782,.T.);
#5782 = LINE('',#5783,#5784);
#5783 = CARTESIAN_POINT('',(130.56350191544,-118.4455747565,12.6));
#5784 = VECTOR('',#5785,1.);
#5785 = DIRECTION('',(1.762738357939E-03,-0.999998446376,0.));
#5786 = PLANE('',#5787);
#5787 = AXIS2_PLACEMENT_3D('',#5788,#5789,#5790);
#5788 = CARTESIAN_POINT('',(130.56350191544,-118.4455747565,12.6));
#5789 = DIRECTION('',(0.999998446376,1.762738357939E-03,0.));
#5790 = DIRECTION('',(1.762738357939E-03,-0.999998446376,0.));
#5791 = ADVANCED_FACE('',(#5792),#5810,.F.);
#5792 = FACE_BOUND('',#5793,.F.);
#5793 = EDGE_LOOP('',(#5794,#5802,#5803,#5804));
#5794 = ORIENTED_EDGE('',*,*,#5795,.T.);
#5795 = EDGE_CURVE('',#5796,#2979,#5798,.T.);
#5796 = VERTEX_POINT('',#5797);
#5797 = CARTESIAN_POINT('',(129.63820043981,-118.8072063828,12.6));
#5798 = LINE('',#5799,#5800);
#5799 = CARTESIAN_POINT('',(129.63820043981,-118.8072063828,12.6));
#5800 = VECTOR('',#5801,1.);
#5801 = DIRECTION('',(0.,0.,1.));
#5802 = ORIENTED_EDGE('',*,*,#2986,.T.);
#5803 = ORIENTED_EDGE('',*,*,#5771,.F.);
#5804 = ORIENTED_EDGE('',*,*,#5805,.F.);
#5805 = EDGE_CURVE('',#5796,#5772,#5806,.T.);
#5806 = B_SPLINE_CURVE_WITH_KNOTS('',2,(#5807,#5808,#5809),
  .UNSPECIFIED.,.F.,.F.,(3,3),(0.,1.),.PIECEWISE_BEZIER_KNOTS.);
#5807 = CARTESIAN_POINT('',(129.63820043981,-118.8072063828,12.6));
#5808 = CARTESIAN_POINT('',(130.10455068634,-118.6863841416,12.6));
#5809 = CARTESIAN_POINT('',(130.56350191544,-118.4455747565,12.6));
#5810 = SURFACE_OF_LINEAR_EXTRUSION('',#5811,#5815);
#5811 = B_SPLINE_CURVE_WITH_KNOTS('',2,(#5812,#5813,#5814),
  .UNSPECIFIED.,.F.,.F.,(3,3),(0.,1.),.PIECEWISE_BEZIER_KNOTS.);
#5812 = CARTESIAN_POINT('',(129.63820043981,-118.8072063828,12.6));
#5813 = CARTESIAN_POINT('',(130.10455068634,-118.6863841416,12.6));
#5814 = CARTESIAN_POINT('',(130.56350191544,-118.4455747565,12.6));
#5815 = VECTOR('',#5816,1.);
#5816 = DIRECTION('',(-0.,-0.,-1.));
#5817 = ADVANCED_FACE('',(#5818),#5836,.F.);
#5818 = FACE_BOUND('',#5819,.F.);
#5819 = EDGE_LOOP('',(#5820,#5828,#5829,#5830));
#5820 = ORIENTED_EDGE('',*,*,#5821,.T.);
#5821 = EDGE_CURVE('',#5822,#2971,#5824,.T.);
#5822 = VERTEX_POINT('',#5823);
#5823 = CARTESIAN_POINT('',(128.67528846474,-118.9289039337,12.6));
#5824 = LINE('',#5825,#5826);
#5825 = CARTESIAN_POINT('',(128.67528846474,-118.9289039337,12.6));
#5826 = VECTOR('',#5827,1.);
#5827 = DIRECTION('',(0.,0.,1.));
#5828 = ORIENTED_EDGE('',*,*,#2978,.T.);
#5829 = ORIENTED_EDGE('',*,*,#5795,.F.);
#5830 = ORIENTED_EDGE('',*,*,#5831,.F.);
#5831 = EDGE_CURVE('',#5822,#5796,#5832,.T.);
#5832 = B_SPLINE_CURVE_WITH_KNOTS('',2,(#5833,#5834,#5835),
  .UNSPECIFIED.,.F.,.F.,(3,3),(0.,1.),.PIECEWISE_BEZIER_KNOTS.);
#5833 = CARTESIAN_POINT('',(128.67528846474,-118.9289039337,12.6));
#5834 = CARTESIAN_POINT('',(129.17216269279,-118.9280280731,12.6));
#5835 = CARTESIAN_POINT('',(129.63820043981,-118.8072063828,12.6));
#5836 = SURFACE_OF_LINEAR_EXTRUSION('',#5837,#5841);
#5837 = B_SPLINE_CURVE_WITH_KNOTS('',2,(#5838,#5839,#5840),
  .UNSPECIFIED.,.F.,.F.,(3,3),(0.,1.),.PIECEWISE_BEZIER_KNOTS.);
#5838 = CARTESIAN_POINT('',(128.67528846474,-118.9289039337,12.6));
#5839 = CARTESIAN_POINT('',(129.17216269279,-118.9280280731,12.6));
#5840 = CARTESIAN_POINT('',(129.63820043981,-118.8072063828,12.6));
#5841 = VECTOR('',#5842,1.);
#5842 = DIRECTION('',(-0.,-0.,-1.));
#5843 = ADVANCED_FACE('',(#5844),#5862,.F.);
#5844 = FACE_BOUND('',#5845,.F.);
#5845 = EDGE_LOOP('',(#5846,#5854,#5855,#5856));
#5846 = ORIENTED_EDGE('',*,*,#5847,.T.);
#5847 = EDGE_CURVE('',#5848,#2963,#5850,.T.);
#5848 = VERTEX_POINT('',#5849);
#5849 = CARTESIAN_POINT('',(127.33603281998,-118.4659514717,12.6));
#5850 = LINE('',#5851,#5852);
#5851 = CARTESIAN_POINT('',(127.33603281998,-118.4659514717,12.6));
#5852 = VECTOR('',#5853,1.);
#5853 = DIRECTION('',(0.,0.,1.));
#5854 = ORIENTED_EDGE('',*,*,#2970,.T.);
#5855 = ORIENTED_EDGE('',*,*,#5821,.F.);
#5856 = ORIENTED_EDGE('',*,*,#5857,.F.);
#5857 = EDGE_CURVE('',#5848,#5822,#5858,.T.);
#5858 = B_SPLINE_CURVE_WITH_KNOTS('',2,(#5859,#5860,#5861),
  .UNSPECIFIED.,.F.,.F.,(3,3),(0.,1.),.PIECEWISE_BEZIER_KNOTS.);
#5859 = CARTESIAN_POINT('',(127.33603281998,-118.4659514717,12.6));
#5860 = CARTESIAN_POINT('',(127.81747729746,-118.9304160327,12.6));
#5861 = CARTESIAN_POINT('',(128.67528846474,-118.9289039337,12.6));
#5862 = SURFACE_OF_LINEAR_EXTRUSION('',#5863,#5867);
#5863 = B_SPLINE_CURVE_WITH_KNOTS('',2,(#5864,#5865,#5866),
  .UNSPECIFIED.,.F.,.F.,(3,3),(0.,1.),.PIECEWISE_BEZIER_KNOTS.);
#5864 = CARTESIAN_POINT('',(127.33603281998,-118.4659514717,12.6));
#5865 = CARTESIAN_POINT('',(127.81747729746,-118.9304160327,12.6));
#5866 = CARTESIAN_POINT('',(128.67528846474,-118.9289039337,12.6));
#5867 = VECTOR('',#5868,1.);
#5868 = DIRECTION('',(-0.,-0.,-1.));
#5869 = ADVANCED_FACE('',(#5870),#5888,.F.);
#5870 = FACE_BOUND('',#5871,.F.);
#5871 = EDGE_LOOP('',(#5872,#5880,#5881,#5882));
#5872 = ORIENTED_EDGE('',*,*,#5873,.T.);
#5873 = EDGE_CURVE('',#5874,#2955,#5876,.T.);
#5874 = VERTEX_POINT('',#5875);
#5875 = CARTESIAN_POINT('',(126.79708319398,-117.1122118957,12.6));
#5876 = LINE('',#5877,#5878);
#5877 = CARTESIAN_POINT('',(126.79708319398,-117.1122118957,12.6));
#5878 = VECTOR('',#5879,1.);
#5879 = DIRECTION('',(0.,0.,1.));
#5880 = ORIENTED_EDGE('',*,*,#2962,.T.);
#5881 = ORIENTED_EDGE('',*,*,#5847,.F.);
#5882 = ORIENTED_EDGE('',*,*,#5883,.F.);
#5883 = EDGE_CURVE('',#5874,#5848,#5884,.T.);
#5884 = B_SPLINE_CURVE_WITH_KNOTS('',2,(#5885,#5886,#5887),
  .UNSPECIFIED.,.F.,.F.,(3,3),(0.,1.),.PIECEWISE_BEZIER_KNOTS.);
#5885 = CARTESIAN_POINT('',(126.79708319398,-117.1122118957,12.6));
#5886 = CARTESIAN_POINT('',(126.85490029116,-118.0011738604,12.6));
#5887 = CARTESIAN_POINT('',(127.33603281998,-118.4659514717,12.6));
#5888 = SURFACE_OF_LINEAR_EXTRUSION('',#5889,#5893);
#5889 = B_SPLINE_CURVE_WITH_KNOTS('',2,(#5890,#5891,#5892),
  .UNSPECIFIED.,.F.,.F.,(3,3),(0.,1.),.PIECEWISE_BEZIER_KNOTS.);
#5890 = CARTESIAN_POINT('',(126.79708319398,-117.1122118957,12.6));
#5891 = CARTESIAN_POINT('',(126.85490029116,-118.0011738604,12.6));
#5892 = CARTESIAN_POINT('',(127.33603281998,-118.4659514717,12.6));
#5893 = VECTOR('',#5894,1.);
#5894 = DIRECTION('',(-0.,-0.,-1.));
#5895 = ADVANCED_FACE('',(#5896),#5914,.F.);
#5896 = FACE_BOUND('',#5897,.F.);
#5897 = EDGE_LOOP('',(#5898,#5906,#5907,#5908));
#5898 = ORIENTED_EDGE('',*,*,#5899,.T.);
#5899 = EDGE_CURVE('',#5900,#2947,#5902,.T.);
#5900 = VERTEX_POINT('',#5901);
#5901 = CARTESIAN_POINT('',(130.76270203289,-117.1052215364,12.6));
#5902 = LINE('',#5903,#5904);
#5903 = CARTESIAN_POINT('',(130.76270203289,-117.1052215364,12.6));
#5904 = VECTOR('',#5905,1.);
#5905 = DIRECTION('',(0.,0.,1.));
#5906 = ORIENTED_EDGE('',*,*,#2954,.T.);
#5907 = ORIENTED_EDGE('',*,*,#5873,.F.);
#5908 = ORIENTED_EDGE('',*,*,#5909,.F.);
#5909 = EDGE_CURVE('',#5900,#5874,#5910,.T.);
#5910 = LINE('',#5911,#5912);
#5911 = CARTESIAN_POINT('',(130.76270203289,-117.1052215364,12.6));
#5912 = VECTOR('',#5913,1.);
#5913 = DIRECTION('',(-0.999998446376,-1.762738357939E-03,0.));
#5914 = PLANE('',#5915);
#5915 = AXIS2_PLACEMENT_3D('',#5916,#5917,#5918);
#5916 = CARTESIAN_POINT('',(130.76270203289,-117.1052215364,12.6));
#5917 = DIRECTION('',(1.762738357939E-03,-0.999998446376,0.));
#5918 = DIRECTION('',(-0.999998446376,-1.762738357939E-03,0.));
#5919 = ADVANCED_FACE('',(#5920),#5931,.F.);
#5920 = FACE_BOUND('',#5921,.F.);
#5921 = EDGE_LOOP('',(#5922,#5923,#5924,#5925));
#5922 = ORIENTED_EDGE('',*,*,#5565,.T.);
#5923 = ORIENTED_EDGE('',*,*,#2946,.T.);
#5924 = ORIENTED_EDGE('',*,*,#5899,.F.);
#5925 = ORIENTED_EDGE('',*,*,#5926,.F.);
#5926 = EDGE_CURVE('',#5566,#5900,#5927,.T.);
#5927 = LINE('',#5928,#5929);
#5928 = CARTESIAN_POINT('',(130.76195286908,-116.6802221967,12.6));
#5929 = VECTOR('',#5930,1.);
#5930 = DIRECTION('',(1.762738357939E-03,-0.999998446376,0.));
#5931 = PLANE('',#5932);
#5932 = AXIS2_PLACEMENT_3D('',#5933,#5934,#5935);
#5933 = CARTESIAN_POINT('',(130.76195286908,-116.6802221967,12.6));
#5934 = DIRECTION('',(0.999998446376,1.762738357939E-03,0.));
#5935 = DIRECTION('',(1.762738357939E-03,-0.999998446376,0.));
#5936 = ADVANCED_FACE('',(#5937),#5962,.F.);
#5937 = FACE_BOUND('',#5938,.F.);
#5938 = EDGE_LOOP('',(#5939,#5947,#5948,#5956));
#5939 = ORIENTED_EDGE('',*,*,#5940,.T.);
#5940 = EDGE_CURVE('',#5941,#3059,#5943,.T.);
#5941 = VERTEX_POINT('',#5942);
#5942 = CARTESIAN_POINT('',(133.52633857268,-119.5203537205,12.6));
#5943 = LINE('',#5944,#5945);
#5944 = CARTESIAN_POINT('',(133.52633857268,-119.5203537205,12.6));
#5945 = VECTOR('',#5946,1.);
#5946 = DIRECTION('',(0.,0.,1.));
#5947 = ORIENTED_EDGE('',*,*,#3058,.T.);
#5948 = ORIENTED_EDGE('',*,*,#5949,.F.);
#5949 = EDGE_CURVE('',#5950,#3061,#5952,.T.);
#5950 = VERTEX_POINT('',#5951);
#5951 = CARTESIAN_POINT('',(131.54831962762,-114.2638322837,12.6));
#5952 = LINE('',#5953,#5954);
#5953 = CARTESIAN_POINT('',(131.54831962762,-114.2638322837,12.6));
#5954 = VECTOR('',#5955,1.);
#5955 = DIRECTION('',(0.,0.,1.));
#5956 = ORIENTED_EDGE('',*,*,#5957,.F.);
#5957 = EDGE_CURVE('',#5941,#5950,#5958,.T.);
#5958 = LINE('',#5959,#5960);
#5959 = CARTESIAN_POINT('',(133.52633857268,-119.5203537205,12.6));
#5960 = VECTOR('',#5961,1.);
#5961 = DIRECTION('',(-0.352188345041,0.935929147755,0.));
#5962 = PLANE('',#5963);
#5963 = AXIS2_PLACEMENT_3D('',#5964,#5965,#5966);
#5964 = CARTESIAN_POINT('',(133.52633857268,-119.5203537205,12.6));
#5965 = DIRECTION('',(-0.935929147755,-0.352188345041,0.));
#5966 = DIRECTION('',(-0.352188345041,0.935929147755,0.));
#5967 = ADVANCED_FACE('',(#5968),#5986,.F.);
#5968 = FACE_BOUND('',#5969,.F.);
#5969 = EDGE_LOOP('',(#5970,#5978,#5979,#5980));
#5970 = ORIENTED_EDGE('',*,*,#5971,.T.);
#5971 = EDGE_CURVE('',#5972,#3101,#5974,.T.);
#5972 = VERTEX_POINT('',#5973);
#5973 = CARTESIAN_POINT('',(134.69821175203,-119.5182880115,12.6));
#5974 = LINE('',#5975,#5976);
#5975 = CARTESIAN_POINT('',(134.69821175203,-119.5182880115,12.6));
#5976 = VECTOR('',#5977,1.);
#5977 = DIRECTION('',(0.,0.,1.));
#5978 = ORIENTED_EDGE('',*,*,#3108,.T.);
#5979 = ORIENTED_EDGE('',*,*,#5940,.F.);
#5980 = ORIENTED_EDGE('',*,*,#5981,.F.);
#5981 = EDGE_CURVE('',#5972,#5941,#5982,.T.);
#5982 = LINE('',#5983,#5984);
#5983 = CARTESIAN_POINT('',(134.69821175203,-119.5182880115,12.6));
#5984 = VECTOR('',#5985,1.);
#5985 = DIRECTION('',(-0.999998446376,-1.762738357939E-03,0.));
#5986 = PLANE('',#5987);
#5987 = AXIS2_PLACEMENT_3D('',#5988,#5989,#5990);
#5988 = CARTESIAN_POINT('',(134.69821175203,-119.5182880115,12.6));
#5989 = DIRECTION('',(1.762738357939E-03,-0.999998446376,0.));
#5990 = DIRECTION('',(-0.999998446376,-1.762738357939E-03,0.));
#5991 = ADVANCED_FACE('',(#5992),#6010,.F.);
#5992 = FACE_BOUND('',#5993,.F.);
#5993 = EDGE_LOOP('',(#5994,#6002,#6003,#6004));
#5994 = ORIENTED_EDGE('',*,*,#5995,.T.);
#5995 = EDGE_CURVE('',#5996,#3093,#5998,.T.);
#5996 = VERTEX_POINT('',#5997);
#5997 = CARTESIAN_POINT('',(136.65768668957,-114.2548257924,12.6));
#5998 = LINE('',#5999,#6000);
#5999 = CARTESIAN_POINT('',(136.65768668957,-114.2548257924,12.6));
#6000 = VECTOR('',#6001,1.);
#6001 = DIRECTION('',(0.,0.,1.));
#6002 = ORIENTED_EDGE('',*,*,#3100,.T.);
#6003 = ORIENTED_EDGE('',*,*,#5971,.F.);
#6004 = ORIENTED_EDGE('',*,*,#6005,.F.);
#6005 = EDGE_CURVE('',#5996,#5972,#6006,.T.);
#6006 = LINE('',#6007,#6008);
#6007 = CARTESIAN_POINT('',(136.65768668957,-114.2548257924,12.6));
#6008 = VECTOR('',#6009,1.);
#6009 = DIRECTION('',(-0.348886565077,-0.937164961311,0.));
#6010 = PLANE('',#6011);
#6011 = AXIS2_PLACEMENT_3D('',#6012,#6013,#6014);
#6012 = CARTESIAN_POINT('',(136.65768668957,-114.2548257924,12.6));
#6013 = DIRECTION('',(0.937164961311,-0.348886565077,0.));
#6014 = DIRECTION('',(-0.348886565077,-0.937164961311,0.));
#6015 = ADVANCED_FACE('',(#6016),#6034,.F.);
#6016 = FACE_BOUND('',#6017,.F.);
#6017 = EDGE_LOOP('',(#6018,#6026,#6027,#6028));
#6018 = ORIENTED_EDGE('',*,*,#6019,.T.);
#6019 = EDGE_CURVE('',#6020,#3085,#6022,.T.);
#6020 = VERTEX_POINT('',#6021);
#6021 = CARTESIAN_POINT('',(135.74362560967,-114.2564370454,12.6));
#6022 = LINE('',#6023,#6024);
#6023 = CARTESIAN_POINT('',(135.74362560967,-114.2564370454,12.6));
#6024 = VECTOR('',#6025,1.);
#6025 = DIRECTION('',(0.,0.,1.));
#6026 = ORIENTED_EDGE('',*,*,#3092,.T.);
#6027 = ORIENTED_EDGE('',*,*,#5995,.F.);
#6028 = ORIENTED_EDGE('',*,*,#6029,.F.);
#6029 = EDGE_CURVE('',#6020,#5996,#6030,.T.);
#6030 = LINE('',#6031,#6032);
#6031 = CARTESIAN_POINT('',(135.74362560967,-114.2564370454,12.6));
#6032 = VECTOR('',#6033,1.);
#6033 = DIRECTION('',(0.999998446376,1.762738357939E-03,0.));
#6034 = PLANE('',#6035);
#6035 = AXIS2_PLACEMENT_3D('',#6036,#6037,#6038);
#6036 = CARTESIAN_POINT('',(135.74362560967,-114.2564370454,12.6));
#6037 = DIRECTION('',(-1.762738357939E-03,0.999998446376,0.));
#6038 = DIRECTION('',(0.999998446376,1.762738357939E-03,0.));
#6039 = ADVANCED_FACE('',(#6040),#6058,.F.);
#6040 = FACE_BOUND('',#6041,.F.);
#6041 = EDGE_LOOP('',(#6042,#6050,#6051,#6052));
#6042 = ORIENTED_EDGE('',*,*,#6043,.T.);
#6043 = EDGE_CURVE('',#6044,#3077,#6046,.T.);
#6044 = VERTEX_POINT('',#6045);
#6045 = CARTESIAN_POINT('',(134.11078509758,-118.6740096793,12.6));
#6046 = LINE('',#6047,#6048);
#6047 = CARTESIAN_POINT('',(134.11078509758,-118.6740096793,12.6));
#6048 = VECTOR('',#6049,1.);
#6049 = DIRECTION('',(0.,0.,1.));
#6050 = ORIENTED_EDGE('',*,*,#3084,.T.);
#6051 = ORIENTED_EDGE('',*,*,#6019,.F.);
#6052 = ORIENTED_EDGE('',*,*,#6053,.F.);
#6053 = EDGE_CURVE('',#6044,#6020,#6054,.T.);
#6054 = LINE('',#6055,#6056);
#6055 = CARTESIAN_POINT('',(134.11078509758,-118.6740096793,12.6));
#6056 = VECTOR('',#6057,1.);
#6057 = DIRECTION('',(0.346698585203,0.937976594068,0.));
#6058 = PLANE('',#6059);
#6059 = AXIS2_PLACEMENT_3D('',#6060,#6061,#6062);
#6060 = CARTESIAN_POINT('',(134.11078509758,-118.6740096793,12.6));
#6061 = DIRECTION('',(-0.937976594068,0.346698585203,0.));
#6062 = DIRECTION('',(0.346698585203,0.937976594068,0.));
#6063 = ADVANCED_FACE('',(#6064),#6082,.F.);
#6064 = FACE_BOUND('',#6065,.F.);
#6065 = EDGE_LOOP('',(#6066,#6074,#6075,#6076));
#6066 = ORIENTED_EDGE('',*,*,#6067,.T.);
#6067 = EDGE_CURVE('',#6068,#3069,#6070,.T.);
#6068 = VERTEX_POINT('',#6069);
#6069 = CARTESIAN_POINT('',(132.46238070751,-114.2622210307,12.6));
#6070 = LINE('',#6071,#6072);
#6071 = CARTESIAN_POINT('',(132.46238070751,-114.2622210307,12.6));
#6072 = VECTOR('',#6073,1.);
#6073 = DIRECTION('',(0.,0.,1.));
#6074 = ORIENTED_EDGE('',*,*,#3076,.T.);
#6075 = ORIENTED_EDGE('',*,*,#6043,.F.);
#6076 = ORIENTED_EDGE('',*,*,#6077,.F.);
#6077 = EDGE_CURVE('',#6068,#6044,#6078,.T.);
#6078 = LINE('',#6079,#6080);
#6079 = CARTESIAN_POINT('',(132.46238070751,-114.2622210307,12.6));
#6080 = VECTOR('',#6081,1.);
#6081 = DIRECTION('',(0.350003240151,-0.936748489128,0.));
#6082 = PLANE('',#6083);
#6083 = AXIS2_PLACEMENT_3D('',#6084,#6085,#6086);
#6084 = CARTESIAN_POINT('',(132.46238070751,-114.2622210307,12.6));
#6085 = DIRECTION('',(0.936748489128,0.350003240151,0.));
#6086 = DIRECTION('',(0.350003240151,-0.936748489128,0.));
#6087 = ADVANCED_FACE('',(#6088),#6099,.F.);
#6088 = FACE_BOUND('',#6089,.F.);
#6089 = EDGE_LOOP('',(#6090,#6091,#6092,#6093));
#6090 = ORIENTED_EDGE('',*,*,#5949,.T.);
#6091 = ORIENTED_EDGE('',*,*,#3068,.T.);
#6092 = ORIENTED_EDGE('',*,*,#6067,.F.);
#6093 = ORIENTED_EDGE('',*,*,#6094,.F.);
#6094 = EDGE_CURVE('',#5950,#6068,#6095,.T.);
#6095 = LINE('',#6096,#6097);
#6096 = CARTESIAN_POINT('',(131.54831962762,-114.2638322837,12.6));
#6097 = VECTOR('',#6098,1.);
#6098 = DIRECTION('',(0.999998446376,1.762738357939E-03,0.));
#6099 = PLANE('',#6100);
#6100 = AXIS2_PLACEMENT_3D('',#6101,#6102,#6103);
#6101 = CARTESIAN_POINT('',(131.54831962762,-114.2638322837,12.6));
#6102 = DIRECTION('',(-1.762738357939E-03,0.999998446376,0.));
#6103 = DIRECTION('',(0.999998446376,1.762738357939E-03,0.));
#6104 = ADVANCED_FACE('',(#6105),#6130,.F.);
#6105 = FACE_BOUND('',#6106,.F.);
#6106 = EDGE_LOOP('',(#6107,#6115,#6116,#6124));
#6107 = ORIENTED_EDGE('',*,*,#6108,.T.);
#6108 = EDGE_CURVE('',#6109,#3117,#6111,.T.);
#6109 = VERTEX_POINT('',#6110);
#6110 = CARTESIAN_POINT('',(140.08664088042,-119.508789606,12.6));
#6111 = LINE('',#6112,#6113);
#6112 = CARTESIAN_POINT('',(140.08664088042,-119.508789606,12.6));
#6113 = VECTOR('',#6114,1.);
#6114 = DIRECTION('',(0.,0.,1.));
#6115 = ORIENTED_EDGE('',*,*,#3116,.T.);
#6116 = ORIENTED_EDGE('',*,*,#6117,.F.);
#6117 = EDGE_CURVE('',#6118,#3119,#6120,.T.);
#6118 = VERTEX_POINT('',#6119);
#6119 = CARTESIAN_POINT('',(142.74617256082,-112.5040906648,12.6));
#6120 = LINE('',#6121,#6122);
#6121 = CARTESIAN_POINT('',(142.74617256082,-112.5040906648,12.6));
#6122 = VECTOR('',#6123,1.);
#6123 = DIRECTION('',(0.,0.,1.));
#6124 = ORIENTED_EDGE('',*,*,#6125,.F.);
#6125 = EDGE_CURVE('',#6109,#6118,#6126,.T.);
#6126 = LINE('',#6127,#6128);
#6127 = CARTESIAN_POINT('',(140.08664088042,-119.508789606,12.6));
#6128 = VECTOR('',#6129,1.);
#6129 = DIRECTION('',(0.354954884399,0.934883431258,0.));
#6130 = PLANE('',#6131);
#6131 = AXIS2_PLACEMENT_3D('',#6132,#6133,#6134);
#6132 = CARTESIAN_POINT('',(140.08664088042,-119.508789606,12.6));
#6133 = DIRECTION('',(-0.934883431258,0.354954884399,0.));
#6134 = DIRECTION('',(0.354954884399,0.934883431258,0.));
#6135 = ADVANCED_FACE('',(#6136),#6154,.F.);
#6136 = FACE_BOUND('',#6137,.F.);
#6137 = EDGE_LOOP('',(#6138,#6146,#6147,#6148));
#6138 = ORIENTED_EDGE('',*,*,#6139,.T.);
#6139 = EDGE_CURVE('',#6140,#3167,#6142,.T.);
#6140 = VERTEX_POINT('',#6141);
#6141 = CARTESIAN_POINT('',(141.08507682922,-119.5070296219,12.6));
#6142 = LINE('',#6143,#6144);
#6143 = CARTESIAN_POINT('',(141.08507682922,-119.5070296219,12.6));
#6144 = VECTOR('',#6145,1.);
#6145 = DIRECTION('',(0.,0.,1.));
#6146 = ORIENTED_EDGE('',*,*,#3174,.T.);
#6147 = ORIENTED_EDGE('',*,*,#6108,.F.);
#6148 = ORIENTED_EDGE('',*,*,#6149,.F.);
#6149 = EDGE_CURVE('',#6140,#6109,#6150,.T.);
#6150 = LINE('',#6151,#6152);
#6151 = CARTESIAN_POINT('',(141.08507682922,-119.5070296219,12.6));
#6152 = VECTOR('',#6153,1.);
#6153 = DIRECTION('',(-0.999998446376,-1.762738357939E-03,0.));
#6154 = PLANE('',#6155);
#6155 = AXIS2_PLACEMENT_3D('',#6156,#6157,#6158);
#6156 = CARTESIAN_POINT('',(141.08507682922,-119.5070296219,12.6));
#6157 = DIRECTION('',(1.762738357939E-03,-0.999998446376,0.));
#6158 = DIRECTION('',(-0.999998446376,-1.762738357939E-03,0.));
#6159 = ADVANCED_FACE('',(#6160),#6178,.F.);
#6160 = FACE_BOUND('',#6161,.F.);
#6161 = EDGE_LOOP('',(#6162,#6170,#6171,#6172));
#6162 = ORIENTED_EDGE('',*,*,#6163,.T.);
#6163 = EDGE_CURVE('',#6164,#3159,#6166,.T.);
#6164 = VERTEX_POINT('',#6165);
#6165 = CARTESIAN_POINT('',(141.71940290974,-117.7059086728,12.6));
#6166 = LINE('',#6167,#6168);
#6167 = CARTESIAN_POINT('',(141.71940290974,-117.7059086728,12.6));
#6168 = VECTOR('',#6169,1.);
#6169 = DIRECTION('',(0.,0.,1.));
#6170 = ORIENTED_EDGE('',*,*,#3166,.T.);
#6171 = ORIENTED_EDGE('',*,*,#6139,.F.);
#6172 = ORIENTED_EDGE('',*,*,#6173,.F.);
#6173 = EDGE_CURVE('',#6164,#6140,#6174,.T.);
#6174 = LINE('',#6175,#6176);
#6175 = CARTESIAN_POINT('',(141.71940290974,-117.7059086728,12.6));
#6176 = VECTOR('',#6177,1.);
#6177 = DIRECTION('',(-0.332185018404,-0.943214245836,0.));
#6178 = PLANE('',#6179);
#6179 = AXIS2_PLACEMENT_3D('',#6180,#6181,#6182);
#6180 = CARTESIAN_POINT('',(141.71940290974,-117.7059086728,12.6));
#6181 = DIRECTION('',(0.943214245836,-0.332185018404,0.));
#6182 = DIRECTION('',(-0.332185018404,-0.943214245836,0.));
#6183 = ADVANCED_FACE('',(#6184),#6202,.F.);
#6184 = FACE_BOUND('',#6185,.F.);
#6185 = EDGE_LOOP('',(#6186,#6194,#6195,#6196));
#6186 = ORIENTED_EDGE('',*,*,#6187,.T.);
#6187 = EDGE_CURVE('',#6188,#3151,#6190,.T.);
#6188 = VERTEX_POINT('',#6189);
#6189 = CARTESIAN_POINT('',(144.87408550854,-117.7003477841,12.6));
#6190 = LINE('',#6191,#6192);
#6191 = CARTESIAN_POINT('',(144.87408550854,-117.7003477841,12.6));
#6192 = VECTOR('',#6193,1.);
#6193 = DIRECTION('',(0.,0.,1.));
#6194 = ORIENTED_EDGE('',*,*,#3158,.T.);
#6195 = ORIENTED_EDGE('',*,*,#6163,.F.);
#6196 = ORIENTED_EDGE('',*,*,#6197,.F.);
#6197 = EDGE_CURVE('',#6188,#6164,#6198,.T.);
#6198 = LINE('',#6199,#6200);
#6199 = CARTESIAN_POINT('',(144.87408550854,-117.7003477841,12.6));
#6200 = VECTOR('',#6201,1.);
#6201 = DIRECTION('',(-0.999998446376,-1.762738357939E-03,0.));
#6202 = PLANE('',#6203);
#6203 = AXIS2_PLACEMENT_3D('',#6204,#6205,#6206);
#6204 = CARTESIAN_POINT('',(144.87408550854,-117.7003477841,12.6));
#6205 = DIRECTION('',(1.762738357939E-03,-0.999998446376,0.));
#6206 = DIRECTION('',(-0.999998446376,-1.762738357939E-03,0.));
#6207 = ADVANCED_FACE('',(#6208),#6226,.F.);
#6208 = FACE_BOUND('',#6209,.F.);
#6209 = EDGE_LOOP('',(#6210,#6218,#6219,#6220));
#6210 = ORIENTED_EDGE('',*,*,#6211,.T.);
#6211 = EDGE_CURVE('',#6212,#3143,#6214,.T.);
#6212 = VERTEX_POINT('',#6213);
#6213 = CARTESIAN_POINT('',(145.51475744715,-119.4992212419,12.6));
#6214 = LINE('',#6215,#6216);
#6215 = CARTESIAN_POINT('',(145.51475744715,-119.4992212419,12.6));
#6216 = VECTOR('',#6217,1.);
#6217 = DIRECTION('',(0.,0.,1.));
#6218 = ORIENTED_EDGE('',*,*,#3150,.T.);
#6219 = ORIENTED_EDGE('',*,*,#6187,.F.);
#6220 = ORIENTED_EDGE('',*,*,#6221,.F.);
#6221 = EDGE_CURVE('',#6212,#6188,#6222,.T.);
#6222 = LINE('',#6223,#6224);
#6223 = CARTESIAN_POINT('',(145.51475744715,-119.4992212419,12.6));
#6224 = VECTOR('',#6225,1.);
#6225 = DIRECTION('',(-0.335508228739,0.942037275509,0.));
#6226 = PLANE('',#6227);
#6227 = AXIS2_PLACEMENT_3D('',#6228,#6229,#6230);
#6228 = CARTESIAN_POINT('',(145.51475744715,-119.4992212419,12.6));
#6229 = DIRECTION('',(-0.942037275509,-0.335508228739,0.));
#6230 = DIRECTION('',(-0.335508228739,0.942037275509,0.));
#6231 = ADVANCED_FACE('',(#6232),#6250,.F.);
#6232 = FACE_BOUND('',#6233,.F.);
#6233 = EDGE_LOOP('',(#6234,#6242,#6243,#6244));
#6234 = ORIENTED_EDGE('',*,*,#6235,.T.);
#6235 = EDGE_CURVE('',#6236,#3135,#6238,.T.);
#6236 = VERTEX_POINT('',#6237);
#6237 = CARTESIAN_POINT('',(146.4991309178,-119.4974860463,12.6));
#6238 = LINE('',#6239,#6240);
#6239 = CARTESIAN_POINT('',(146.4991309178,-119.4974860463,12.6));
#6240 = VECTOR('',#6241,1.);
#6241 = DIRECTION('',(0.,0.,1.));
#6242 = ORIENTED_EDGE('',*,*,#3142,.T.);
#6243 = ORIENTED_EDGE('',*,*,#6211,.F.);
#6244 = ORIENTED_EDGE('',*,*,#6245,.F.);
#6245 = EDGE_CURVE('',#6236,#6212,#6246,.T.);
#6246 = LINE('',#6247,#6248);
#6247 = CARTESIAN_POINT('',(146.4991309178,-119.4974860463,12.6));
#6248 = VECTOR('',#6249,1.);
#6249 = DIRECTION('',(-0.999998446376,-1.762738357939E-03,0.));
#6250 = PLANE('',#6251);
#6251 = AXIS2_PLACEMENT_3D('',#6252,#6253,#6254);
#6252 = CARTESIAN_POINT('',(146.4991309178,-119.4974860463,12.6));
#6253 = DIRECTION('',(1.762738357939E-03,-0.999998446376,0.));
#6254 = DIRECTION('',(-0.999998446376,-1.762738357939E-03,0.));
#6255 = ADVANCED_FACE('',(#6256),#6274,.F.);
#6256 = FACE_BOUND('',#6257,.F.);
#6257 = EDGE_LOOP('',(#6258,#6266,#6267,#6268));
#6258 = ORIENTED_EDGE('',*,*,#6259,.T.);
#6259 = EDGE_CURVE('',#6260,#3127,#6262,.T.);
#6260 = VERTEX_POINT('',#6261);
#6261 = CARTESIAN_POINT('',(143.8196083931,-112.5021984754,12.6));
#6262 = LINE('',#6263,#6264);
#6263 = CARTESIAN_POINT('',(143.8196083931,-112.5021984754,12.6));
#6264 = VECTOR('',#6265,1.);
#6265 = DIRECTION('',(0.,0.,1.));
#6266 = ORIENTED_EDGE('',*,*,#3134,.T.);
#6267 = ORIENTED_EDGE('',*,*,#6235,.F.);
#6268 = ORIENTED_EDGE('',*,*,#6269,.F.);
#6269 = EDGE_CURVE('',#6260,#6236,#6270,.T.);
#6270 = LINE('',#6271,#6272);
#6271 = CARTESIAN_POINT('',(143.8196083931,-112.5021984754,12.6));
#6272 = VECTOR('',#6273,1.);
#6273 = DIRECTION('',(0.357702707331,-0.933835517191,0.));
#6274 = PLANE('',#6275);
#6275 = AXIS2_PLACEMENT_3D('',#6276,#6277,#6278);
#6276 = CARTESIAN_POINT('',(143.8196083931,-112.5021984754,12.6));
#6277 = DIRECTION('',(0.933835517191,0.357702707331,0.));
#6278 = DIRECTION('',(0.357702707331,-0.933835517191,0.));
#6279 = ADVANCED_FACE('',(#6280),#6291,.F.);
#6280 = FACE_BOUND('',#6281,.F.);
#6281 = EDGE_LOOP('',(#6282,#6283,#6284,#6285));
#6282 = ORIENTED_EDGE('',*,*,#6117,.T.);
#6283 = ORIENTED_EDGE('',*,*,#3126,.T.);
#6284 = ORIENTED_EDGE('',*,*,#6259,.F.);
#6285 = ORIENTED_EDGE('',*,*,#6286,.F.);
#6286 = EDGE_CURVE('',#6118,#6260,#6287,.T.);
#6287 = LINE('',#6288,#6289);
#6288 = CARTESIAN_POINT('',(142.74617256082,-112.5040906648,12.6));
#6289 = VECTOR('',#6290,1.);
#6290 = DIRECTION('',(0.999998446376,1.762738357939E-03,0.));
#6291 = PLANE('',#6292);
#6292 = AXIS2_PLACEMENT_3D('',#6293,#6294,#6295);
#6293 = CARTESIAN_POINT('',(142.74617256082,-112.5040906648,12.6));
#6294 = DIRECTION('',(-1.762738357939E-03,0.999998446376,0.));
#6295 = DIRECTION('',(0.999998446376,1.762738357939E-03,0.));
#6296 = ADVANCED_FACE('',(#6297),#6322,.F.);
#6297 = FACE_BOUND('',#6298,.F.);
#6298 = EDGE_LOOP('',(#6299,#6307,#6308,#6316));
#6299 = ORIENTED_EDGE('',*,*,#6300,.T.);
#6300 = EDGE_CURVE('',#6301,#3183,#6303,.T.);
#6301 = VERTEX_POINT('',#6302);
#6302 = CARTESIAN_POINT('',(126.23606351936,-97.87229059278,12.6));
#6303 = LINE('',#6304,#6305);
#6304 = CARTESIAN_POINT('',(126.23606351936,-97.87229059278,12.6));
#6305 = VECTOR('',#6306,1.);
#6306 = DIRECTION('',(0.,0.,1.));
#6307 = ORIENTED_EDGE('',*,*,#3182,.T.);
#6308 = ORIENTED_EDGE('',*,*,#6309,.F.);
#6309 = EDGE_CURVE('',#6310,#3185,#6312,.T.);
#6310 = VERTEX_POINT('',#6311);
#6311 = CARTESIAN_POINT('',(128.76234079876,-96.82185365207,12.6));
#6312 = LINE('',#6313,#6314);
#6313 = CARTESIAN_POINT('',(128.76234079876,-96.82185365207,12.6));
#6314 = VECTOR('',#6315,1.);
#6315 = DIRECTION('',(0.,0.,1.));
#6316 = ORIENTED_EDGE('',*,*,#6317,.F.);
#6317 = EDGE_CURVE('',#6301,#6310,#6318,.T.);
#6318 = B_SPLINE_CURVE_WITH_KNOTS('',2,(#6319,#6320,#6321),
  .UNSPECIFIED.,.F.,.F.,(3,3),(0.,1.),.PIECEWISE_BEZIER_KNOTS.);
#6319 = CARTESIAN_POINT('',(126.23606351936,-97.87229059278,12.6));
#6320 = CARTESIAN_POINT('',(127.14850402035,-96.82469842848,12.6));
#6321 = CARTESIAN_POINT('',(128.76234079876,-96.82185365207,12.6));
#6322 = SURFACE_OF_LINEAR_EXTRUSION('',#6323,#6327);
#6323 = B_SPLINE_CURVE_WITH_KNOTS('',2,(#6324,#6325,#6326),
  .UNSPECIFIED.,.F.,.F.,(3,3),(0.,1.),.PIECEWISE_BEZIER_KNOTS.);
#6324 = CARTESIAN_POINT('',(126.23606351936,-97.87229059278,12.6));
#6325 = CARTESIAN_POINT('',(127.14850402035,-96.82469842848,12.6));
#6326 = CARTESIAN_POINT('',(128.76234079876,-96.82185365207,12.6));
#6327 = VECTOR('',#6328,1.);
#6328 = DIRECTION('',(-0.,-0.,-1.));
#6329 = ADVANCED_FACE('',(#6330),#6348,.F.);
#6330 = FACE_BOUND('',#6331,.F.);
#6331 = EDGE_LOOP('',(#6332,#6340,#6341,#6342));
#6332 = ORIENTED_EDGE('',*,*,#6333,.T.);
#6333 = EDGE_CURVE('',#6334,#3233,#6336,.T.);
#6334 = VERTEX_POINT('',#6335);
#6335 = CARTESIAN_POINT('',(125.32733208609,-100.7707719516,12.6));
#6336 = LINE('',#6337,#6338);
#6337 = CARTESIAN_POINT('',(125.32733208609,-100.7707719516,12.6));
#6338 = VECTOR('',#6339,1.);
#6339 = DIRECTION('',(0.,0.,1.));
#6340 = ORIENTED_EDGE('',*,*,#3240,.T.);
#6341 = ORIENTED_EDGE('',*,*,#6300,.F.);
#6342 = ORIENTED_EDGE('',*,*,#6343,.F.);
#6343 = EDGE_CURVE('',#6334,#6301,#6344,.T.);
#6344 = B_SPLINE_CURVE_WITH_KNOTS('',2,(#6345,#6346,#6347),
  .UNSPECIFIED.,.F.,.F.,(3,3),(0.,1.),.PIECEWISE_BEZIER_KNOTS.);
#6345 = CARTESIAN_POINT('',(125.32733208609,-100.7707719516,12.6));
#6346 = CARTESIAN_POINT('',(125.32406944626,-98.91988197013,12.6));
#6347 = CARTESIAN_POINT('',(126.23606351936,-97.87229059278,12.6));
#6348 = SURFACE_OF_LINEAR_EXTRUSION('',#6349,#6353);
#6349 = B_SPLINE_CURVE_WITH_KNOTS('',2,(#6350,#6351,#6352),
  .UNSPECIFIED.,.F.,.F.,(3,3),(0.,1.),.PIECEWISE_BEZIER_KNOTS.);
#6350 = CARTESIAN_POINT('',(125.32733208609,-100.7707719516,12.6));
#6351 = CARTESIAN_POINT('',(125.32406944626,-98.91988197013,12.6));
#6352 = CARTESIAN_POINT('',(126.23606351936,-97.87229059278,12.6));
#6353 = VECTOR('',#6354,1.);
#6354 = DIRECTION('',(-0.,-0.,-1.));
#6355 = ADVANCED_FACE('',(#6356),#6374,.F.);
#6356 = FACE_BOUND('',#6357,.F.);
#6357 = EDGE_LOOP('',(#6358,#6366,#6367,#6368));
#6358 = ORIENTED_EDGE('',*,*,#6359,.T.);
#6359 = EDGE_CURVE('',#6360,#3225,#6362,.T.);
#6360 = VERTEX_POINT('',#6361);
#6361 = CARTESIAN_POINT('',(126.24627087617,-103.6629065963,12.6));
#6362 = LINE('',#6363,#6364);
#6363 = CARTESIAN_POINT('',(126.24627087617,-103.6629065963,12.6));
#6364 = VECTOR('',#6365,1.);
#6365 = DIRECTION('',(0.,0.,1.));
#6366 = ORIENTED_EDGE('',*,*,#3232,.T.);
#6367 = ORIENTED_EDGE('',*,*,#6333,.F.);
#6368 = ORIENTED_EDGE('',*,*,#6369,.F.);
#6369 = EDGE_CURVE('',#6360,#6334,#6370,.T.);
#6370 = B_SPLINE_CURVE_WITH_KNOTS('',2,(#6371,#6372,#6373),
  .UNSPECIFIED.,.F.,.F.,(3,3),(0.,1.),.PIECEWISE_BEZIER_KNOTS.);
#6371 = CARTESIAN_POINT('',(126.24627087617,-103.6629065963,12.6));
#6372 = CARTESIAN_POINT('',(125.33058292187,-102.614965515,12.6));
#6373 = CARTESIAN_POINT('',(125.32733208609,-100.7707719516,12.6));
#6374 = SURFACE_OF_LINEAR_EXTRUSION('',#6375,#6379);
#6375 = B_SPLINE_CURVE_WITH_KNOTS('',2,(#6376,#6377,#6378),
  .UNSPECIFIED.,.F.,.F.,(3,3),(0.,1.),.PIECEWISE_BEZIER_KNOTS.);
#6376 = CARTESIAN_POINT('',(126.24627087617,-103.6629065963,12.6));
#6377 = CARTESIAN_POINT('',(125.33058292187,-102.614965515,12.6));
#6378 = CARTESIAN_POINT('',(125.32733208609,-100.7707719516,12.6));
#6379 = VECTOR('',#6380,1.);
#6380 = DIRECTION('',(-0.,-0.,-1.));
#6381 = ADVANCED_FACE('',(#6382),#6400,.F.);
#6382 = FACE_BOUND('',#6383,.F.);
#6383 = EDGE_LOOP('',(#6384,#6392,#6393,#6394));
#6384 = ORIENTED_EDGE('',*,*,#6385,.T.);
#6385 = EDGE_CURVE('',#6386,#3217,#6388,.T.);
#6386 = VERTEX_POINT('',#6387);
#6387 = CARTESIAN_POINT('',(128.77624124981,-104.7075556863,12.6));
#6388 = LINE('',#6389,#6390);
#6389 = CARTESIAN_POINT('',(128.77624124981,-104.7075556863,12.6));
#6390 = VECTOR('',#6391,1.);
#6391 = DIRECTION('',(0.,0.,1.));
#6392 = ORIENTED_EDGE('',*,*,#3224,.T.);
#6393 = ORIENTED_EDGE('',*,*,#6359,.F.);
#6394 = ORIENTED_EDGE('',*,*,#6395,.F.);
#6395 = EDGE_CURVE('',#6386,#6360,#6396,.T.);
#6396 = B_SPLINE_CURVE_WITH_KNOTS('',2,(#6397,#6398,#6399),
  .UNSPECIFIED.,.F.,.F.,(3,3),(0.,1.),.PIECEWISE_BEZIER_KNOTS.);
#6397 = CARTESIAN_POINT('',(128.77624124981,-104.7075556863,12.6));
#6398 = CARTESIAN_POINT('',(127.1624044714,-104.7104004627,12.6));
#6399 = CARTESIAN_POINT('',(126.24627087617,-103.6629065963,12.6));
#6400 = SURFACE_OF_LINEAR_EXTRUSION('',#6401,#6405);
#6401 = B_SPLINE_CURVE_WITH_KNOTS('',2,(#6402,#6403,#6404),
  .UNSPECIFIED.,.F.,.F.,(3,3),(0.,1.),.PIECEWISE_BEZIER_KNOTS.);
#6402 = CARTESIAN_POINT('',(128.77624124981,-104.7075556863,12.6));
#6403 = CARTESIAN_POINT('',(127.1624044714,-104.7104004627,12.6));
#6404 = CARTESIAN_POINT('',(126.24627087617,-103.6629065963,12.6));
#6405 = VECTOR('',#6406,1.);
#6406 = DIRECTION('',(-0.,-0.,-1.));
#6407 = ADVANCED_FACE('',(#6408),#6426,.F.);
#6408 = FACE_BOUND('',#6409,.F.);
#6409 = EDGE_LOOP('',(#6410,#6418,#6419,#6420));
#6410 = ORIENTED_EDGE('',*,*,#6411,.T.);
#6411 = EDGE_CURVE('',#6412,#3209,#6414,.T.);
#6412 = VERTEX_POINT('',#6413);
#6413 = CARTESIAN_POINT('',(131.29894159763,-103.6540000459,12.6));
#6414 = LINE('',#6415,#6416);
#6415 = CARTESIAN_POINT('',(131.29894159763,-103.6540000459,12.6));
#6416 = VECTOR('',#6417,1.);
#6417 = DIRECTION('',(0.,0.,1.));
#6418 = ORIENTED_EDGE('',*,*,#3216,.T.);
#6419 = ORIENTED_EDGE('',*,*,#6385,.F.);
#6420 = ORIENTED_EDGE('',*,*,#6421,.F.);
#6421 = EDGE_CURVE('',#6412,#6386,#6422,.T.);
#6422 = B_SPLINE_CURVE_WITH_KNOTS('',2,(#6423,#6424,#6425),
  .UNSPECIFIED.,.F.,.F.,(3,3),(0.,1.),.PIECEWISE_BEZIER_KNOTS.);
#6423 = CARTESIAN_POINT('',(131.29894159763,-103.6540000459,12.6));
#6424 = CARTESIAN_POINT('',(130.38338161006,-104.7047227139,12.6));
#6425 = CARTESIAN_POINT('',(128.77624124981,-104.7075556863,12.6));
#6426 = SURFACE_OF_LINEAR_EXTRUSION('',#6427,#6431);
#6427 = B_SPLINE_CURVE_WITH_KNOTS('',2,(#6428,#6429,#6430),
  .UNSPECIFIED.,.F.,.F.,(3,3),(0.,1.),.PIECEWISE_BEZIER_KNOTS.);
#6428 = CARTESIAN_POINT('',(131.29894159763,-103.6540000459,12.6));
#6429 = CARTESIAN_POINT('',(130.38338161006,-104.7047227139,12.6));
#6430 = CARTESIAN_POINT('',(128.77624124981,-104.7075556863,12.6));
#6431 = VECTOR('',#6432,1.);
#6432 = DIRECTION('',(-0.,-0.,-1.));
#6433 = ADVANCED_FACE('',(#6434),#6452,.F.);
#6434 = FACE_BOUND('',#6435,.F.);
#6435 = EDGE_LOOP('',(#6436,#6444,#6445,#6446));
#6436 = ORIENTED_EDGE('',*,*,#6437,.T.);
#6437 = EDGE_CURVE('',#6438,#3201,#6440,.T.);
#6438 = VERTEX_POINT('',#6439);
#6439 = CARTESIAN_POINT('',(132.21124996248,-100.7586373867,12.6));
#6440 = LINE('',#6441,#6442);
#6441 = CARTESIAN_POINT('',(132.21124996248,-100.7586373867,12.6));
#6442 = VECTOR('',#6443,1.);
#6443 = DIRECTION('',(0.,0.,1.));
#6444 = ORIENTED_EDGE('',*,*,#3208,.T.);
#6445 = ORIENTED_EDGE('',*,*,#6411,.F.);
#6446 = ORIENTED_EDGE('',*,*,#6447,.F.);
#6447 = EDGE_CURVE('',#6438,#6412,#6448,.T.);
#6448 = B_SPLINE_CURVE_WITH_KNOTS('',2,(#6449,#6450,#6451),
  .UNSPECIFIED.,.F.,.F.,(3,3),(0.,1.),.PIECEWISE_BEZIER_KNOTS.);
#6449 = CARTESIAN_POINT('',(132.21124996248,-100.7586373867,12.6));
#6450 = CARTESIAN_POINT('',(132.21450079826,-102.6028309501,12.6));
#6451 = CARTESIAN_POINT('',(131.29894159763,-103.6540000459,12.6));
#6452 = SURFACE_OF_LINEAR_EXTRUSION('',#6453,#6457);
#6453 = B_SPLINE_CURVE_WITH_KNOTS('',2,(#6454,#6455,#6456),
  .UNSPECIFIED.,.F.,.F.,(3,3),(0.,1.),.PIECEWISE_BEZIER_KNOTS.);
#6454 = CARTESIAN_POINT('',(132.21124996248,-100.7586373867,12.6));
#6455 = CARTESIAN_POINT('',(132.21450079826,-102.6028309501,12.6));
#6456 = CARTESIAN_POINT('',(131.29894159763,-103.6540000459,12.6));
#6457 = VECTOR('',#6458,1.);
#6458 = DIRECTION('',(-0.,-0.,-1.));
#6459 = ADVANCED_FACE('',(#6460),#6478,.F.);
#6460 = FACE_BOUND('',#6461,.F.);
#6461 = EDGE_LOOP('',(#6462,#6470,#6471,#6472));
#6462 = ORIENTED_EDGE('',*,*,#6463,.T.);
#6463 = EDGE_CURVE('',#6464,#3193,#6466,.T.);
#6464 = VERTEX_POINT('',#6465);
#6465 = CARTESIAN_POINT('',(131.28873424082,-97.86338404245,12.6));
#6466 = LINE('',#6467,#6468);
#6467 = CARTESIAN_POINT('',(131.28873424082,-97.86338404245,12.6));
#6468 = VECTOR('',#6469,1.);
#6469 = DIRECTION('',(0.,0.,1.));
#6470 = ORIENTED_EDGE('',*,*,#3200,.T.);
#6471 = ORIENTED_EDGE('',*,*,#6437,.F.);
#6472 = ORIENTED_EDGE('',*,*,#6473,.F.);
#6473 = EDGE_CURVE('',#6464,#6438,#6474,.T.);
#6474 = B_SPLINE_CURVE_WITH_KNOTS('',2,(#6475,#6476,#6477),
  .UNSPECIFIED.,.F.,.F.,(3,3),(0.,1.),.PIECEWISE_BEZIER_KNOTS.);
#6475 = CARTESIAN_POINT('',(131.28873424082,-97.86338404245,12.6));
#6476 = CARTESIAN_POINT('',(132.20798732264,-98.90774740518,12.6));
#6477 = CARTESIAN_POINT('',(132.21124996248,-100.7586373867,12.6));
#6478 = SURFACE_OF_LINEAR_EXTRUSION('',#6479,#6483);
#6479 = B_SPLINE_CURVE_WITH_KNOTS('',2,(#6480,#6481,#6482),
  .UNSPECIFIED.,.F.,.F.,(3,3),(0.,1.),.PIECEWISE_BEZIER_KNOTS.);
#6480 = CARTESIAN_POINT('',(131.28873424082,-97.86338404245,12.6));
#6481 = CARTESIAN_POINT('',(132.20798732264,-98.90774740518,12.6));
#6482 = CARTESIAN_POINT('',(132.21124996248,-100.7586373867,12.6));
#6483 = VECTOR('',#6484,1.);
#6484 = DIRECTION('',(-0.,-0.,-1.));
#6485 = ADVANCED_FACE('',(#6486),#6497,.F.);
#6486 = FACE_BOUND('',#6487,.F.);
#6487 = EDGE_LOOP('',(#6488,#6489,#6490,#6491));
#6488 = ORIENTED_EDGE('',*,*,#6309,.T.);
#6489 = ORIENTED_EDGE('',*,*,#3192,.T.);
#6490 = ORIENTED_EDGE('',*,*,#6463,.F.);
#6491 = ORIENTED_EDGE('',*,*,#6492,.F.);
#6492 = EDGE_CURVE('',#6310,#6464,#6493,.T.);
#6493 = B_SPLINE_CURVE_WITH_KNOTS('',2,(#6494,#6495,#6496),
  .UNSPECIFIED.,.F.,.F.,(3,3),(0.,1.),.PIECEWISE_BEZIER_KNOTS.);
#6494 = CARTESIAN_POINT('',(128.76234079876,-96.82185365207,12.6));
#6495 = CARTESIAN_POINT('',(130.36948115901,-96.81902067971,12.6));
#6496 = CARTESIAN_POINT('',(131.28873424082,-97.86338404245,12.6));
#6497 = SURFACE_OF_LINEAR_EXTRUSION('',#6498,#6502);
#6498 = B_SPLINE_CURVE_WITH_KNOTS('',2,(#6499,#6500,#6501),
  .UNSPECIFIED.,.F.,.F.,(3,3),(0.,1.),.PIECEWISE_BEZIER_KNOTS.);
#6499 = CARTESIAN_POINT('',(128.76234079876,-96.82185365207,12.6));
#6500 = CARTESIAN_POINT('',(130.36948115901,-96.81902067971,12.6));
#6501 = CARTESIAN_POINT('',(131.28873424082,-97.86338404245,12.6));
#6502 = VECTOR('',#6503,1.);
#6503 = DIRECTION('',(-0.,-0.,-1.));
#6504 = ADVANCED_FACE('',(#6505),#6530,.F.);
#6505 = FACE_BOUND('',#6506,.F.);
#6506 = EDGE_LOOP('',(#6507,#6515,#6516,#6524));
#6507 = ORIENTED_EDGE('',*,*,#6508,.T.);
#6508 = EDGE_CURVE('',#6509,#3249,#6511,.T.);
#6509 = VERTEX_POINT('',#6510);
#6510 = CARTESIAN_POINT('',(134.23251789627,-94.8407795118,12.6));
#6511 = LINE('',#6512,#6513);
#6512 = CARTESIAN_POINT('',(134.23251789627,-94.8407795118,12.6));
#6513 = VECTOR('',#6514,1.);
#6514 = DIRECTION('',(0.,0.,1.));
#6515 = ORIENTED_EDGE('',*,*,#3248,.T.);
#6516 = ORIENTED_EDGE('',*,*,#6517,.F.);
#6517 = EDGE_CURVE('',#6518,#3251,#6520,.T.);
#6518 = VERTEX_POINT('',#6519);
#6519 = CARTESIAN_POINT('',(135.47135525729,-94.83859576227,12.6));
#6520 = LINE('',#6521,#6522);
#6521 = CARTESIAN_POINT('',(135.47135525729,-94.83859576227,12.6));
#6522 = VECTOR('',#6523,1.);
#6523 = DIRECTION('',(0.,0.,1.));
#6524 = ORIENTED_EDGE('',*,*,#6525,.F.);
#6525 = EDGE_CURVE('',#6509,#6518,#6526,.T.);
#6526 = LINE('',#6527,#6528);
#6527 = CARTESIAN_POINT('',(134.23251789627,-94.8407795118,12.6));
#6528 = VECTOR('',#6529,1.);
#6529 = DIRECTION('',(0.999998446376,1.762738357939E-03,0.));
#6530 = PLANE('',#6531);
#6531 = AXIS2_PLACEMENT_3D('',#6532,#6533,#6534);
#6532 = CARTESIAN_POINT('',(134.23251789627,-94.8407795118,12.6));
#6533 = DIRECTION('',(-1.762738357939E-03,0.999998446376,0.));
#6534 = DIRECTION('',(0.999998446376,1.762738357939E-03,0.));
#6535 = ADVANCED_FACE('',(#6536),#6554,.F.);
#6536 = FACE_BOUND('',#6537,.F.);
#6537 = EDGE_LOOP('',(#6538,#6546,#6547,#6548));
#6538 = ORIENTED_EDGE('',*,*,#6539,.T.);
#6539 = EDGE_CURVE('',#6540,#3379,#6542,.T.);
#6540 = VERTEX_POINT('',#6541);
#6541 = CARTESIAN_POINT('',(134.23629519275,-96.98363332546,12.6));
#6542 = LINE('',#6543,#6544);
#6543 = CARTESIAN_POINT('',(134.23629519275,-96.98363332546,12.6));
#6544 = VECTOR('',#6545,1.);
#6545 = DIRECTION('',(0.,0.,1.));
#6546 = ORIENTED_EDGE('',*,*,#3386,.T.);
#6547 = ORIENTED_EDGE('',*,*,#6508,.F.);
#6548 = ORIENTED_EDGE('',*,*,#6549,.F.);
#6549 = EDGE_CURVE('',#6540,#6509,#6550,.T.);
#6550 = LINE('',#6551,#6552);
#6551 = CARTESIAN_POINT('',(134.23629519275,-96.98363332546,12.6));
#6552 = VECTOR('',#6553,1.);
#6553 = DIRECTION('',(-1.762738357939E-03,0.999998446376,0.));
#6554 = PLANE('',#6555);
#6555 = AXIS2_PLACEMENT_3D('',#6556,#6557,#6558);
#6556 = CARTESIAN_POINT('',(134.23629519275,-96.98363332546,12.6));
#6557 = DIRECTION('',(-0.999998446376,-1.762738357939E-03,0.));
#6558 = DIRECTION('',(-1.762738357939E-03,0.999998446376,0.));
#6559 = ADVANCED_FACE('',(#6560),#6578,.F.);
#6560 = FACE_BOUND('',#6561,.F.);
#6561 = EDGE_LOOP('',(#6562,#6570,#6571,#6572));
#6562 = ORIENTED_EDGE('',*,*,#6563,.T.);
#6563 = EDGE_CURVE('',#6564,#3371,#6566,.T.);
#6564 = VERTEX_POINT('',#6565);
#6565 = CARTESIAN_POINT('',(133.33227874011,-96.98522687242,12.6));
#6566 = LINE('',#6567,#6568);
#6567 = CARTESIAN_POINT('',(133.33227874011,-96.98522687242,12.6));
#6568 = VECTOR('',#6569,1.);
#6569 = DIRECTION('',(0.,0.,1.));
#6570 = ORIENTED_EDGE('',*,*,#3378,.T.);
#6571 = ORIENTED_EDGE('',*,*,#6539,.F.);
#6572 = ORIENTED_EDGE('',*,*,#6573,.F.);
#6573 = EDGE_CURVE('',#6564,#6540,#6574,.T.);
#6574 = LINE('',#6575,#6576);
#6575 = CARTESIAN_POINT('',(133.33227874011,-96.98522687242,12.6));
#6576 = VECTOR('',#6577,1.);
#6577 = DIRECTION('',(0.999998446376,1.762738357939E-03,0.));
#6578 = PLANE('',#6579);
#6579 = AXIS2_PLACEMENT_3D('',#6580,#6581,#6582);
#6580 = CARTESIAN_POINT('',(133.33227874011,-96.98522687242,12.6));
#6581 = DIRECTION('',(-1.762738357939E-03,0.999998446376,0.));
#6582 = DIRECTION('',(0.999998446376,1.762738357939E-03,0.));
#6583 = ADVANCED_FACE('',(#6584),#6602,.F.);
#6584 = FACE_BOUND('',#6585,.F.);
#6585 = EDGE_LOOP('',(#6586,#6594,#6595,#6596));
#6586 = ORIENTED_EDGE('',*,*,#6587,.T.);
#6587 = EDGE_CURVE('',#6588,#3363,#6590,.T.);
#6588 = VERTEX_POINT('',#6589);
#6589 = CARTESIAN_POINT('',(133.33399111452,-97.95665393461,12.6));
#6590 = LINE('',#6591,#6592);
#6591 = CARTESIAN_POINT('',(133.33399111452,-97.95665393461,12.6));
#6592 = VECTOR('',#6593,1.);
#6593 = DIRECTION('',(0.,0.,1.));
#6594 = ORIENTED_EDGE('',*,*,#3370,.T.);
#6595 = ORIENTED_EDGE('',*,*,#6563,.F.);
#6596 = ORIENTED_EDGE('',*,*,#6597,.F.);
#6597 = EDGE_CURVE('',#6588,#6564,#6598,.T.);
#6598 = LINE('',#6599,#6600);
#6599 = CARTESIAN_POINT('',(133.33399111452,-97.95665393461,12.6));
#6600 = VECTOR('',#6601,1.);
#6601 = DIRECTION('',(-1.762738357939E-03,0.999998446376,0.));
#6602 = PLANE('',#6603);
#6603 = AXIS2_PLACEMENT_3D('',#6604,#6605,#6606);
#6604 = CARTESIAN_POINT('',(133.33399111452,-97.95665393461,12.6));
#6605 = DIRECTION('',(-0.999998446376,-1.762738357939E-03,0.));
#6606 = DIRECTION('',(-1.762738357939E-03,0.999998446376,0.));
#6607 = ADVANCED_FACE('',(#6608),#6626,.F.);
#6608 = FACE_BOUND('',#6609,.F.);
#6609 = EDGE_LOOP('',(#6610,#6618,#6619,#6620));
#6610 = ORIENTED_EDGE('',*,*,#6611,.T.);
#6611 = EDGE_CURVE('',#6612,#3355,#6614,.T.);
#6612 = VERTEX_POINT('',#6613);
#6613 = CARTESIAN_POINT('',(134.23800756716,-97.95506038766,12.6));
#6614 = LINE('',#6615,#6616);
#6615 = CARTESIAN_POINT('',(134.23800756716,-97.95506038766,12.6));
#6616 = VECTOR('',#6617,1.);
#6617 = DIRECTION('',(0.,0.,1.));
#6618 = ORIENTED_EDGE('',*,*,#3362,.T.);
#6619 = ORIENTED_EDGE('',*,*,#6587,.F.);
#6620 = ORIENTED_EDGE('',*,*,#6621,.F.);
#6621 = EDGE_CURVE('',#6612,#6588,#6622,.T.);
#6622 = LINE('',#6623,#6624);
#6623 = CARTESIAN_POINT('',(134.23800756716,-97.95506038766,12.6));
#6624 = VECTOR('',#6625,1.);
#6625 = DIRECTION('',(-0.999998446376,-1.762738357939E-03,0.));
#6626 = PLANE('',#6627);
#6627 = AXIS2_PLACEMENT_3D('',#6628,#6629,#6630);
#6628 = CARTESIAN_POINT('',(134.23800756716,-97.95506038766,12.6));
#6629 = DIRECTION('',(1.762738357939E-03,-0.999998446376,0.));
#6630 = DIRECTION('',(-0.999998446376,-1.762738357939E-03,0.));
#6631 = ADVANCED_FACE('',(#6632),#6650,.F.);
#6632 = FACE_BOUND('',#6633,.F.);
#6633 = EDGE_LOOP('',(#6634,#6642,#6643,#6644));
#6634 = ORIENTED_EDGE('',*,*,#6635,.T.);
#6635 = EDGE_CURVE('',#6636,#3347,#6638,.T.);
#6636 = VERTEX_POINT('',#6637);
#6637 = CARTESIAN_POINT('',(134.24518836515,-102.028714773,12.6));
#6638 = LINE('',#6639,#6640);
#6639 = CARTESIAN_POINT('',(134.24518836515,-102.028714773,12.6));
#6640 = VECTOR('',#6641,1.);
#6641 = DIRECTION('',(0.,0.,1.));
#6642 = ORIENTED_EDGE('',*,*,#3354,.T.);
#6643 = ORIENTED_EDGE('',*,*,#6611,.F.);
#6644 = ORIENTED_EDGE('',*,*,#6645,.F.);
#6645 = EDGE_CURVE('',#6636,#6612,#6646,.T.);
#6646 = LINE('',#6647,#6648);
#6647 = CARTESIAN_POINT('',(134.24518836515,-102.028714773,12.6));
#6648 = VECTOR('',#6649,1.);
#6649 = DIRECTION('',(-1.762738357939E-03,0.999998446376,0.));
#6650 = PLANE('',#6651);
#6651 = AXIS2_PLACEMENT_3D('',#6652,#6653,#6654);
#6652 = CARTESIAN_POINT('',(134.24518836515,-102.028714773,12.6));
#6653 = DIRECTION('',(-0.999998446376,-1.762738357939E-03,0.));
#6654 = DIRECTION('',(-1.762738357939E-03,0.999998446376,0.));
#6655 = ADVANCED_FACE('',(#6656),#6674,.F.);
#6656 = FACE_BOUND('',#6657,.F.);
#6657 = EDGE_LOOP('',(#6658,#6666,#6667,#6668));
#6658 = ORIENTED_EDGE('',*,*,#6659,.T.);
#6659 = EDGE_CURVE('',#6660,#3339,#6662,.T.);
#6660 = VERTEX_POINT('',#6661);
#6661 = CARTESIAN_POINT('',(134.79101354231,-103.9652556346,12.6));
#6662 = LINE('',#6663,#6664);
#6663 = CARTESIAN_POINT('',(134.79101354231,-103.9652556346,12.6));
#6664 = VECTOR('',#6665,1.);
#6665 = DIRECTION('',(0.,0.,1.));
#6666 = ORIENTED_EDGE('',*,*,#3346,.T.);
#6667 = ORIENTED_EDGE('',*,*,#6635,.F.);
#6668 = ORIENTED_EDGE('',*,*,#6669,.F.);
#6669 = EDGE_CURVE('',#6660,#6636,#6670,.T.);
#6670 = B_SPLINE_CURVE_WITH_KNOTS('',2,(#6671,#6672,#6673),
  .UNSPECIFIED.,.F.,.F.,(3,3),(0.,1.),.PIECEWISE_BEZIER_KNOTS.);
#6671 = CARTESIAN_POINT('',(134.79101354231,-103.9652556346,12.6));
#6672 = CARTESIAN_POINT('',(134.2476656421,-103.4340697324,12.6));
#6673 = CARTESIAN_POINT('',(134.24518836515,-102.028714773,12.6));
#6674 = SURFACE_OF_LINEAR_EXTRUSION('',#6675,#6679);
#6675 = B_SPLINE_CURVE_WITH_KNOTS('',2,(#6676,#6677,#6678),
  .UNSPECIFIED.,.F.,.F.,(3,3),(0.,1.),.PIECEWISE_BEZIER_KNOTS.);
#6676 = CARTESIAN_POINT('',(134.79101354231,-103.9652556346,12.6));
#6677 = CARTESIAN_POINT('',(134.2476656421,-103.4340697324,12.6));
#6678 = CARTESIAN_POINT('',(134.24518836515,-102.028714773,12.6));
#6679 = VECTOR('',#6680,1.);
#6680 = DIRECTION('',(-0.,-0.,-1.));
#6681 = ADVANCED_FACE('',(#6682),#6700,.F.);
#6682 = FACE_BOUND('',#6683,.F.);
#6683 = EDGE_LOOP('',(#6684,#6692,#6693,#6694));
#6684 = ORIENTED_EDGE('',*,*,#6685,.T.);
#6685 = EDGE_CURVE('',#6686,#3331,#6688,.T.);
#6686 = VERTEX_POINT('',#6687);
#6687 = CARTESIAN_POINT('',(136.7606977253,-104.493480846,12.6));
#6688 = LINE('',#6689,#6690);
#6689 = CARTESIAN_POINT('',(136.7606977253,-104.493480846,12.6));
#6690 = VECTOR('',#6691,1.);
#6691 = DIRECTION('',(0.,0.,1.));
#6692 = ORIENTED_EDGE('',*,*,#3338,.T.);
#6693 = ORIENTED_EDGE('',*,*,#6659,.F.);
#6694 = ORIENTED_EDGE('',*,*,#6695,.F.);
#6695 = EDGE_CURVE('',#6686,#6660,#6696,.T.);
#6696 = B_SPLINE_CURVE_WITH_KNOTS('',2,(#6697,#6698,#6699),
  .UNSPECIFIED.,.F.,.F.,(3,3),(0.,1.),.PIECEWISE_BEZIER_KNOTS.);
#6697 = CARTESIAN_POINT('',(136.7606977253,-104.493480846,12.6));
#6698 = CARTESIAN_POINT('',(135.33436065558,-104.495995109,12.6));
#6699 = CARTESIAN_POINT('',(134.79101354231,-103.9652556346,12.6));
#6700 = SURFACE_OF_LINEAR_EXTRUSION('',#6701,#6705);
#6701 = B_SPLINE_CURVE_WITH_KNOTS('',2,(#6702,#6703,#6704),
  .UNSPECIFIED.,.F.,.F.,(3,3),(0.,1.),.PIECEWISE_BEZIER_KNOTS.);
#6702 = CARTESIAN_POINT('',(136.7606977253,-104.493480846,12.6));
#6703 = CARTESIAN_POINT('',(135.33436065558,-104.495995109,12.6));
#6704 = CARTESIAN_POINT('',(134.79101354231,-103.9652556346,12.6));
#6705 = VECTOR('',#6706,1.);
#6706 = DIRECTION('',(-0.,-0.,-1.));
#6707 = ADVANCED_FACE('',(#6708),#6726,.F.);
#6708 = FACE_BOUND('',#6709,.F.);
#6709 = EDGE_LOOP('',(#6710,#6718,#6719,#6720));
#6710 = ORIENTED_EDGE('',*,*,#6711,.T.);
#6711 = EDGE_CURVE('',#6712,#3323,#6714,.T.);
#6712 = VERTEX_POINT('',#6713);
#6713 = CARTESIAN_POINT('',(138.02632075899,-104.4912498803,12.6));
#6714 = LINE('',#6715,#6716);
#6715 = CARTESIAN_POINT('',(138.02632075899,-104.4912498803,12.6));
#6716 = VECTOR('',#6717,1.);
#6717 = DIRECTION('',(0.,0.,1.));
#6718 = ORIENTED_EDGE('',*,*,#3330,.T.);
#6719 = ORIENTED_EDGE('',*,*,#6685,.F.);
#6720 = ORIENTED_EDGE('',*,*,#6721,.F.);
#6721 = EDGE_CURVE('',#6712,#6686,#6722,.T.);
#6722 = LINE('',#6723,#6724);
#6723 = CARTESIAN_POINT('',(138.02632075899,-104.4912498803,12.6));
#6724 = VECTOR('',#6725,1.);
#6725 = DIRECTION('',(-0.999998446376,-1.762738357939E-03,0.));
#6726 = PLANE('',#6727);
#6727 = AXIS2_PLACEMENT_3D('',#6728,#6729,#6730);
#6728 = CARTESIAN_POINT('',(138.02632075899,-104.4912498803,12.6));
#6729 = DIRECTION('',(1.762738357939E-03,-0.999998446376,0.));
#6730 = DIRECTION('',(-0.999998446376,-1.762738357939E-03,0.));
#6731 = ADVANCED_FACE('',(#6732),#6750,.F.);
#6732 = FACE_BOUND('',#6733,.F.);
#6733 = EDGE_LOOP('',(#6734,#6742,#6743,#6744));
#6734 = ORIENTED_EDGE('',*,*,#6735,.T.);
#6735 = EDGE_CURVE('',#6736,#3315,#6738,.T.);
#6736 = VERTEX_POINT('',#6737);
#6737 = CARTESIAN_POINT('',(138.02450765668,-103.4626800497,12.6));
#6738 = LINE('',#6739,#6740);
#6739 = CARTESIAN_POINT('',(138.02450765668,-103.4626800497,12.6));
#6740 = VECTOR('',#6741,1.);
#6741 = DIRECTION('',(0.,0.,1.));
#6742 = ORIENTED_EDGE('',*,*,#3322,.T.);
#6743 = ORIENTED_EDGE('',*,*,#6711,.F.);
#6744 = ORIENTED_EDGE('',*,*,#6745,.F.);
#6745 = EDGE_CURVE('',#6736,#6712,#6746,.T.);
#6746 = LINE('',#6747,#6748);
#6747 = CARTESIAN_POINT('',(138.02450765668,-103.4626800497,12.6));
#6748 = VECTOR('',#6749,1.);
#6749 = DIRECTION('',(1.762738357939E-03,-0.999998446376,0.));
#6750 = PLANE('',#6751);
#6751 = AXIS2_PLACEMENT_3D('',#6752,#6753,#6754);
#6752 = CARTESIAN_POINT('',(138.02450765668,-103.4626800497,12.6));
#6753 = DIRECTION('',(0.999998446376,1.762738357939E-03,0.));
#6754 = DIRECTION('',(1.762738357939E-03,-0.999998446376,0.));
#6755 = ADVANCED_FACE('',(#6756),#6774,.F.);
#6756 = FACE_BOUND('',#6757,.F.);
#6757 = EDGE_LOOP('',(#6758,#6766,#6767,#6768));
#6758 = ORIENTED_EDGE('',*,*,#6759,.T.);
#6759 = EDGE_CURVE('',#6760,#3307,#6762,.T.);
#6760 = VERTEX_POINT('',#6761);
#6761 = CARTESIAN_POINT('',(136.75888462299,-103.4649110155,12.6));
#6762 = LINE('',#6763,#6764);
#6763 = CARTESIAN_POINT('',(136.75888462299,-103.4649110155,12.6));
#6764 = VECTOR('',#6765,1.);
#6765 = DIRECTION('',(0.,0.,1.));
#6766 = ORIENTED_EDGE('',*,*,#3314,.T.);
#6767 = ORIENTED_EDGE('',*,*,#6735,.F.);
#6768 = ORIENTED_EDGE('',*,*,#6769,.F.);
#6769 = EDGE_CURVE('',#6760,#6736,#6770,.T.);
#6770 = LINE('',#6771,#6772);
#6771 = CARTESIAN_POINT('',(136.75888462299,-103.4649110155,12.6));
#6772 = VECTOR('',#6773,1.);
#6773 = DIRECTION('',(0.999998446376,1.762738357939E-03,0.));
#6774 = PLANE('',#6775);
#6775 = AXIS2_PLACEMENT_3D('',#6776,#6777,#6778);
#6776 = CARTESIAN_POINT('',(136.75888462299,-103.4649110155,12.6));
#6777 = DIRECTION('',(-1.762738357939E-03,0.999998446376,0.));
#6778 = DIRECTION('',(0.999998446376,1.762738357939E-03,0.));
#6779 = ADVANCED_FACE('',(#6780),#6798,.F.);
#6780 = FACE_BOUND('',#6781,.F.);
#6781 = EDGE_LOOP('',(#6782,#6790,#6791,#6792));
#6782 = ORIENTED_EDGE('',*,*,#6783,.T.);
#6783 = EDGE_CURVE('',#6784,#3299,#6786,.T.);
#6784 = VERTEX_POINT('',#6785);
#6785 = CARTESIAN_POINT('',(135.73699728046,-103.2055512182,12.6));
#6786 = LINE('',#6787,#6788);
#6787 = CARTESIAN_POINT('',(135.73699728046,-103.2055512182,12.6));
#6788 = VECTOR('',#6789,1.);
#6789 = DIRECTION('',(0.,0.,1.));
#6790 = ORIENTED_EDGE('',*,*,#3306,.T.);
#6791 = ORIENTED_EDGE('',*,*,#6759,.F.);
#6792 = ORIENTED_EDGE('',*,*,#6793,.F.);
#6793 = EDGE_CURVE('',#6784,#6760,#6794,.T.);
#6794 = B_SPLINE_CURVE_WITH_KNOTS('',2,(#6795,#6796,#6797),
  .UNSPECIFIED.,.F.,.F.,(3,3),(0.,1.),.PIECEWISE_BEZIER_KNOTS.);
#6795 = CARTESIAN_POINT('',(135.73699728046,-103.2055512182,12.6));
#6796 = CARTESIAN_POINT('',(135.9887965337,-103.4662684814,12.6));
#6797 = CARTESIAN_POINT('',(136.75888462299,-103.4649110155,12.6));
#6798 = SURFACE_OF_LINEAR_EXTRUSION('',#6799,#6803);
#6799 = B_SPLINE_CURVE_WITH_KNOTS('',2,(#6800,#6801,#6802),
  .UNSPECIFIED.,.F.,.F.,(3,3),(0.,1.),.PIECEWISE_BEZIER_KNOTS.);
#6800 = CARTESIAN_POINT('',(135.73699728046,-103.2055512182,12.6));
#6801 = CARTESIAN_POINT('',(135.9887965337,-103.4662684814,12.6));
#6802 = CARTESIAN_POINT('',(136.75888462299,-103.4649110155,12.6));
#6803 = VECTOR('',#6804,1.);
#6804 = DIRECTION('',(-0.,-0.,-1.));
#6805 = ADVANCED_FACE('',(#6806),#6824,.F.);
#6806 = FACE_BOUND('',#6807,.F.);
#6807 = EDGE_LOOP('',(#6808,#6816,#6817,#6818));
#6808 = ORIENTED_EDGE('',*,*,#6809,.T.);
#6809 = EDGE_CURVE('',#6810,#3291,#6812,.T.);
#6810 = VERTEX_POINT('',#6811);
#6811 = CARTESIAN_POINT('',(135.48402572618,-102.0265310234,12.6));
#6812 = LINE('',#6813,#6814);
#6813 = CARTESIAN_POINT('',(135.48402572618,-102.0265310234,12.6));
#6814 = VECTOR('',#6815,1.);
#6815 = DIRECTION('',(0.,0.,1.));
#6816 = ORIENTED_EDGE('',*,*,#3298,.T.);
#6817 = ORIENTED_EDGE('',*,*,#6783,.F.);
#6818 = ORIENTED_EDGE('',*,*,#6819,.F.);
#6819 = EDGE_CURVE('',#6810,#6784,#6820,.T.);
#6820 = B_SPLINE_CURVE_WITH_KNOTS('',2,(#6821,#6822,#6823),
  .UNSPECIFIED.,.F.,.F.,(3,3),(0.,1.),.PIECEWISE_BEZIER_KNOTS.);
#6821 = CARTESIAN_POINT('',(135.48402572618,-102.0265310234,12.6));
#6822 = CARTESIAN_POINT('',(135.48564366817,-102.9443867403,12.6));
#6823 = CARTESIAN_POINT('',(135.73699728046,-103.2055512182,12.6));
#6824 = SURFACE_OF_LINEAR_EXTRUSION('',#6825,#6829);
#6825 = B_SPLINE_CURVE_WITH_KNOTS('',2,(#6826,#6827,#6828),
  .UNSPECIFIED.,.F.,.F.,(3,3),(0.,1.),.PIECEWISE_BEZIER_KNOTS.);
#6826 = CARTESIAN_POINT('',(135.48402572618,-102.0265310234,12.6));
#6827 = CARTESIAN_POINT('',(135.48564366817,-102.9443867403,12.6));
#6828 = CARTESIAN_POINT('',(135.73699728046,-103.2055512182,12.6));
#6829 = VECTOR('',#6830,1.);
#6830 = DIRECTION('',(-0.,-0.,-1.));
#6831 = ADVANCED_FACE('',(#6832),#6850,.F.);
#6832 = FACE_BOUND('',#6833,.F.);
#6833 = EDGE_LOOP('',(#6834,#6842,#6843,#6844));
#6834 = ORIENTED_EDGE('',*,*,#6835,.T.);
#6835 = EDGE_CURVE('',#6836,#3283,#6838,.T.);
#6836 = VERTEX_POINT('',#6837);
#6837 = CARTESIAN_POINT('',(135.47684492818,-97.95287663813,12.6));
#6838 = LINE('',#6839,#6840);
#6839 = CARTESIAN_POINT('',(135.47684492818,-97.95287663813,12.6));
#6840 = VECTOR('',#6841,1.);
#6841 = DIRECTION('',(0.,0.,1.));
#6842 = ORIENTED_EDGE('',*,*,#3290,.T.);
#6843 = ORIENTED_EDGE('',*,*,#6809,.F.);
#6844 = ORIENTED_EDGE('',*,*,#6845,.F.);
#6845 = EDGE_CURVE('',#6836,#6810,#6846,.T.);
#6846 = LINE('',#6847,#6848);
#6847 = CARTESIAN_POINT('',(135.47684492818,-97.95287663813,12.6));
#6848 = VECTOR('',#6849,1.);
#6849 = DIRECTION('',(1.762738357939E-03,-0.999998446376,0.));
#6850 = PLANE('',#6851);
#6851 = AXIS2_PLACEMENT_3D('',#6852,#6853,#6854);
#6852 = CARTESIAN_POINT('',(135.47684492818,-97.95287663813,12.6));
#6853 = DIRECTION('',(0.999998446376,1.762738357939E-03,0.));
#6854 = DIRECTION('',(1.762738357939E-03,-0.999998446376,0.));
#6855 = ADVANCED_FACE('',(#6856),#6874,.F.);
#6856 = FACE_BOUND('',#6857,.F.);
#6857 = EDGE_LOOP('',(#6858,#6866,#6867,#6868));
#6858 = ORIENTED_EDGE('',*,*,#6859,.T.);
#6859 = EDGE_CURVE('',#6860,#3275,#6862,.T.);
#6860 = VERTEX_POINT('',#6861);
#6861 = CARTESIAN_POINT('',(138.01478741373,-97.94840290261,12.6));
#6862 = LINE('',#6863,#6864);
#6863 = CARTESIAN_POINT('',(138.01478741373,-97.94840290261,12.6));
#6864 = VECTOR('',#6865,1.);
#6865 = DIRECTION('',(0.,0.,1.));
#6866 = ORIENTED_EDGE('',*,*,#3282,.T.);
#6867 = ORIENTED_EDGE('',*,*,#6835,.F.);
#6868 = ORIENTED_EDGE('',*,*,#6869,.F.);
#6869 = EDGE_CURVE('',#6860,#6836,#6870,.T.);
#6870 = LINE('',#6871,#6872);
#6871 = CARTESIAN_POINT('',(138.01478741373,-97.94840290261,12.6));
#6872 = VECTOR('',#6873,1.);
#6873 = DIRECTION('',(-0.999998446376,-1.762738357939E-03,0.));
#6874 = PLANE('',#6875);
#6875 = AXIS2_PLACEMENT_3D('',#6876,#6877,#6878);
#6876 = CARTESIAN_POINT('',(138.01478741373,-97.94840290261,12.6));
#6877 = DIRECTION('',(1.762738357939E-03,-0.999998446376,0.));
#6878 = DIRECTION('',(-0.999998446376,-1.762738357939E-03,0.));
#6879 = ADVANCED_FACE('',(#6880),#6898,.F.);
#6880 = FACE_BOUND('',#6881,.F.);
#6881 = EDGE_LOOP('',(#6882,#6890,#6891,#6892));
#6882 = ORIENTED_EDGE('',*,*,#6883,.T.);
#6883 = EDGE_CURVE('',#6884,#3267,#6886,.T.);
#6884 = VERTEX_POINT('',#6885);
#6885 = CARTESIAN_POINT('',(138.01307503933,-96.97697584042,12.6));
#6886 = LINE('',#6887,#6888);
#6887 = CARTESIAN_POINT('',(138.01307503933,-96.97697584042,12.6));
#6888 = VECTOR('',#6889,1.);
#6889 = DIRECTION('',(0.,0.,1.));
#6890 = ORIENTED_EDGE('',*,*,#3274,.T.);
#6891 = ORIENTED_EDGE('',*,*,#6859,.F.);
#6892 = ORIENTED_EDGE('',*,*,#6893,.F.);
#6893 = EDGE_CURVE('',#6884,#6860,#6894,.T.);
#6894 = LINE('',#6895,#6896);
#6895 = CARTESIAN_POINT('',(138.01307503933,-96.97697584042,12.6));
#6896 = VECTOR('',#6897,1.);
#6897 = DIRECTION('',(1.762738357939E-03,-0.999998446376,0.));
#6898 = PLANE('',#6899);
#6899 = AXIS2_PLACEMENT_3D('',#6900,#6901,#6902);
#6900 = CARTESIAN_POINT('',(138.01307503933,-96.97697584042,12.6));
#6901 = DIRECTION('',(0.999998446376,1.762738357939E-03,0.));
#6902 = DIRECTION('',(1.762738357939E-03,-0.999998446376,0.));
#6903 = ADVANCED_FACE('',(#6904),#6922,.F.);
#6904 = FACE_BOUND('',#6905,.F.);
#6905 = EDGE_LOOP('',(#6906,#6914,#6915,#6916));
#6906 = ORIENTED_EDGE('',*,*,#6907,.T.);
#6907 = EDGE_CURVE('',#6908,#3259,#6910,.T.);
#6908 = VERTEX_POINT('',#6909);
#6909 = CARTESIAN_POINT('',(135.47513255377,-96.98144957594,12.6));
#6910 = LINE('',#6911,#6912);
#6911 = CARTESIAN_POINT('',(135.47513255377,-96.98144957594,12.6));
#6912 = VECTOR('',#6913,1.);
#6913 = DIRECTION('',(0.,0.,1.));
#6914 = ORIENTED_EDGE('',*,*,#3266,.T.);
#6915 = ORIENTED_EDGE('',*,*,#6883,.F.);
#6916 = ORIENTED_EDGE('',*,*,#6917,.F.);
#6917 = EDGE_CURVE('',#6908,#6884,#6918,.T.);
#6918 = LINE('',#6919,#6920);
#6919 = CARTESIAN_POINT('',(135.47513255377,-96.98144957594,12.6));
#6920 = VECTOR('',#6921,1.);
#6921 = DIRECTION('',(0.999998446376,1.762738357939E-03,0.));
#6922 = PLANE('',#6923);
#6923 = AXIS2_PLACEMENT_3D('',#6924,#6925,#6926);
#6924 = CARTESIAN_POINT('',(135.47513255377,-96.98144957594,12.6));
#6925 = DIRECTION('',(-1.762738357939E-03,0.999998446376,0.));
#6926 = DIRECTION('',(0.999998446376,1.762738357939E-03,0.));
#6927 = ADVANCED_FACE('',(#6928),#6939,.F.);
#6928 = FACE_BOUND('',#6929,.F.);
#6929 = EDGE_LOOP('',(#6930,#6931,#6932,#6933));
#6930 = ORIENTED_EDGE('',*,*,#6517,.T.);
#6931 = ORIENTED_EDGE('',*,*,#3258,.T.);
#6932 = ORIENTED_EDGE('',*,*,#6907,.F.);
#6933 = ORIENTED_EDGE('',*,*,#6934,.F.);
#6934 = EDGE_CURVE('',#6518,#6908,#6935,.T.);
#6935 = LINE('',#6936,#6937);
#6936 = CARTESIAN_POINT('',(135.47135525729,-94.83859576227,12.6));
#6937 = VECTOR('',#6938,1.);
#6938 = DIRECTION('',(1.762738357939E-03,-0.999998446376,0.));
#6939 = PLANE('',#6940);
#6940 = AXIS2_PLACEMENT_3D('',#6941,#6942,#6943);
#6941 = CARTESIAN_POINT('',(135.47135525729,-94.83859576227,12.6));
#6942 = DIRECTION('',(0.999998446376,1.762738357939E-03,0.));
#6943 = DIRECTION('',(1.762738357939E-03,-0.999998446376,0.));
#6944 = ADVANCED_FACE('',(#6945),#6970,.F.);
#6945 = FACE_BOUND('',#6946,.F.);
#6946 = EDGE_LOOP('',(#6947,#6955,#6956,#6964));
#6947 = ORIENTED_EDGE('',*,*,#6948,.T.);
#6948 = EDGE_CURVE('',#6949,#3406,#6951,.T.);
#6949 = VERTEX_POINT('',#6950);
#6950 = CARTESIAN_POINT('',(145.67988029679,-104.4777586363,12.6));
#6951 = LINE('',#6952,#6953);
#6952 = CARTESIAN_POINT('',(145.67988029679,-104.4777586363,12.6));
#6953 = VECTOR('',#6954,1.);
#6954 = DIRECTION('',(0.,0.,1.));
#6955 = ORIENTED_EDGE('',*,*,#3405,.T.);
#6956 = ORIENTED_EDGE('',*,*,#6957,.F.);
#6957 = EDGE_CURVE('',#6958,#3408,#6960,.T.);
#6958 = VERTEX_POINT('',#6959);
#6959 = CARTESIAN_POINT('',(143.15779251849,-94.4821888879,12.6));
#6960 = LINE('',#6961,#6962);
#6961 = CARTESIAN_POINT('',(143.15779251849,-94.4821888879,12.6));
#6962 = VECTOR('',#6963,1.);
#6963 = DIRECTION('',(0.,0.,1.));
#6964 = ORIENTED_EDGE('',*,*,#6965,.F.);
#6965 = EDGE_CURVE('',#6949,#6958,#6966,.T.);
#6966 = LINE('',#6967,#6968);
#6967 = CARTESIAN_POINT('',(145.67988029679,-104.4777586363,12.6));
#6968 = VECTOR('',#6969,1.);
#6969 = DIRECTION('',(-0.244652733872,0.969610767168,0.));
#6970 = PLANE('',#6971);
#6971 = AXIS2_PLACEMENT_3D('',#6972,#6973,#6974);
#6972 = CARTESIAN_POINT('',(145.67988029679,-104.4777586363,12.6));
#6973 = DIRECTION('',(-0.969610767168,-0.244652733872,0.));
#6974 = DIRECTION('',(-0.244652733872,0.969610767168,0.));
#6975 = ADVANCED_FACE('',(#6976),#6994,.F.);
#6976 = FACE_BOUND('',#6977,.F.);
#6977 = EDGE_LOOP('',(#6978,#6986,#6987,#6988));
#6978 = ORIENTED_EDGE('',*,*,#6979,.T.);
#6979 = EDGE_CURVE('',#6980,#3496,#6982,.T.);
#6980 = VERTEX_POINT('',#6981);
#6981 = CARTESIAN_POINT('',(147.38077051138,-104.4747604073,12.6));
#6982 = LINE('',#6983,#6984);
#6983 = CARTESIAN_POINT('',(147.38077051138,-104.4747604073,12.6));
#6984 = VECTOR('',#6985,1.);
#6985 = DIRECTION('',(0.,0.,1.));
#6986 = ORIENTED_EDGE('',*,*,#3503,.T.);
#6987 = ORIENTED_EDGE('',*,*,#6948,.F.);
#6988 = ORIENTED_EDGE('',*,*,#6989,.F.);
#6989 = EDGE_CURVE('',#6980,#6949,#6990,.T.);
#6990 = LINE('',#6991,#6992);
#6991 = CARTESIAN_POINT('',(147.38077051138,-104.4747604073,12.6));
#6992 = VECTOR('',#6993,1.);
#6993 = DIRECTION('',(-0.999998446376,-1.762738357939E-03,0.));
#6994 = PLANE('',#6995);
#6995 = AXIS2_PLACEMENT_3D('',#6996,#6997,#6998);
#6996 = CARTESIAN_POINT('',(147.38077051138,-104.4747604073,12.6));
#6997 = DIRECTION('',(1.762738357939E-03,-0.999998446376,0.));
#6998 = DIRECTION('',(-0.999998446376,-1.762738357939E-03,0.));
#6999 = ADVANCED_FACE('',(#7000),#7018,.F.);
#7000 = FACE_BOUND('',#7001,.F.);
#7001 = EDGE_LOOP('',(#7002,#7010,#7011,#7012));
#7002 = ORIENTED_EDGE('',*,*,#7003,.T.);
#7003 = EDGE_CURVE('',#7004,#3488,#7006,.T.);
#7004 = VERTEX_POINT('',#7005);
#7005 = CARTESIAN_POINT('',(149.49493029021,-95.79066306209,12.6));
#7006 = LINE('',#7007,#7008);
#7007 = CARTESIAN_POINT('',(149.49493029021,-95.79066306209,12.6));
#7008 = VECTOR('',#7009,1.);
#7009 = DIRECTION('',(0.,0.,1.));
#7010 = ORIENTED_EDGE('',*,*,#3495,.T.);
#7011 = ORIENTED_EDGE('',*,*,#6979,.F.);
#7012 = ORIENTED_EDGE('',*,*,#7013,.F.);
#7013 = EDGE_CURVE('',#7004,#6980,#7014,.T.);
#7014 = LINE('',#7015,#7016);
#7015 = CARTESIAN_POINT('',(149.49493029021,-95.79066306209,12.6));
#7016 = VECTOR('',#7017,1.);
#7017 = DIRECTION('',(-0.23654296144,-0.971621030749,0.));
#7018 = PLANE('',#7019);
#7019 = AXIS2_PLACEMENT_3D('',#7020,#7021,#7022);
#7020 = CARTESIAN_POINT('',(149.49493029021,-95.79066306209,12.6));
#7021 = DIRECTION('',(0.971621030749,-0.23654296144,0.));
#7022 = DIRECTION('',(-0.23654296144,-0.971621030749,0.));
#7023 = ADVANCED_FACE('',(#7024),#7042,.F.);
#7024 = FACE_BOUND('',#7025,.F.);
#7025 = EDGE_LOOP('',(#7026,#7034,#7035,#7036));
#7026 = ORIENTED_EDGE('',*,*,#7027,.T.);
#7027 = EDGE_CURVE('',#7028,#3480,#7030,.T.);
#7028 = VERTEX_POINT('',#7029);
#7029 = CARTESIAN_POINT('',(151.61960321153,-104.4672884427,12.6));
#7030 = LINE('',#7031,#7032);
#7031 = CARTESIAN_POINT('',(151.61960321153,-104.4672884427,12.6));
#7032 = VECTOR('',#7033,1.);
#7033 = DIRECTION('',(0.,0.,1.));
#7034 = ORIENTED_EDGE('',*,*,#3487,.T.);
#7035 = ORIENTED_EDGE('',*,*,#7003,.F.);
#7036 = ORIENTED_EDGE('',*,*,#7037,.F.);
#7037 = EDGE_CURVE('',#7028,#7004,#7038,.T.);
#7038 = LINE('',#7039,#7040);
#7039 = CARTESIAN_POINT('',(151.61960321153,-104.4672884427,12.6));
#7040 = VECTOR('',#7041,1.);
#7041 = DIRECTION('',(-0.237846030709,0.971302870209,0.));
#7042 = PLANE('',#7043);
#7043 = AXIS2_PLACEMENT_3D('',#7044,#7045,#7046);
#7044 = CARTESIAN_POINT('',(151.61960321153,-104.4672884427,12.6));
#7045 = DIRECTION('',(-0.971302870209,-0.237846030709,0.));
#7046 = DIRECTION('',(-0.237846030709,0.971302870209,0.));
#7047 = ADVANCED_FACE('',(#7048),#7066,.F.);
#7048 = FACE_BOUND('',#7049,.F.);
#7049 = EDGE_LOOP('',(#7050,#7058,#7059,#7060));
#7050 = ORIENTED_EDGE('',*,*,#7051,.T.);
#7051 = EDGE_CURVE('',#7052,#3472,#7054,.T.);
#7052 = VERTEX_POINT('',#7053);
#7053 = CARTESIAN_POINT('',(153.32049342612,-104.4642902136,12.6));
#7054 = LINE('',#7055,#7056);
#7055 = CARTESIAN_POINT('',(153.32049342612,-104.4642902136,12.6));
#7056 = VECTOR('',#7057,1.);
#7057 = DIRECTION('',(0.,0.,1.));
#7058 = ORIENTED_EDGE('',*,*,#3479,.T.);
#7059 = ORIENTED_EDGE('',*,*,#7027,.F.);
#7060 = ORIENTED_EDGE('',*,*,#7061,.F.);
#7061 = EDGE_CURVE('',#7052,#7028,#7062,.T.);
#7062 = LINE('',#7063,#7064);
#7063 = CARTESIAN_POINT('',(153.32049342612,-104.4642902136,12.6));
#7064 = VECTOR('',#7065,1.);
#7065 = DIRECTION('',(-0.999998446376,-1.762738357939E-03,0.));
#7066 = PLANE('',#7067);
#7067 = AXIS2_PLACEMENT_3D('',#7068,#7069,#7070);
#7068 = CARTESIAN_POINT('',(153.32049342612,-104.4642902136,12.6));
#7069 = DIRECTION('',(1.762738357939E-03,-0.999998446376,0.));
#7070 = DIRECTION('',(-0.999998446376,-1.762738357939E-03,0.));
#7071 = ADVANCED_FACE('',(#7072),#7090,.F.);
#7072 = FACE_BOUND('',#7073,.F.);
#7073 = EDGE_LOOP('',(#7074,#7082,#7083,#7084));
#7074 = ORIENTED_EDGE('',*,*,#7075,.T.);
#7075 = EDGE_CURVE('',#7076,#3464,#7078,.T.);
#7076 = VERTEX_POINT('',#7077);
#7077 = CARTESIAN_POINT('',(155.81402285543,-94.45987923056,12.6));
#7078 = LINE('',#7079,#7080);
#7079 = CARTESIAN_POINT('',(155.81402285543,-94.45987923056,12.6));
#7080 = VECTOR('',#7081,1.);
#7081 = DIRECTION('',(0.,0.,1.));
#7082 = ORIENTED_EDGE('',*,*,#3471,.T.);
#7083 = ORIENTED_EDGE('',*,*,#7051,.F.);
#7084 = ORIENTED_EDGE('',*,*,#7085,.F.);
#7085 = EDGE_CURVE('',#7076,#7052,#7086,.T.);
#7086 = LINE('',#7087,#7088);
#7087 = CARTESIAN_POINT('',(155.81402285543,-94.45987923056,12.6));
#7088 = VECTOR('',#7089,1.);
#7089 = DIRECTION('',(-0.241844244567,-0.970315083553,0.));
#7090 = PLANE('',#7091);
#7091 = AXIS2_PLACEMENT_3D('',#7092,#7093,#7094);
#7092 = CARTESIAN_POINT('',(155.81402285543,-94.45987923056,12.6));
#7093 = DIRECTION('',(0.970315083553,-0.241844244567,0.));
#7094 = DIRECTION('',(-0.241844244567,-0.970315083553,0.));
#7095 = ADVANCED_FACE('',(#7096),#7114,.F.);
#7096 = FACE_BOUND('',#7097,.F.);
#7097 = EDGE_LOOP('',(#7098,#7106,#7107,#7108));
#7098 = ORIENTED_EDGE('',*,*,#7099,.T.);
#7099 = EDGE_CURVE('',#7100,#3456,#7102,.T.);
#7100 = VERTEX_POINT('',#7101);
#7101 = CARTESIAN_POINT('',(154.44125713105,-94.46229906111,12.6));
#7102 = LINE('',#7103,#7104);
#7103 = CARTESIAN_POINT('',(154.44125713105,-94.46229906111,12.6));
#7104 = VECTOR('',#7105,1.);
#7105 = DIRECTION('',(0.,0.,1.));
#7106 = ORIENTED_EDGE('',*,*,#3463,.T.);
#7107 = ORIENTED_EDGE('',*,*,#7075,.F.);
#7108 = ORIENTED_EDGE('',*,*,#7109,.F.);
#7109 = EDGE_CURVE('',#7100,#7076,#7110,.T.);
#7110 = LINE('',#7111,#7112);
#7111 = CARTESIAN_POINT('',(154.44125713105,-94.46229906111,12.6));
#7112 = VECTOR('',#7113,1.);
#7113 = DIRECTION('',(0.999998446376,1.762738357939E-03,0.));
#7114 = PLANE('',#7115);
#7115 = AXIS2_PLACEMENT_3D('',#7116,#7117,#7118);
#7116 = CARTESIAN_POINT('',(154.44125713105,-94.46229906111,12.6));
#7117 = DIRECTION('',(-1.762738357939E-03,0.999998446376,0.));
#7118 = DIRECTION('',(0.999998446376,1.762738357939E-03,0.));
#7119 = ADVANCED_FACE('',(#7120),#7138,.F.);
#7120 = FACE_BOUND('',#7121,.F.);
#7121 = EDGE_LOOP('',(#7122,#7130,#7131,#7132));
#7122 = ORIENTED_EDGE('',*,*,#7123,.T.);
#7123 = EDGE_CURVE('',#7124,#3448,#7126,.T.);
#7124 = VERTEX_POINT('',#7125);
#7125 = CARTESIAN_POINT('',(152.36017810531,-102.9186591683,12.6));
#7126 = LINE('',#7127,#7128);
#7127 = CARTESIAN_POINT('',(152.36017810531,-102.9186591683,12.6));
#7128 = VECTOR('',#7129,1.);
#7129 = DIRECTION('',(0.,0.,1.));
#7130 = ORIENTED_EDGE('',*,*,#3455,.T.);
#7131 = ORIENTED_EDGE('',*,*,#7099,.F.);
#7132 = ORIENTED_EDGE('',*,*,#7133,.F.);
#7133 = EDGE_CURVE('',#7124,#7100,#7134,.T.);
#7134 = LINE('',#7135,#7136);
#7135 = CARTESIAN_POINT('',(152.36017810531,-102.9186591683,12.6));
#7136 = VECTOR('',#7137,1.);
#7137 = DIRECTION('',(0.238966370169,0.971027844054,0.));
#7138 = PLANE('',#7139);
#7139 = AXIS2_PLACEMENT_3D('',#7140,#7141,#7142);
#7140 = CARTESIAN_POINT('',(152.36017810531,-102.9186591683,12.6));
#7141 = DIRECTION('',(-0.971027844054,0.238966370169,0.));
#7142 = DIRECTION('',(0.238966370169,0.971027844054,0.));
#7143 = ADVANCED_FACE('',(#7144),#7162,.F.);
#7144 = FACE_BOUND('',#7145,.F.);
#7145 = EDGE_LOOP('',(#7146,#7154,#7155,#7156));
#7146 = ORIENTED_EDGE('',*,*,#7147,.T.);
#7147 = EDGE_CURVE('',#7148,#3440,#7150,.T.);
#7148 = VERTEX_POINT('',#7149);
#7149 = CARTESIAN_POINT('',(150.24260293991,-94.46970020141,12.6));
#7150 = LINE('',#7151,#7152);
#7151 = CARTESIAN_POINT('',(150.24260293991,-94.46970020141,12.6));
#7152 = VECTOR('',#7153,1.);
#7153 = DIRECTION('',(0.,0.,1.));
#7154 = ORIENTED_EDGE('',*,*,#3447,.T.);
#7155 = ORIENTED_EDGE('',*,*,#7123,.F.);
#7156 = ORIENTED_EDGE('',*,*,#7157,.F.);
#7157 = EDGE_CURVE('',#7148,#7124,#7158,.T.);
#7158 = LINE('',#7159,#7160);
#7159 = CARTESIAN_POINT('',(150.24260293991,-94.46970020141,12.6));
#7160 = VECTOR('',#7161,1.);
#7161 = DIRECTION('',(0.243112093346,-0.969998201065,0.));
#7162 = PLANE('',#7163);
#7163 = AXIS2_PLACEMENT_3D('',#7164,#7165,#7166);
#7164 = CARTESIAN_POINT('',(150.24260293991,-94.46970020141,12.6));
#7165 = DIRECTION('',(0.969998201065,0.243112093346,0.));
#7166 = DIRECTION('',(0.243112093346,-0.969998201065,0.));
#7167 = ADVANCED_FACE('',(#7168),#7186,.F.);
#7168 = FACE_BOUND('',#7169,.F.);
#7169 = EDGE_LOOP('',(#7170,#7178,#7179,#7180));
#7170 = ORIENTED_EDGE('',*,*,#7171,.T.);
#7171 = EDGE_CURVE('',#7172,#3432,#7174,.T.);
#7172 = VERTEX_POINT('',#7173);
#7173 = CARTESIAN_POINT('',(148.72251601584,-94.4723797211,12.6));
#7174 = LINE('',#7175,#7176);
#7175 = CARTESIAN_POINT('',(148.72251601584,-94.4723797211,12.6));
#7176 = VECTOR('',#7177,1.);
#7177 = DIRECTION('',(0.,0.,1.));
#7178 = ORIENTED_EDGE('',*,*,#3439,.T.);
#7179 = ORIENTED_EDGE('',*,*,#7147,.F.);
#7180 = ORIENTED_EDGE('',*,*,#7181,.F.);
#7181 = EDGE_CURVE('',#7172,#7148,#7182,.T.);
#7182 = LINE('',#7183,#7184);
#7183 = CARTESIAN_POINT('',(148.72251601584,-94.4723797211,12.6));
#7184 = VECTOR('',#7185,1.);
#7185 = DIRECTION('',(0.999998446376,1.762738357939E-03,0.));
#7186 = PLANE('',#7187);
#7187 = AXIS2_PLACEMENT_3D('',#7188,#7189,#7190);
#7188 = CARTESIAN_POINT('',(148.72251601584,-94.4723797211,12.6));
#7189 = DIRECTION('',(-1.762738357939E-03,0.999998446376,0.));
#7190 = DIRECTION('',(0.999998446376,1.762738357939E-03,0.));
#7191 = ADVANCED_FACE('',(#7192),#7210,.F.);
#7192 = FACE_BOUND('',#7193,.F.);
#7193 = EDGE_LOOP('',(#7194,#7202,#7203,#7204));
#7194 = ORIENTED_EDGE('',*,*,#7195,.T.);
#7195 = EDGE_CURVE('',#7196,#3424,#7198,.T.);
#7196 = VERTEX_POINT('',#7197);
#7197 = CARTESIAN_POINT('',(146.6414369901,-102.9287398283,12.6));
#7198 = LINE('',#7199,#7200);
#7199 = CARTESIAN_POINT('',(146.6414369901,-102.9287398283,12.6));
#7200 = VECTOR('',#7201,1.);
#7201 = DIRECTION('',(0.,0.,1.));
#7202 = ORIENTED_EDGE('',*,*,#3431,.T.);
#7203 = ORIENTED_EDGE('',*,*,#7171,.F.);
#7204 = ORIENTED_EDGE('',*,*,#7205,.F.);
#7205 = EDGE_CURVE('',#7196,#7172,#7206,.T.);
#7206 = LINE('',#7207,#7208);
#7207 = CARTESIAN_POINT('',(146.6414369901,-102.9287398283,12.6));
#7208 = VECTOR('',#7209,1.);
#7209 = DIRECTION('',(0.238966370169,0.971027844054,0.));
#7210 = PLANE('',#7211);
#7211 = AXIS2_PLACEMENT_3D('',#7212,#7213,#7214);
#7212 = CARTESIAN_POINT('',(146.6414369901,-102.9287398283,12.6));
#7213 = DIRECTION('',(-0.971027844054,0.238966370169,0.));
#7214 = DIRECTION('',(0.238966370169,0.971027844054,0.));
#7215 = ADVANCED_FACE('',(#7216),#7234,.F.);
#7216 = FACE_BOUND('',#7217,.F.);
#7217 = EDGE_LOOP('',(#7218,#7226,#7227,#7228));
#7218 = ORIENTED_EDGE('',*,*,#7219,.T.);
#7219 = EDGE_CURVE('',#7220,#3416,#7222,.T.);
#7220 = VERTEX_POINT('',#7221);
#7221 = CARTESIAN_POINT('',(144.5238618247,-94.47978086139,12.6));
#7222 = LINE('',#7223,#7224);
#7223 = CARTESIAN_POINT('',(144.5238618247,-94.47978086139,12.6));
#7224 = VECTOR('',#7225,1.);
#7225 = DIRECTION('',(0.,0.,1.));
#7226 = ORIENTED_EDGE('',*,*,#3423,.T.);
#7227 = ORIENTED_EDGE('',*,*,#7195,.F.);
#7228 = ORIENTED_EDGE('',*,*,#7229,.F.);
#7229 = EDGE_CURVE('',#7220,#7196,#7230,.T.);
#7230 = LINE('',#7231,#7232);
#7231 = CARTESIAN_POINT('',(144.5238618247,-94.47978086139,12.6));
#7232 = VECTOR('',#7233,1.);
#7233 = DIRECTION('',(0.243112093346,-0.969998201065,0.));
#7234 = PLANE('',#7235);
#7235 = AXIS2_PLACEMENT_3D('',#7236,#7237,#7238);
#7236 = CARTESIAN_POINT('',(144.5238618247,-94.47978086139,12.6));
#7237 = DIRECTION('',(0.969998201065,0.243112093346,0.));
#7238 = DIRECTION('',(0.243112093346,-0.969998201065,0.));
#7239 = ADVANCED_FACE('',(#7240),#7251,.F.);
#7240 = FACE_BOUND('',#7241,.F.);
#7241 = EDGE_LOOP('',(#7242,#7243,#7244,#7245));
#7242 = ORIENTED_EDGE('',*,*,#6957,.T.);
#7243 = ORIENTED_EDGE('',*,*,#3415,.T.);
#7244 = ORIENTED_EDGE('',*,*,#7219,.F.);
#7245 = ORIENTED_EDGE('',*,*,#7246,.F.);
#7246 = EDGE_CURVE('',#6958,#7220,#7247,.T.);
#7247 = LINE('',#7248,#7249);
#7248 = CARTESIAN_POINT('',(143.15779251849,-94.4821888879,12.6));
#7249 = VECTOR('',#7250,1.);
#7250 = DIRECTION('',(0.999998446376,1.762738357939E-03,0.));
#7251 = PLANE('',#7252);
#7252 = AXIS2_PLACEMENT_3D('',#7253,#7254,#7255);
#7253 = CARTESIAN_POINT('',(143.15779251849,-94.4821888879,12.6));
#7254 = DIRECTION('',(-1.762738357939E-03,0.999998446376,0.));
#7255 = DIRECTION('',(0.999998446376,1.762738357939E-03,0.));
#7256 = ADVANCED_FACE('',(#7257),#7282,.F.);
#7257 = FACE_BOUND('',#7258,.F.);
#7258 = EDGE_LOOP('',(#7259,#7267,#7268,#7276));
#7259 = ORIENTED_EDGE('',*,*,#7260,.T.);
#7260 = EDGE_CURVE('',#7261,#3512,#7263,.T.);
#7261 = VERTEX_POINT('',#7262);
#7262 = CARTESIAN_POINT('',(162.30641649676,-97.73683278755,12.6));
#7263 = LINE('',#7264,#7265);
#7264 = CARTESIAN_POINT('',(162.30641649676,-97.73683278755,12.6));
#7265 = VECTOR('',#7266,1.);
#7266 = DIRECTION('',(0.,0.,1.));
#7267 = ORIENTED_EDGE('',*,*,#3511,.T.);
#7268 = ORIENTED_EDGE('',*,*,#7269,.F.);
#7269 = EDGE_CURVE('',#7270,#3514,#7272,.T.);
#7270 = VERTEX_POINT('',#7271);
#7271 = CARTESIAN_POINT('',(163.19188523478,-100.3825974769,12.6));
#7272 = LINE('',#7273,#7274);
#7273 = CARTESIAN_POINT('',(163.19188523478,-100.3825974769,12.6));
#7274 = VECTOR('',#7275,1.);
#7275 = DIRECTION('',(0.,0.,1.));
#7276 = ORIENTED_EDGE('',*,*,#7277,.F.);
#7277 = EDGE_CURVE('',#7261,#7270,#7278,.T.);
#7278 = B_SPLINE_CURVE_WITH_KNOTS('',2,(#7279,#7280,#7281),
  .UNSPECIFIED.,.F.,.F.,(3,3),(0.,1.),.PIECEWISE_BEZIER_KNOTS.);
#7279 = CARTESIAN_POINT('',(162.30641649676,-97.73683278755,12.6));
#7280 = CARTESIAN_POINT('',(163.18893500884,-98.70893936289,12.6));
#7281 = CARTESIAN_POINT('',(163.19188523478,-100.3825974769,12.6));
#7282 = SURFACE_OF_LINEAR_EXTRUSION('',#7283,#7287);
#7283 = B_SPLINE_CURVE_WITH_KNOTS('',2,(#7284,#7285,#7286),
  .UNSPECIFIED.,.F.,.F.,(3,3),(0.,1.),.PIECEWISE_BEZIER_KNOTS.);
#7284 = CARTESIAN_POINT('',(162.30641649676,-97.73683278755,12.6));
#7285 = CARTESIAN_POINT('',(163.18893500884,-98.70893936289,12.6));
#7286 = CARTESIAN_POINT('',(163.19188523478,-100.3825974769,12.6));
#7287 = VECTOR('',#7288,1.);
#7288 = DIRECTION('',(-0.,-0.,-1.));
#7289 = ADVANCED_FACE('',(#7290),#7308,.F.);
#7290 = FACE_BOUND('',#7291,.F.);
#7291 = EDGE_LOOP('',(#7292,#7300,#7301,#7302));
#7292 = ORIENTED_EDGE('',*,*,#7293,.T.);
#7293 = EDGE_CURVE('',#7294,#3618,#7296,.T.);
#7294 = VERTEX_POINT('',#7295);
#7295 = CARTESIAN_POINT('',(159.91095311972,-96.76694671303,12.6));
#7296 = LINE('',#7297,#7298);
#7297 = CARTESIAN_POINT('',(159.91095311972,-96.76694671303,12.6));
#7298 = VECTOR('',#7299,1.);
#7299 = DIRECTION('',(0.,0.,1.));
#7300 = ORIENTED_EDGE('',*,*,#3625,.T.);
#7301 = ORIENTED_EDGE('',*,*,#7260,.F.);
#7302 = ORIENTED_EDGE('',*,*,#7303,.F.);
#7303 = EDGE_CURVE('',#7294,#7261,#7304,.T.);
#7304 = B_SPLINE_CURVE_WITH_KNOTS('',2,(#7305,#7306,#7307),
  .UNSPECIFIED.,.F.,.F.,(3,3),(0.,1.),.PIECEWISE_BEZIER_KNOTS.);
#7305 = CARTESIAN_POINT('',(159.91095311972,-96.76694671303,12.6));
#7306 = CARTESIAN_POINT('',(161.42434362562,-96.76427899739,12.6));
#7307 = CARTESIAN_POINT('',(162.30641649676,-97.73683278755,12.6));
#7308 = SURFACE_OF_LINEAR_EXTRUSION('',#7309,#7313);
#7309 = B_SPLINE_CURVE_WITH_KNOTS('',2,(#7310,#7311,#7312),
  .UNSPECIFIED.,.F.,.F.,(3,3),(0.,1.),.PIECEWISE_BEZIER_KNOTS.);
#7310 = CARTESIAN_POINT('',(159.91095311972,-96.76694671303,12.6));
#7311 = CARTESIAN_POINT('',(161.42434362562,-96.76427899739,12.6));
#7312 = CARTESIAN_POINT('',(162.30641649676,-97.73683278755,12.6));
#7313 = VECTOR('',#7314,1.);
#7314 = DIRECTION('',(-0.,-0.,-1.));
#7315 = ADVANCED_FACE('',(#7316),#7334,.F.);
#7316 = FACE_BOUND('',#7317,.F.);
#7317 = EDGE_LOOP('',(#7318,#7326,#7327,#7328));
#7318 = ORIENTED_EDGE('',*,*,#7319,.T.);
#7319 = EDGE_CURVE('',#7320,#3610,#7322,.T.);
#7320 = VERTEX_POINT('',#7321);
#7321 = CARTESIAN_POINT('',(157.23072353822,-97.85470866078,12.6));
#7322 = LINE('',#7323,#7324);
#7323 = CARTESIAN_POINT('',(157.23072353822,-97.85470866078,12.6));
#7324 = VECTOR('',#7325,1.);
#7325 = DIRECTION('',(0.,0.,1.));
#7326 = ORIENTED_EDGE('',*,*,#3617,.T.);
#7327 = ORIENTED_EDGE('',*,*,#7293,.F.);
#7328 = ORIENTED_EDGE('',*,*,#7329,.F.);
#7329 = EDGE_CURVE('',#7320,#7294,#7330,.T.);
#7330 = B_SPLINE_CURVE_WITH_KNOTS('',2,(#7331,#7332,#7333),
  .UNSPECIFIED.,.F.,.F.,(3,3),(0.,1.),.PIECEWISE_BEZIER_KNOTS.);
#7331 = CARTESIAN_POINT('',(157.23072353822,-97.85470866078,12.6));
#7332 = CARTESIAN_POINT('',(158.22345574147,-96.76992133401,12.6));
#7333 = CARTESIAN_POINT('',(159.91095311972,-96.76694671303,12.6));
#7334 = SURFACE_OF_LINEAR_EXTRUSION('',#7335,#7339);
#7335 = B_SPLINE_CURVE_WITH_KNOTS('',2,(#7336,#7337,#7338),
  .UNSPECIFIED.,.F.,.F.,(3,3),(0.,1.),.PIECEWISE_BEZIER_KNOTS.);
#7336 = CARTESIAN_POINT('',(157.23072353822,-97.85470866078,12.6));
#7337 = CARTESIAN_POINT('',(158.22345574147,-96.76992133401,12.6));
#7338 = CARTESIAN_POINT('',(159.91095311972,-96.76694671303,12.6));
#7339 = VECTOR('',#7340,1.);
#7340 = DIRECTION('',(-0.,-0.,-1.));
#7341 = ADVANCED_FACE('',(#7342),#7360,.F.);
#7342 = FACE_BOUND('',#7343,.F.);
#7343 = EDGE_LOOP('',(#7344,#7352,#7353,#7354));
#7344 = ORIENTED_EDGE('',*,*,#7345,.T.);
#7345 = EDGE_CURVE('',#7346,#3602,#7348,.T.);
#7346 = VERTEX_POINT('',#7347);
#7347 = CARTESIAN_POINT('',(156.2416878117,-100.7832423361,12.6));
#7348 = LINE('',#7349,#7350);
#7349 = CARTESIAN_POINT('',(156.2416878117,-100.7832423361,12.6));
#7350 = VECTOR('',#7351,1.);
#7351 = DIRECTION('',(0.,0.,1.));
#7352 = ORIENTED_EDGE('',*,*,#3609,.T.);
#7353 = ORIENTED_EDGE('',*,*,#7319,.F.);
#7354 = ORIENTED_EDGE('',*,*,#7355,.F.);
#7355 = EDGE_CURVE('',#7346,#7320,#7356,.T.);
#7356 = B_SPLINE_CURVE_WITH_KNOTS('',2,(#7357,#7358,#7359),
  .UNSPECIFIED.,.F.,.F.,(3,3),(0.,1.),.PIECEWISE_BEZIER_KNOTS.);
#7357 = CARTESIAN_POINT('',(156.2416878117,-100.7832423361,12.6));
#7358 = CARTESIAN_POINT('',(156.23843776285,-98.93949520062,12.6));
#7359 = CARTESIAN_POINT('',(157.23072353822,-97.85470866078,12.6));
#7360 = SURFACE_OF_LINEAR_EXTRUSION('',#7361,#7365);
#7361 = B_SPLINE_CURVE_WITH_KNOTS('',2,(#7362,#7363,#7364),
  .UNSPECIFIED.,.F.,.F.,(3,3),(0.,1.),.PIECEWISE_BEZIER_KNOTS.);
#7362 = CARTESIAN_POINT('',(156.2416878117,-100.7832423361,12.6));
#7363 = CARTESIAN_POINT('',(156.23843776285,-98.93949520062,12.6));
#7364 = CARTESIAN_POINT('',(157.23072353822,-97.85470866078,12.6));
#7365 = VECTOR('',#7366,1.);
#7366 = DIRECTION('',(-0.,-0.,-1.));
#7367 = ADVANCED_FACE('',(#7368),#7386,.F.);
#7368 = FACE_BOUND('',#7369,.F.);
#7369 = EDGE_LOOP('',(#7370,#7378,#7379,#7380));
#7370 = ORIENTED_EDGE('',*,*,#7371,.T.);
#7371 = EDGE_CURVE('',#7372,#3594,#7374,.T.);
#7372 = VERTEX_POINT('',#7373);
#7373 = CARTESIAN_POINT('',(157.29444243317,-103.6113017132,12.6));
#7374 = LINE('',#7375,#7376);
#7375 = CARTESIAN_POINT('',(157.29444243317,-103.6113017132,12.6));
#7376 = VECTOR('',#7377,1.);
#7377 = DIRECTION('',(0.,0.,1.));
#7378 = ORIENTED_EDGE('',*,*,#3601,.T.);
#7379 = ORIENTED_EDGE('',*,*,#7345,.F.);
#7380 = ORIENTED_EDGE('',*,*,#7381,.F.);
#7381 = EDGE_CURVE('',#7372,#7346,#7382,.T.);
#7382 = B_SPLINE_CURVE_WITH_KNOTS('',2,(#7383,#7384,#7385),
  .UNSPECIFIED.,.F.,.F.,(3,3),(0.,1.),.PIECEWISE_BEZIER_KNOTS.);
#7383 = CARTESIAN_POINT('',(157.29444243317,-103.6113017132,12.6));
#7384 = CARTESIAN_POINT('',(156.24483241102,-102.5671681359,12.6));
#7385 = CARTESIAN_POINT('',(156.2416878117,-100.7832423361,12.6));
#7386 = SURFACE_OF_LINEAR_EXTRUSION('',#7387,#7391);
#7387 = B_SPLINE_CURVE_WITH_KNOTS('',2,(#7388,#7389,#7390),
  .UNSPECIFIED.,.F.,.F.,(3,3),(0.,1.),.PIECEWISE_BEZIER_KNOTS.);
#7388 = CARTESIAN_POINT('',(157.29444243317,-103.6113017132,12.6));
#7389 = CARTESIAN_POINT('',(156.24483241102,-102.5671681359,12.6));
#7390 = CARTESIAN_POINT('',(156.2416878117,-100.7832423361,12.6));
#7391 = VECTOR('',#7392,1.);
#7392 = DIRECTION('',(-0.,-0.,-1.));
#7393 = ADVANCED_FACE('',(#7394),#7412,.F.);
#7394 = FACE_BOUND('',#7395,.F.);
#7395 = EDGE_LOOP('',(#7396,#7404,#7405,#7406));
#7396 = ORIENTED_EDGE('',*,*,#7397,.T.);
#7397 = EDGE_CURVE('',#7398,#3586,#7400,.T.);
#7398 = VERTEX_POINT('',#7399);
#7399 = CARTESIAN_POINT('',(160.13913895214,-104.6522710176,12.6));
#7400 = LINE('',#7401,#7402);
#7401 = CARTESIAN_POINT('',(160.13913895214,-104.6522710176,12.6));
#7402 = VECTOR('',#7403,1.);
#7403 = DIRECTION('',(0.,0.,1.));
#7404 = ORIENTED_EDGE('',*,*,#3593,.T.);
#7405 = ORIENTED_EDGE('',*,*,#7371,.F.);
#7406 = ORIENTED_EDGE('',*,*,#7407,.F.);
#7407 = EDGE_CURVE('',#7398,#7372,#7408,.T.);
#7408 = B_SPLINE_CURVE_WITH_KNOTS('',2,(#7409,#7410,#7411),
  .UNSPECIFIED.,.F.,.F.,(3,3),(0.,1.),.PIECEWISE_BEZIER_KNOTS.);
#7409 = CARTESIAN_POINT('',(160.13913895214,-104.6522710176,12.6));
#7410 = CARTESIAN_POINT('',(158.3444988832,-104.6554345034,12.6));
#7411 = CARTESIAN_POINT('',(157.29444243317,-103.6113017132,12.6));
#7412 = SURFACE_OF_LINEAR_EXTRUSION('',#7413,#7417);
#7413 = B_SPLINE_CURVE_WITH_KNOTS('',2,(#7414,#7415,#7416),
  .UNSPECIFIED.,.F.,.F.,(3,3),(0.,1.),.PIECEWISE_BEZIER_KNOTS.);
#7414 = CARTESIAN_POINT('',(160.13913895214,-104.6522710176,12.6));
#7415 = CARTESIAN_POINT('',(158.3444988832,-104.6554345034,12.6));
#7416 = CARTESIAN_POINT('',(157.29444243317,-103.6113017132,12.6));
#7417 = VECTOR('',#7418,1.);
#7418 = DIRECTION('',(-0.,-0.,-1.));
#7419 = ADVANCED_FACE('',(#7420),#7438,.F.);
#7420 = FACE_BOUND('',#7421,.F.);
#7421 = EDGE_LOOP('',(#7422,#7430,#7431,#7432));
#7422 = ORIENTED_EDGE('',*,*,#7423,.T.);
#7423 = EDGE_CURVE('',#7424,#3578,#7426,.T.);
#7424 = VERTEX_POINT('',#7425);
#7425 = CARTESIAN_POINT('',(161.55182507027,-104.5033520188,12.6));
#7426 = LINE('',#7427,#7428);
#7427 = CARTESIAN_POINT('',(161.55182507027,-104.5033520188,12.6));
#7428 = VECTOR('',#7429,1.);
#7429 = DIRECTION('',(0.,0.,1.));
#7430 = ORIENTED_EDGE('',*,*,#3585,.T.);
#7431 = ORIENTED_EDGE('',*,*,#7397,.F.);
#7432 = ORIENTED_EDGE('',*,*,#7433,.F.);
#7433 = EDGE_CURVE('',#7424,#7398,#7434,.T.);
#7434 = B_SPLINE_CURVE_WITH_KNOTS('',2,(#7435,#7436,#7437),
  .UNSPECIFIED.,.F.,.F.,(3,3),(0.,1.),.PIECEWISE_BEZIER_KNOTS.);
#7435 = CARTESIAN_POINT('',(161.55182507027,-104.5033520188,12.6));
#7436 = CARTESIAN_POINT('',(160.85565569608,-104.6510079841,12.6));
#7437 = CARTESIAN_POINT('',(160.13913895214,-104.6522710176,12.6));
#7438 = SURFACE_OF_LINEAR_EXTRUSION('',#7439,#7443);
#7439 = B_SPLINE_CURVE_WITH_KNOTS('',2,(#7440,#7441,#7442),
  .UNSPECIFIED.,.F.,.F.,(3,3),(0.,1.),.PIECEWISE_BEZIER_KNOTS.);
#7440 = CARTESIAN_POINT('',(161.55182507027,-104.5033520188,12.6));
#7441 = CARTESIAN_POINT('',(160.85565569608,-104.6510079841,12.6));
#7442 = CARTESIAN_POINT('',(160.13913895214,-104.6522710176,12.6));
#7443 = VECTOR('',#7444,1.);
#7444 = DIRECTION('',(-0.,-0.,-1.));
#7445 = ADVANCED_FACE('',(#7446),#7464,.F.);
#7446 = FACE_BOUND('',#7447,.F.);
#7447 = EDGE_LOOP('',(#7448,#7456,#7457,#7458));
#7448 = ORIENTED_EDGE('',*,*,#7449,.T.);
#7449 = EDGE_CURVE('',#7450,#3570,#7452,.T.);
#7450 = VERTEX_POINT('',#7451);
#7451 = CARTESIAN_POINT('',(162.9104487945,-104.0759564566,12.6));
#7452 = LINE('',#7453,#7454);
#7453 = CARTESIAN_POINT('',(162.9104487945,-104.0759564566,12.6));
#7454 = VECTOR('',#7455,1.);
#7455 = DIRECTION('',(0.,0.,1.));
#7456 = ORIENTED_EDGE('',*,*,#3577,.T.);
#7457 = ORIENTED_EDGE('',*,*,#7423,.F.);
#7458 = ORIENTED_EDGE('',*,*,#7459,.F.);
#7459 = EDGE_CURVE('',#7450,#7424,#7460,.T.);
#7460 = B_SPLINE_CURVE_WITH_KNOTS('',2,(#7461,#7462,#7463),
  .UNSPECIFIED.,.F.,.F.,(3,3),(0.,1.),.PIECEWISE_BEZIER_KNOTS.);
#7461 = CARTESIAN_POINT('',(162.9104487945,-104.0759564566,12.6));
#7462 = CARTESIAN_POINT('',(162.24799523138,-104.3561424814,12.6));
#7463 = CARTESIAN_POINT('',(161.55182507027,-104.5033520188,12.6));
#7464 = SURFACE_OF_LINEAR_EXTRUSION('',#7465,#7469);
#7465 = B_SPLINE_CURVE_WITH_KNOTS('',2,(#7466,#7467,#7468),
  .UNSPECIFIED.,.F.,.F.,(3,3),(0.,1.),.PIECEWISE_BEZIER_KNOTS.);
#7466 = CARTESIAN_POINT('',(162.9104487945,-104.0759564566,12.6));
#7467 = CARTESIAN_POINT('',(162.24799523138,-104.3561424814,12.6));
#7468 = CARTESIAN_POINT('',(161.55182507027,-104.5033520188,12.6));
#7469 = VECTOR('',#7470,1.);
#7470 = DIRECTION('',(-0.,-0.,-1.));
#7471 = ADVANCED_FACE('',(#7472),#7490,.F.);
#7472 = FACE_BOUND('',#7473,.F.);
#7473 = EDGE_LOOP('',(#7474,#7482,#7483,#7484));
#7474 = ORIENTED_EDGE('',*,*,#7475,.T.);
#7475 = EDGE_CURVE('',#7476,#3562,#7478,.T.);
#7476 = VERTEX_POINT('',#7477);
#7477 = CARTESIAN_POINT('',(162.90838387243,-102.9045297052,12.6));
#7478 = LINE('',#7479,#7480);
#7479 = CARTESIAN_POINT('',(162.90838387243,-102.9045297052,12.6));
#7480 = VECTOR('',#7481,1.);
#7481 = DIRECTION('',(0.,0.,1.));
#7482 = ORIENTED_EDGE('',*,*,#3569,.T.);
#7483 = ORIENTED_EDGE('',*,*,#7449,.F.);
#7484 = ORIENTED_EDGE('',*,*,#7485,.F.);
#7485 = EDGE_CURVE('',#7476,#7450,#7486,.T.);
#7486 = LINE('',#7487,#7488);
#7487 = CARTESIAN_POINT('',(162.90838387243,-102.9045297052,12.6));
#7488 = VECTOR('',#7489,1.);
#7489 = DIRECTION('',(1.762738357939E-03,-0.999998446376,0.));
#7490 = PLANE('',#7491);
#7491 = AXIS2_PLACEMENT_3D('',#7492,#7493,#7494);
#7492 = CARTESIAN_POINT('',(162.90838387243,-102.9045297052,12.6));
#7493 = DIRECTION('',(0.999998446376,1.762738357939E-03,0.));
#7494 = DIRECTION('',(1.762738357939E-03,-0.999998446376,0.));
#7495 = ADVANCED_FACE('',(#7496),#7514,.F.);
#7496 = FACE_BOUND('',#7497,.F.);
#7497 = EDGE_LOOP('',(#7498,#7506,#7507,#7508));
#7498 = ORIENTED_EDGE('',*,*,#7499,.T.);
#7499 = EDGE_CURVE('',#7500,#3554,#7502,.T.);
#7500 = VERTEX_POINT('',#7501);
#7501 = CARTESIAN_POINT('',(161.58652462153,-103.4211463141,12.6));
#7502 = LINE('',#7503,#7504);
#7503 = CARTESIAN_POINT('',(161.58652462153,-103.4211463141,12.6));
#7504 = VECTOR('',#7505,1.);
#7505 = DIRECTION('',(0.,0.,1.));
#7506 = ORIENTED_EDGE('',*,*,#3561,.T.);
#7507 = ORIENTED_EDGE('',*,*,#7475,.F.);
#7508 = ORIENTED_EDGE('',*,*,#7509,.F.);
#7509 = EDGE_CURVE('',#7500,#7476,#7510,.T.);
#7510 = B_SPLINE_CURVE_WITH_KNOTS('',2,(#7511,#7512,#7513),
  .UNSPECIFIED.,.F.,.F.,(3,3),(0.,1.),.PIECEWISE_BEZIER_KNOTS.);
#7511 = CARTESIAN_POINT('',(161.58652462153,-103.4211463141,12.6));
#7512 = CARTESIAN_POINT('',(162.25273925943,-103.2485431124,12.6));
#7513 = CARTESIAN_POINT('',(162.90838387243,-102.9045297052,12.6));
#7514 = SURFACE_OF_LINEAR_EXTRUSION('',#7515,#7519);
#7515 = B_SPLINE_CURVE_WITH_KNOTS('',2,(#7516,#7517,#7518),
  .UNSPECIFIED.,.F.,.F.,(3,3),(0.,1.),.PIECEWISE_BEZIER_KNOTS.);
#7516 = CARTESIAN_POINT('',(161.58652462153,-103.4211463141,12.6));
#7517 = CARTESIAN_POINT('',(162.25273925943,-103.2485431124,12.6));
#7518 = CARTESIAN_POINT('',(162.90838387243,-102.9045297052,12.6));
#7519 = VECTOR('',#7520,1.);
#7520 = DIRECTION('',(-0.,-0.,-1.));
#7521 = ADVANCED_FACE('',(#7522),#7540,.F.);
#7522 = FACE_BOUND('',#7523,.F.);
#7523 = EDGE_LOOP('',(#7524,#7532,#7533,#7534));
#7524 = ORIENTED_EDGE('',*,*,#7525,.T.);
#7525 = EDGE_CURVE('',#7526,#3546,#7528,.T.);
#7526 = VERTEX_POINT('',#7527);
#7527 = CARTESIAN_POINT('',(160.21093608572,-103.5949999583,12.6));
#7528 = LINE('',#7529,#7530);
#7529 = CARTESIAN_POINT('',(160.21093608572,-103.5949999583,12.6));
#7530 = VECTOR('',#7531,1.);
#7531 = DIRECTION('',(0.,0.,1.));
#7532 = ORIENTED_EDGE('',*,*,#3553,.T.);
#7533 = ORIENTED_EDGE('',*,*,#7499,.F.);
#7534 = ORIENTED_EDGE('',*,*,#7535,.F.);
#7535 = EDGE_CURVE('',#7526,#7500,#7536,.T.);
#7536 = B_SPLINE_CURVE_WITH_KNOTS('',2,(#7537,#7538,#7539),
  .UNSPECIFIED.,.F.,.F.,(3,3),(0.,1.),.PIECEWISE_BEZIER_KNOTS.);
#7537 = CARTESIAN_POINT('',(160.21093608572,-103.5949999583,12.6));
#7538 = CARTESIAN_POINT('',(160.9207564115,-103.5937487288,12.6));
#7539 = CARTESIAN_POINT('',(161.58652462153,-103.4211463141,12.6));
#7540 = SURFACE_OF_LINEAR_EXTRUSION('',#7541,#7545);
#7541 = B_SPLINE_CURVE_WITH_KNOTS('',2,(#7542,#7543,#7544),
  .UNSPECIFIED.,.F.,.F.,(3,3),(0.,1.),.PIECEWISE_BEZIER_KNOTS.);
#7542 = CARTESIAN_POINT('',(160.21093608572,-103.5949999583,12.6));
#7543 = CARTESIAN_POINT('',(160.9207564115,-103.5937487288,12.6));
#7544 = CARTESIAN_POINT('',(161.58652462153,-103.4211463141,12.6));
#7545 = VECTOR('',#7546,1.);
#7546 = DIRECTION('',(-0.,-0.,-1.));
#7547 = ADVANCED_FACE('',(#7548),#7566,.F.);
#7548 = FACE_BOUND('',#7549,.F.);
#7549 = EDGE_LOOP('',(#7550,#7558,#7559,#7560));
#7550 = ORIENTED_EDGE('',*,*,#7551,.T.);
#7551 = EDGE_CURVE('',#7552,#3538,#7554,.T.);
#7552 = VERTEX_POINT('',#7553);
#7553 = CARTESIAN_POINT('',(158.29771373606,-102.9336392984,12.6));
#7554 = LINE('',#7555,#7556);
#7555 = CARTESIAN_POINT('',(158.29771373606,-102.9336392984,12.6));
#7556 = VECTOR('',#7557,1.);
#7557 = DIRECTION('',(0.,0.,1.));
#7558 = ORIENTED_EDGE('',*,*,#3545,.T.);
#7559 = ORIENTED_EDGE('',*,*,#7525,.F.);
#7560 = ORIENTED_EDGE('',*,*,#7561,.F.);
#7561 = EDGE_CURVE('',#7552,#7526,#7562,.T.);
#7562 = B_SPLINE_CURVE_WITH_KNOTS('',2,(#7563,#7564,#7565),
  .UNSPECIFIED.,.F.,.F.,(3,3),(0.,1.),.PIECEWISE_BEZIER_KNOTS.);
#7563 = CARTESIAN_POINT('',(158.29771373606,-102.9336392984,12.6));
#7564 = CARTESIAN_POINT('',(158.98549156103,-103.5971600997,12.6));
#7565 = CARTESIAN_POINT('',(160.21093608572,-103.5949999583,12.6));
#7566 = SURFACE_OF_LINEAR_EXTRUSION('',#7567,#7571);
#7567 = B_SPLINE_CURVE_WITH_KNOTS('',2,(#7568,#7569,#7570),
  .UNSPECIFIED.,.F.,.F.,(3,3),(0.,1.),.PIECEWISE_BEZIER_KNOTS.);
#7568 = CARTESIAN_POINT('',(158.29771373606,-102.9336392984,12.6));
#7569 = CARTESIAN_POINT('',(158.98549156103,-103.5971600997,12.6));
#7570 = CARTESIAN_POINT('',(160.21093608572,-103.5949999583,12.6));
#7571 = VECTOR('',#7572,1.);
#7572 = DIRECTION('',(-0.,-0.,-1.));
#7573 = ADVANCED_FACE('',(#7574),#7592,.F.);
#7574 = FACE_BOUND('',#7575,.F.);
#7575 = EDGE_LOOP('',(#7576,#7584,#7585,#7586));
#7576 = ORIENTED_EDGE('',*,*,#7577,.T.);
#7577 = EDGE_CURVE('',#7578,#3530,#7580,.T.);
#7578 = VERTEX_POINT('',#7579);
#7579 = CARTESIAN_POINT('',(157.52778569891,-100.9997256183,12.6));
#7580 = LINE('',#7581,#7582);
#7581 = CARTESIAN_POINT('',(157.52778569891,-100.9997256183,12.6));
#7582 = VECTOR('',#7583,1.);
#7583 = DIRECTION('',(0.,0.,1.));
#7584 = ORIENTED_EDGE('',*,*,#3537,.T.);
#7585 = ORIENTED_EDGE('',*,*,#7551,.F.);
#7586 = ORIENTED_EDGE('',*,*,#7587,.F.);
#7587 = EDGE_CURVE('',#7578,#7552,#7588,.T.);
#7588 = B_SPLINE_CURVE_WITH_KNOTS('',2,(#7589,#7590,#7591),
  .UNSPECIFIED.,.F.,.F.,(3,3),(0.,1.),.PIECEWISE_BEZIER_KNOTS.);
#7589 = CARTESIAN_POINT('',(157.52778569891,-100.9997256183,12.6));
#7590 = CARTESIAN_POINT('',(157.61038155203,-102.2696712822,12.6));
#7591 = CARTESIAN_POINT('',(158.29771373606,-102.9336392984,12.6));
#7592 = SURFACE_OF_LINEAR_EXTRUSION('',#7593,#7597);
#7593 = B_SPLINE_CURVE_WITH_KNOTS('',2,(#7594,#7595,#7596),
  .UNSPECIFIED.,.F.,.F.,(3,3),(0.,1.),.PIECEWISE_BEZIER_KNOTS.);
#7594 = CARTESIAN_POINT('',(157.52778569891,-100.9997256183,12.6));
#7595 = CARTESIAN_POINT('',(157.61038155203,-102.2696712822,12.6));
#7596 = CARTESIAN_POINT('',(158.29771373606,-102.9336392984,12.6));
#7597 = VECTOR('',#7598,1.);
#7598 = DIRECTION('',(-0.,-0.,-1.));
#7599 = ADVANCED_FACE('',(#7600),#7618,.F.);
#7600 = FACE_BOUND('',#7601,.F.);
#7601 = EDGE_LOOP('',(#7602,#7610,#7611,#7612));
#7602 = ORIENTED_EDGE('',*,*,#7603,.T.);
#7603 = EDGE_CURVE('',#7604,#3522,#7606,.T.);
#7604 = VERTEX_POINT('',#7605);
#7605 = CARTESIAN_POINT('',(163.19295546878,-100.9897393908,12.6));
#7606 = LINE('',#7607,#7608);
#7607 = CARTESIAN_POINT('',(163.19295546878,-100.9897393908,12.6));
#7608 = VECTOR('',#7609,1.);
#7609 = DIRECTION('',(0.,0.,1.));
#7610 = ORIENTED_EDGE('',*,*,#3529,.T.);
#7611 = ORIENTED_EDGE('',*,*,#7577,.F.);
#7612 = ORIENTED_EDGE('',*,*,#7613,.F.);
#7613 = EDGE_CURVE('',#7604,#7578,#7614,.T.);
#7614 = LINE('',#7615,#7616);
#7615 = CARTESIAN_POINT('',(163.19295546878,-100.9897393908,12.6));
#7616 = VECTOR('',#7617,1.);
#7617 = DIRECTION('',(-0.999998446376,-1.762738357939E-03,0.));
#7618 = PLANE('',#7619);
#7619 = AXIS2_PLACEMENT_3D('',#7620,#7621,#7622);
#7620 = CARTESIAN_POINT('',(163.19295546878,-100.9897393908,12.6));
#7621 = DIRECTION('',(1.762738357939E-03,-0.999998446376,0.));
#7622 = DIRECTION('',(-0.999998446376,-1.762738357939E-03,0.));
#7623 = ADVANCED_FACE('',(#7624),#7635,.F.);
#7624 = FACE_BOUND('',#7625,.F.);
#7625 = EDGE_LOOP('',(#7626,#7627,#7628,#7629));
#7626 = ORIENTED_EDGE('',*,*,#7269,.T.);
#7627 = ORIENTED_EDGE('',*,*,#3521,.T.);
#7628 = ORIENTED_EDGE('',*,*,#7603,.F.);
#7629 = ORIENTED_EDGE('',*,*,#7630,.F.);
#7630 = EDGE_CURVE('',#7270,#7604,#7631,.T.);
#7631 = LINE('',#7632,#7633);
#7632 = CARTESIAN_POINT('',(163.19188523478,-100.3825974769,12.6));
#7633 = VECTOR('',#7634,1.);
#7634 = DIRECTION('',(1.762738357939E-03,-0.999998446376,0.));
#7635 = PLANE('',#7636);
#7636 = AXIS2_PLACEMENT_3D('',#7637,#7638,#7639);
#7637 = CARTESIAN_POINT('',(163.19188523478,-100.3825974769,12.6));
#7638 = DIRECTION('',(0.999998446376,1.762738357939E-03,0.));
#7639 = DIRECTION('',(1.762738357939E-03,-0.999998446376,0.));
#7640 = ADVANCED_FACE('',(#7641),#7666,.F.);
#7641 = FACE_BOUND('',#7642,.F.);
#7642 = EDGE_LOOP('',(#7643,#7651,#7652,#7660));
#7643 = ORIENTED_EDGE('',*,*,#7644,.T.);
#7644 = EDGE_CURVE('',#7645,#3634,#7647,.T.);
#7645 = VERTEX_POINT('',#7646);
#7646 = CARTESIAN_POINT('',(165.21243923619,-104.443327792,12.6));
#7647 = LINE('',#7648,#7649);
#7648 = CARTESIAN_POINT('',(165.21243923619,-104.443327792,12.6));
#7649 = VECTOR('',#7650,1.);
#7650 = DIRECTION('',(0.,0.,1.));
#7651 = ORIENTED_EDGE('',*,*,#3633,.T.);
#7652 = ORIENTED_EDGE('',*,*,#7653,.F.);
#7653 = EDGE_CURVE('',#7654,#3636,#7656,.T.);
#7654 = VERTEX_POINT('',#7655);
#7655 = CARTESIAN_POINT('',(165.19405639332,-94.01477256554,12.6));
#7656 = LINE('',#7657,#7658);
#7657 = CARTESIAN_POINT('',(165.19405639332,-94.01477256554,12.6));
#7658 = VECTOR('',#7659,1.);
#7659 = DIRECTION('',(0.,0.,1.));
#7660 = ORIENTED_EDGE('',*,*,#7661,.F.);
#7661 = EDGE_CURVE('',#7645,#7654,#7662,.T.);
#7662 = LINE('',#7663,#7664);
#7663 = CARTESIAN_POINT('',(165.21243923619,-104.443327792,12.6));
#7664 = VECTOR('',#7665,1.);
#7665 = DIRECTION('',(-1.762738357939E-03,0.999998446376,0.));
#7666 = PLANE('',#7667);
#7667 = AXIS2_PLACEMENT_3D('',#7668,#7669,#7670);
#7668 = CARTESIAN_POINT('',(165.21243923619,-104.443327792,12.6));
#7669 = DIRECTION('',(-0.999998446376,-1.762738357939E-03,0.));
#7670 = DIRECTION('',(-1.762738357939E-03,0.999998446376,0.));
#7671 = ADVANCED_FACE('',(#7672),#7690,.F.);
#7672 = FACE_BOUND('',#7673,.F.);
#7673 = EDGE_LOOP('',(#7674,#7682,#7683,#7684));
#7674 = ORIENTED_EDGE('',*,*,#7675,.T.);
#7675 = EDGE_CURVE('',#7676,#3652,#7678,.T.);
#7676 = VERTEX_POINT('',#7677);
#7677 = CARTESIAN_POINT('',(166.44458017905,-104.4411558465,12.6));
#7678 = LINE('',#7679,#7680);
#7679 = CARTESIAN_POINT('',(166.44458017905,-104.4411558465,12.6));
#7680 = VECTOR('',#7681,1.);
#7681 = DIRECTION('',(0.,0.,1.));
#7682 = ORIENTED_EDGE('',*,*,#3659,.T.);
#7683 = ORIENTED_EDGE('',*,*,#7644,.F.);
#7684 = ORIENTED_EDGE('',*,*,#7685,.F.);
#7685 = EDGE_CURVE('',#7676,#7645,#7686,.T.);
#7686 = LINE('',#7687,#7688);
#7687 = CARTESIAN_POINT('',(166.44458017905,-104.4411558465,12.6));
#7688 = VECTOR('',#7689,1.);
#7689 = DIRECTION('',(-0.999998446376,-1.762738357939E-03,0.));
#7690 = PLANE('',#7691);
#7691 = AXIS2_PLACEMENT_3D('',#7692,#7693,#7694);
#7692 = CARTESIAN_POINT('',(166.44458017905,-104.4411558465,12.6));
#7693 = DIRECTION('',(1.762738357939E-03,-0.999998446376,0.));
#7694 = DIRECTION('',(-0.999998446376,-1.762738357939E-03,0.));
#7695 = ADVANCED_FACE('',(#7696),#7714,.F.);
#7696 = FACE_BOUND('',#7697,.F.);
#7697 = EDGE_LOOP('',(#7698,#7706,#7707,#7708));
#7698 = ORIENTED_EDGE('',*,*,#7699,.T.);
#7699 = EDGE_CURVE('',#7700,#3644,#7702,.T.);
#7700 = VERTEX_POINT('',#7701);
#7701 = CARTESIAN_POINT('',(166.42619733617,-94.01260062006,12.6));
#7702 = LINE('',#7703,#7704);
#7703 = CARTESIAN_POINT('',(166.42619733617,-94.01260062006,12.6));
#7704 = VECTOR('',#7705,1.);
#7705 = DIRECTION('',(0.,0.,1.));
#7706 = ORIENTED_EDGE('',*,*,#3651,.T.);
#7707 = ORIENTED_EDGE('',*,*,#7675,.F.);
#7708 = ORIENTED_EDGE('',*,*,#7709,.F.);
#7709 = EDGE_CURVE('',#7700,#7676,#7710,.T.);
#7710 = LINE('',#7711,#7712);
#7711 = CARTESIAN_POINT('',(166.42619733617,-94.01260062006,12.6));
#7712 = VECTOR('',#7713,1.);
#7713 = DIRECTION('',(1.762738357939E-03,-0.999998446376,0.));
#7714 = PLANE('',#7715);
#7715 = AXIS2_PLACEMENT_3D('',#7716,#7717,#7718);
#7716 = CARTESIAN_POINT('',(166.42619733617,-94.01260062006,12.6));
#7717 = DIRECTION('',(0.999998446376,1.762738357939E-03,0.));
#7718 = DIRECTION('',(1.762738357939E-03,-0.999998446376,0.));
#7719 = ADVANCED_FACE('',(#7720),#7731,.F.);
#7720 = FACE_BOUND('',#7721,.F.);
#7721 = EDGE_LOOP('',(#7722,#7723,#7724,#7725));
#7722 = ORIENTED_EDGE('',*,*,#7653,.T.);
#7723 = ORIENTED_EDGE('',*,*,#3643,.T.);
#7724 = ORIENTED_EDGE('',*,*,#7699,.F.);
#7725 = ORIENTED_EDGE('',*,*,#7726,.F.);
#7726 = EDGE_CURVE('',#7654,#7700,#7727,.T.);
#7727 = LINE('',#7728,#7729);
#7728 = CARTESIAN_POINT('',(165.19405639332,-94.01477256554,12.6));
#7729 = VECTOR('',#7730,1.);
#7730 = DIRECTION('',(0.999998446376,1.762738357939E-03,0.));
#7731 = PLANE('',#7732);
#7732 = AXIS2_PLACEMENT_3D('',#7733,#7734,#7735);
#7733 = CARTESIAN_POINT('',(165.19405639332,-94.01477256554,12.6));
#7734 = DIRECTION('',(-1.762738357939E-03,0.999998446376,0.));
#7735 = DIRECTION('',(0.999998446376,1.762738357939E-03,0.));
#7736 = ADVANCED_FACE('',(#7737),#7762,.F.);
#7737 = FACE_BOUND('',#7738,.F.);
#7738 = EDGE_LOOP('',(#7739,#7747,#7748,#7756));
#7739 = ORIENTED_EDGE('',*,*,#7740,.T.);
#7740 = EDGE_CURVE('',#7741,#3668,#7743,.T.);
#7741 = VERTEX_POINT('',#7742);
#7742 = CARTESIAN_POINT('',(172.95346767228,-97.06761735376,12.6));
#7743 = LINE('',#7744,#7745);
#7744 = CARTESIAN_POINT('',(172.95346767228,-97.06761735376,12.6));
#7745 = VECTOR('',#7746,1.);
#7746 = DIRECTION('',(0.,0.,1.));
#7747 = ORIENTED_EDGE('',*,*,#3667,.T.);
#7748 = ORIENTED_EDGE('',*,*,#7749,.F.);
#7749 = EDGE_CURVE('',#7750,#3670,#7752,.T.);
#7750 = VERTEX_POINT('',#7751);
#7751 = CARTESIAN_POINT('',(173.93646236047,-98.05651112769,12.6));
#7752 = LINE('',#7753,#7754);
#7753 = CARTESIAN_POINT('',(173.93646236047,-98.05651112769,12.6));
#7754 = VECTOR('',#7755,1.);
#7755 = DIRECTION('',(0.,0.,1.));
#7756 = ORIENTED_EDGE('',*,*,#7757,.F.);
#7757 = EDGE_CURVE('',#7741,#7750,#7758,.T.);
#7758 = B_SPLINE_CURVE_WITH_KNOTS('',2,(#7759,#7760,#7761),
  .UNSPECIFIED.,.F.,.F.,(3,3),(0.,1.),.PIECEWISE_BEZIER_KNOTS.);
#7759 = CARTESIAN_POINT('',(172.95346767228,-97.06761735376,12.6));
#7760 = CARTESIAN_POINT('',(173.54689442322,-97.39023251317,12.6));
#7761 = CARTESIAN_POINT('',(173.93646236047,-98.05651112769,12.6));
#7762 = SURFACE_OF_LINEAR_EXTRUSION('',#7763,#7767);
#7763 = B_SPLINE_CURVE_WITH_KNOTS('',2,(#7764,#7765,#7766),
  .UNSPECIFIED.,.F.,.F.,(3,3),(0.,1.),.PIECEWISE_BEZIER_KNOTS.);
#7764 = CARTESIAN_POINT('',(172.95346767228,-97.06761735376,12.6));
#7765 = CARTESIAN_POINT('',(173.54689442322,-97.39023251317,12.6));
#7766 = CARTESIAN_POINT('',(173.93646236047,-98.05651112769,12.6));
#7767 = VECTOR('',#7768,1.);
#7768 = DIRECTION('',(-0.,-0.,-1.));
#7769 = ADVANCED_FACE('',(#7770),#7788,.F.);
#7770 = FACE_BOUND('',#7771,.F.);
#7771 = EDGE_LOOP('',(#7772,#7780,#7781,#7782));
#7772 = ORIENTED_EDGE('',*,*,#7773,.T.);
#7773 = EDGE_CURVE('',#7774,#3758,#7776,.T.);
#7774 = VERTEX_POINT('',#7775);
#7775 = CARTESIAN_POINT('',(171.53013149643,-96.7464651098,12.6));
#7776 = LINE('',#7777,#7778);
#7777 = CARTESIAN_POINT('',(171.53013149643,-96.7464651098,12.6));
#7778 = VECTOR('',#7779,1.);
#7779 = DIRECTION('',(0.,0.,1.));
#7780 = ORIENTED_EDGE('',*,*,#3765,.T.);
#7781 = ORIENTED_EDGE('',*,*,#7740,.F.);
#7782 = ORIENTED_EDGE('',*,*,#7783,.F.);
#7783 = EDGE_CURVE('',#7774,#7741,#7784,.T.);
#7784 = B_SPLINE_CURVE_WITH_KNOTS('',2,(#7785,#7786,#7787),
  .UNSPECIFIED.,.F.,.F.,(3,3),(0.,1.),.PIECEWISE_BEZIER_KNOTS.);
#7785 = CARTESIAN_POINT('',(171.53013149643,-96.7464651098,12.6));
#7786 = CARTESIAN_POINT('',(172.36048734922,-96.74500140741,12.6));
#7787 = CARTESIAN_POINT('',(172.95346767228,-97.06761735376,12.6));
#7788 = SURFACE_OF_LINEAR_EXTRUSION('',#7789,#7793);
#7789 = B_SPLINE_CURVE_WITH_KNOTS('',2,(#7790,#7791,#7792),
  .UNSPECIFIED.,.F.,.F.,(3,3),(0.,1.),.PIECEWISE_BEZIER_KNOTS.);
#7790 = CARTESIAN_POINT('',(171.53013149643,-96.7464651098,12.6));
#7791 = CARTESIAN_POINT('',(172.36048734922,-96.74500140741,12.6));
#7792 = CARTESIAN_POINT('',(172.95346767228,-97.06761735376,12.6));
#7793 = VECTOR('',#7794,1.);
#7794 = DIRECTION('',(-0.,-0.,-1.));
#7795 = ADVANCED_FACE('',(#7796),#7814,.F.);
#7796 = FACE_BOUND('',#7797,.F.);
#7797 = EDGE_LOOP('',(#7798,#7806,#7807,#7808));
#7798 = ORIENTED_EDGE('',*,*,#7799,.T.);
#7799 = EDGE_CURVE('',#7800,#3750,#7802,.T.);
#7800 = VERTEX_POINT('',#7801);
#7801 = CARTESIAN_POINT('',(169.31865748216,-97.83697219697,12.6));
#7802 = LINE('',#7803,#7804);
#7803 = CARTESIAN_POINT('',(169.31865748216,-97.83697219697,12.6));
#7804 = VECTOR('',#7805,1.);
#7805 = DIRECTION('',(0.,0.,1.));
#7806 = ORIENTED_EDGE('',*,*,#3757,.T.);
#7807 = ORIENTED_EDGE('',*,*,#7773,.F.);
#7808 = ORIENTED_EDGE('',*,*,#7809,.F.);
#7809 = EDGE_CURVE('',#7800,#7774,#7810,.T.);
#7810 = B_SPLINE_CURVE_WITH_KNOTS('',2,(#7811,#7812,#7813),
  .UNSPECIFIED.,.F.,.F.,(3,3),(0.,1.),.PIECEWISE_BEZIER_KNOTS.);
#7811 = CARTESIAN_POINT('',(169.31865748216,-97.83697219697,12.6));
#7812 = CARTESIAN_POINT('',(170.17075860839,-96.74886133225,12.6));
#7813 = CARTESIAN_POINT('',(171.53013149643,-96.7464651098,12.6));
#7814 = SURFACE_OF_LINEAR_EXTRUSION('',#7815,#7819);
#7815 = B_SPLINE_CURVE_WITH_KNOTS('',2,(#7816,#7817,#7818),
  .UNSPECIFIED.,.F.,.F.,(3,3),(0.,1.),.PIECEWISE_BEZIER_KNOTS.);
#7816 = CARTESIAN_POINT('',(169.31865748216,-97.83697219697,12.6));
#7817 = CARTESIAN_POINT('',(170.17075860839,-96.74886133225,12.6));
#7818 = CARTESIAN_POINT('',(171.53013149643,-96.7464651098,12.6));
#7819 = VECTOR('',#7820,1.);
#7820 = DIRECTION('',(-0.,-0.,-1.));
#7821 = ADVANCED_FACE('',(#7822),#7840,.F.);
#7822 = FACE_BOUND('',#7823,.F.);
#7823 = EDGE_LOOP('',(#7824,#7832,#7833,#7834));
#7824 = ORIENTED_EDGE('',*,*,#7825,.T.);
#7825 = EDGE_CURVE('',#7826,#3742,#7828,.T.);
#7826 = VERTEX_POINT('',#7827);
#7827 = CARTESIAN_POINT('',(168.47012220115,-100.6947223825,12.6));
#7828 = LINE('',#7829,#7830);
#7829 = CARTESIAN_POINT('',(168.47012220115,-100.6947223825,12.6));
#7830 = VECTOR('',#7831,1.);
#7831 = DIRECTION('',(0.,0.,1.));
#7832 = ORIENTED_EDGE('',*,*,#3749,.T.);
#7833 = ORIENTED_EDGE('',*,*,#7799,.F.);
#7834 = ORIENTED_EDGE('',*,*,#7835,.F.);
#7835 = EDGE_CURVE('',#7826,#7800,#7836,.T.);
#7836 = B_SPLINE_CURVE_WITH_KNOTS('',2,(#7837,#7838,#7839),
  .UNSPECIFIED.,.F.,.F.,(3,3),(0.,1.),.PIECEWISE_BEZIER_KNOTS.);
#7837 = CARTESIAN_POINT('',(168.47012220115,-100.6947223825,12.6));
#7838 = CARTESIAN_POINT('',(168.46700199687,-98.92463584686,12.6));
#7839 = CARTESIAN_POINT('',(169.31865748216,-97.83697219697,12.6));
#7840 = SURFACE_OF_LINEAR_EXTRUSION('',#7841,#7845);
#7841 = B_SPLINE_CURVE_WITH_KNOTS('',2,(#7842,#7843,#7844),
  .UNSPECIFIED.,.F.,.F.,(3,3),(0.,1.),.PIECEWISE_BEZIER_KNOTS.);
#7842 = CARTESIAN_POINT('',(168.47012220115,-100.6947223825,12.6));
#7843 = CARTESIAN_POINT('',(168.46700199687,-98.92463584686,12.6));
#7844 = CARTESIAN_POINT('',(169.31865748216,-97.83697219697,12.6));
#7845 = VECTOR('',#7846,1.);
#7846 = DIRECTION('',(-0.,-0.,-1.));
#7847 = ADVANCED_FACE('',(#7848),#7866,.F.);
#7848 = FACE_BOUND('',#7849,.F.);
#7849 = EDGE_LOOP('',(#7850,#7858,#7859,#7860));
#7850 = ORIENTED_EDGE('',*,*,#7851,.T.);
#7851 = EDGE_CURVE('',#7852,#3734,#7854,.T.);
#7852 = VERTEX_POINT('',#7853);
#7853 = CARTESIAN_POINT('',(169.32872791196,-103.5499097497,12.6));
#7854 = LINE('',#7855,#7856);
#7855 = CARTESIAN_POINT('',(169.32872791196,-103.5499097497,12.6));
#7856 = VECTOR('',#7857,1.);
#7857 = DIRECTION('',(0.,0.,1.));
#7858 = ORIENTED_EDGE('',*,*,#3741,.T.);
#7859 = ORIENTED_EDGE('',*,*,#7825,.F.);
#7860 = ORIENTED_EDGE('',*,*,#7861,.F.);
#7861 = EDGE_CURVE('',#7852,#7826,#7862,.T.);
#7862 = B_SPLINE_CURVE_WITH_KNOTS('',2,(#7863,#7864,#7865),
  .UNSPECIFIED.,.F.,.F.,(3,3),(0.,1.),.PIECEWISE_BEZIER_KNOTS.);
#7863 = CARTESIAN_POINT('',(169.32872791196,-103.5499097497,12.6));
#7864 = CARTESIAN_POINT('',(168.47324240543,-102.4648089181,12.6));
#7865 = CARTESIAN_POINT('',(168.47012220115,-100.6947223825,12.6));
#7866 = SURFACE_OF_LINEAR_EXTRUSION('',#7867,#7871);
#7867 = B_SPLINE_CURVE_WITH_KNOTS('',2,(#7868,#7869,#7870),
  .UNSPECIFIED.,.F.,.F.,(3,3),(0.,1.),.PIECEWISE_BEZIER_KNOTS.);
#7868 = CARTESIAN_POINT('',(169.32872791196,-103.5499097497,12.6));
#7869 = CARTESIAN_POINT('',(168.47324240543,-102.4648089181,12.6));
#7870 = CARTESIAN_POINT('',(168.47012220115,-100.6947223825,12.6));
#7871 = VECTOR('',#7872,1.);
#7872 = DIRECTION('',(-0.,-0.,-1.));
#7873 = ADVANCED_FACE('',(#7874),#7892,.F.);
#7874 = FACE_BOUND('',#7875,.F.);
#7875 = EDGE_LOOP('',(#7876,#7884,#7885,#7886));
#7876 = ORIENTED_EDGE('',*,*,#7877,.T.);
#7877 = EDGE_CURVE('',#7878,#3726,#7880,.T.);
#7878 = VERTEX_POINT('',#7879);
#7879 = CARTESIAN_POINT('',(171.54403194748,-104.632167144,12.6));
#7880 = LINE('',#7881,#7882);
#7881 = CARTESIAN_POINT('',(171.54403194748,-104.632167144,12.6));
#7882 = VECTOR('',#7883,1.);
#7883 = DIRECTION('',(0.,0.,1.));
#7884 = ORIENTED_EDGE('',*,*,#3733,.T.);
#7885 = ORIENTED_EDGE('',*,*,#7851,.F.);
#7886 = ORIENTED_EDGE('',*,*,#7887,.F.);
#7887 = EDGE_CURVE('',#7878,#7852,#7888,.T.);
#7888 = B_SPLINE_CURVE_WITH_KNOTS('',2,(#7889,#7890,#7891),
  .UNSPECIFIED.,.F.,.F.,(3,3),(0.,1.),.PIECEWISE_BEZIER_KNOTS.);
#7889 = CARTESIAN_POINT('',(171.54403194748,-104.632167144,12.6));
#7890 = CARTESIAN_POINT('',(170.18465905944,-104.6345633665,12.6));
#7891 = CARTESIAN_POINT('',(169.32872791196,-103.5499097497,12.6));
#7892 = SURFACE_OF_LINEAR_EXTRUSION('',#7893,#7897);
#7893 = B_SPLINE_CURVE_WITH_KNOTS('',2,(#7894,#7895,#7896),
  .UNSPECIFIED.,.F.,.F.,(3,3),(0.,1.),.PIECEWISE_BEZIER_KNOTS.);
#7894 = CARTESIAN_POINT('',(171.54403194748,-104.632167144,12.6));
#7895 = CARTESIAN_POINT('',(170.18465905944,-104.6345633665,12.6));
#7896 = CARTESIAN_POINT('',(169.32872791196,-103.5499097497,12.6));
#7897 = VECTOR('',#7898,1.);
#7898 = DIRECTION('',(-0.,-0.,-1.));
#7899 = ADVANCED_FACE('',(#7900),#7918,.F.);
#7900 = FACE_BOUND('',#7901,.F.);
#7901 = EDGE_LOOP('',(#7902,#7910,#7911,#7912));
#7902 = ORIENTED_EDGE('',*,*,#7903,.T.);
#7903 = EDGE_CURVE('',#7904,#3718,#7906,.T.);
#7904 = VERTEX_POINT('',#7905);
#7905 = CARTESIAN_POINT('',(172.96622706502,-104.3059989651,12.6));
#7906 = LINE('',#7907,#7908);
#7907 = CARTESIAN_POINT('',(172.96622706502,-104.3059989651,12.6));
#7908 = VECTOR('',#7909,1.);
#7909 = DIRECTION('',(0.,0.,1.));
#7910 = ORIENTED_EDGE('',*,*,#3725,.T.);
#7911 = ORIENTED_EDGE('',*,*,#7877,.F.);
#7912 = ORIENTED_EDGE('',*,*,#7913,.F.);
#7913 = EDGE_CURVE('',#7904,#7878,#7914,.T.);
#7914 = B_SPLINE_CURVE_WITH_KNOTS('',2,(#7915,#7916,#7917),
  .UNSPECIFIED.,.F.,.F.,(3,3),(0.,1.),.PIECEWISE_BEZIER_KNOTS.);
#7915 = CARTESIAN_POINT('',(172.96622706502,-104.3059989651,12.6));
#7916 = CARTESIAN_POINT('',(172.37438780027,-104.6307034416,12.6));
#7917 = CARTESIAN_POINT('',(171.54403194748,-104.632167144,12.6));
#7918 = SURFACE_OF_LINEAR_EXTRUSION('',#7919,#7923);
#7919 = B_SPLINE_CURVE_WITH_KNOTS('',2,(#7920,#7921,#7922),
  .UNSPECIFIED.,.F.,.F.,(3,3),(0.,1.),.PIECEWISE_BEZIER_KNOTS.);
#7920 = CARTESIAN_POINT('',(172.96622706502,-104.3059989651,12.6));
#7921 = CARTESIAN_POINT('',(172.37438780027,-104.6307034416,12.6));
#7922 = CARTESIAN_POINT('',(171.54403194748,-104.632167144,12.6));
#7923 = VECTOR('',#7924,1.);
#7924 = DIRECTION('',(-0.,-0.,-1.));
#7925 = ADVANCED_FACE('',(#7926),#7944,.F.);
#7926 = FACE_BOUND('',#7927,.F.);
#7927 = EDGE_LOOP('',(#7928,#7936,#7937,#7938));
#7928 = ORIENTED_EDGE('',*,*,#7929,.T.);
#7929 = EDGE_CURVE('',#7930,#3710,#7932,.T.);
#7930 = VERTEX_POINT('',#7931);
#7931 = CARTESIAN_POINT('',(173.94572932784,-103.3136458172,12.6));
#7932 = LINE('',#7933,#7934);
#7933 = CARTESIAN_POINT('',(173.94572932784,-103.3136458172,12.6));
#7934 = VECTOR('',#7935,1.);
#7935 = DIRECTION('',(0.,0.,1.));
#7936 = ORIENTED_EDGE('',*,*,#3717,.T.);
#7937 = ORIENTED_EDGE('',*,*,#7903,.F.);
#7938 = ORIENTED_EDGE('',*,*,#7939,.F.);
#7939 = EDGE_CURVE('',#7930,#7904,#7940,.T.);
#7940 = B_SPLINE_CURVE_WITH_KNOTS('',2,(#7941,#7942,#7943),
  .UNSPECIFIED.,.F.,.F.,(3,3),(0.,1.),.PIECEWISE_BEZIER_KNOTS.);
#7941 = CARTESIAN_POINT('',(173.94572932784,-103.3136458172,12.6));
#7942 = CARTESIAN_POINT('',(173.55851275764,-103.9812937016,12.6));
#7943 = CARTESIAN_POINT('',(172.96622706502,-104.3059989651,12.6));
#7944 = SURFACE_OF_LINEAR_EXTRUSION('',#7945,#7949);
#7945 = B_SPLINE_CURVE_WITH_KNOTS('',2,(#7946,#7947,#7948),
  .UNSPECIFIED.,.F.,.F.,(3,3),(0.,1.),.PIECEWISE_BEZIER_KNOTS.);
#7946 = CARTESIAN_POINT('',(173.94572932784,-103.3136458172,12.6));
#7947 = CARTESIAN_POINT('',(173.55851275764,-103.9812937016,12.6));
#7948 = CARTESIAN_POINT('',(172.96622706502,-104.3059989651,12.6));
#7949 = VECTOR('',#7950,1.);
#7950 = DIRECTION('',(-0.,-0.,-1.));
#7951 = ADVANCED_FACE('',(#7952),#7970,.F.);
#7952 = FACE_BOUND('',#7953,.F.);
#7953 = EDGE_LOOP('',(#7954,#7962,#7963,#7964));
#7954 = ORIENTED_EDGE('',*,*,#7955,.T.);
#7955 = EDGE_CURVE('',#7956,#3702,#7958,.T.);
#7956 = VERTEX_POINT('',#7957);
#7957 = CARTESIAN_POINT('',(173.94769352201,-104.4279298003,12.6));
#7958 = LINE('',#7959,#7960);
#7959 = CARTESIAN_POINT('',(173.94769352201,-104.4279298003,12.6));
#7960 = VECTOR('',#7961,1.);
#7961 = DIRECTION('',(0.,0.,1.));
#7962 = ORIENTED_EDGE('',*,*,#3709,.T.);
#7963 = ORIENTED_EDGE('',*,*,#7929,.F.);
#7964 = ORIENTED_EDGE('',*,*,#7965,.F.);
#7965 = EDGE_CURVE('',#7956,#7930,#7966,.T.);
#7966 = LINE('',#7967,#7968);
#7967 = CARTESIAN_POINT('',(173.94769352201,-104.4279298003,12.6));
#7968 = VECTOR('',#7969,1.);
#7969 = DIRECTION('',(-1.762738357939E-03,0.999998446376,0.));
#7970 = PLANE('',#7971);
#7971 = AXIS2_PLACEMENT_3D('',#7972,#7973,#7974);
#7972 = CARTESIAN_POINT('',(173.94769352201,-104.4279298003,12.6));
#7973 = DIRECTION('',(-0.999998446376,-1.762738357939E-03,0.));
#7974 = DIRECTION('',(-1.762738357939E-03,0.999998446376,0.));
#7975 = ADVANCED_FACE('',(#7976),#7994,.F.);
#7976 = FACE_BOUND('',#7977,.F.);
#7977 = EDGE_LOOP('',(#7978,#7986,#7987,#7988));
#7978 = ORIENTED_EDGE('',*,*,#7979,.T.);
#7979 = EDGE_CURVE('',#7980,#3694,#7982,.T.);
#7980 = VERTEX_POINT('',#7981);
#7981 = CARTESIAN_POINT('',(175.17983446486,-104.4257578548,12.6));
#7982 = LINE('',#7983,#7984);
#7983 = CARTESIAN_POINT('',(175.17983446486,-104.4257578548,12.6));
#7984 = VECTOR('',#7985,1.);
#7985 = DIRECTION('',(0.,0.,1.));
#7986 = ORIENTED_EDGE('',*,*,#3701,.T.);
#7987 = ORIENTED_EDGE('',*,*,#7955,.F.);
#7988 = ORIENTED_EDGE('',*,*,#7989,.F.);
#7989 = EDGE_CURVE('',#7980,#7956,#7990,.T.);
#7990 = LINE('',#7991,#7992);
#7991 = CARTESIAN_POINT('',(175.17983446486,-104.4257578548,12.6));
#7992 = VECTOR('',#7993,1.);
#7993 = DIRECTION('',(-0.999998446376,-1.762738357939E-03,0.));
#7994 = PLANE('',#7995);
#7995 = AXIS2_PLACEMENT_3D('',#7996,#7997,#7998);
#7996 = CARTESIAN_POINT('',(175.17983446486,-104.4257578548,12.6));
#7997 = DIRECTION('',(1.762738357939E-03,-0.999998446376,0.));
#7998 = DIRECTION('',(-0.999998446376,-1.762738357939E-03,0.));
#7999 = ADVANCED_FACE('',(#8000),#8018,.F.);
#8000 = FACE_BOUND('',#8001,.F.);
#8001 = EDGE_LOOP('',(#8002,#8010,#8011,#8012));
#8002 = ORIENTED_EDGE('',*,*,#8003,.T.);
#8003 = EDGE_CURVE('',#8004,#3686,#8006,.T.);
#8004 = VERTEX_POINT('',#8005);
#8005 = CARTESIAN_POINT('',(175.16145162199,-93.99720262834,12.6));
#8006 = LINE('',#8007,#8008);
#8007 = CARTESIAN_POINT('',(175.16145162199,-93.99720262834,12.6));
#8008 = VECTOR('',#8009,1.);
#8009 = DIRECTION('',(0.,0.,1.));
#8010 = ORIENTED_EDGE('',*,*,#3693,.T.);
#8011 = ORIENTED_EDGE('',*,*,#7979,.F.);
#8012 = ORIENTED_EDGE('',*,*,#8013,.F.);
#8013 = EDGE_CURVE('',#8004,#7980,#8014,.T.);
#8014 = LINE('',#8015,#8016);
#8015 = CARTESIAN_POINT('',(175.16145162199,-93.99720262834,12.6));
#8016 = VECTOR('',#8017,1.);
#8017 = DIRECTION('',(1.762738357939E-03,-0.999998446376,0.));
#8018 = PLANE('',#8019);
#8019 = AXIS2_PLACEMENT_3D('',#8020,#8021,#8022);
#8020 = CARTESIAN_POINT('',(175.16145162199,-93.99720262834,12.6));
#8021 = DIRECTION('',(0.999998446376,1.762738357939E-03,0.));
#8022 = DIRECTION('',(1.762738357939E-03,-0.999998446376,0.));
#8023 = ADVANCED_FACE('',(#8024),#8042,.F.);
#8024 = FACE_BOUND('',#8025,.F.);
#8025 = EDGE_LOOP('',(#8026,#8034,#8035,#8036));
#8026 = ORIENTED_EDGE('',*,*,#8027,.T.);
#8027 = EDGE_CURVE('',#8028,#3678,#8030,.T.);
#8028 = VERTEX_POINT('',#8029);
#8029 = CARTESIAN_POINT('',(173.92931067913,-93.99937457382,12.6));
#8030 = LINE('',#8031,#8032);
#8031 = CARTESIAN_POINT('',(173.92931067913,-93.99937457382,12.6));
#8032 = VECTOR('',#8033,1.);
#8033 = DIRECTION('',(0.,0.,1.));
#8034 = ORIENTED_EDGE('',*,*,#3685,.T.);
#8035 = ORIENTED_EDGE('',*,*,#8003,.F.);
#8036 = ORIENTED_EDGE('',*,*,#8037,.F.);
#8037 = EDGE_CURVE('',#8028,#8004,#8038,.T.);
#8038 = LINE('',#8039,#8040);
#8039 = CARTESIAN_POINT('',(173.92931067913,-93.99937457382,12.6));
#8040 = VECTOR('',#8041,1.);
#8041 = DIRECTION('',(0.999998446376,1.762738357939E-03,0.));
#8042 = PLANE('',#8043);
#8043 = AXIS2_PLACEMENT_3D('',#8044,#8045,#8046);
#8044 = CARTESIAN_POINT('',(173.92931067913,-93.99937457382,12.6));
#8045 = DIRECTION('',(-1.762738357939E-03,0.999998446376,0.));
#8046 = DIRECTION('',(0.999998446376,1.762738357939E-03,0.));
#8047 = ADVANCED_FACE('',(#8048),#8059,.F.);
#8048 = FACE_BOUND('',#8049,.F.);
#8049 = EDGE_LOOP('',(#8050,#8051,#8052,#8053));
#8050 = ORIENTED_EDGE('',*,*,#7749,.T.);
#8051 = ORIENTED_EDGE('',*,*,#3677,.T.);
#8052 = ORIENTED_EDGE('',*,*,#8027,.F.);
#8053 = ORIENTED_EDGE('',*,*,#8054,.F.);
#8054 = EDGE_CURVE('',#7750,#8028,#8055,.T.);
#8055 = LINE('',#8056,#8057);
#8056 = CARTESIAN_POINT('',(173.93646236047,-98.05651112769,12.6));
#8057 = VECTOR('',#8058,1.);
#8058 = DIRECTION('',(-1.762738357939E-03,0.999998446376,0.));
#8059 = PLANE('',#8060);
#8060 = AXIS2_PLACEMENT_3D('',#8061,#8062,#8063);
#8061 = CARTESIAN_POINT('',(173.93646236047,-98.05651112769,12.6));
#8062 = DIRECTION('',(-0.999998446376,-1.762738357939E-03,0.));
#8063 = DIRECTION('',(-1.762738357939E-03,0.999998446376,0.));
#8064 = ADVANCED_FACE('',(#8065),#8090,.F.);
#8065 = FACE_BOUND('',#8066,.F.);
#8066 = EDGE_LOOP('',(#8067,#8075,#8076,#8084));
#8067 = ORIENTED_EDGE('',*,*,#8068,.T.);
#8068 = EDGE_CURVE('',#8069,#3777,#8071,.T.);
#8069 = VERTEX_POINT('',#8070);
#8070 = CARTESIAN_POINT('',(183.24924110228,-97.69991600994,12.6));
#8071 = LINE('',#8072,#8073);
#8072 = CARTESIAN_POINT('',(183.24924110228,-97.69991600994,12.6));
#8073 = VECTOR('',#8074,1.);
#8074 = DIRECTION('',(0.,0.,1.));
#8075 = ORIENTED_EDGE('',*,*,#3776,.T.);
#8076 = ORIENTED_EDGE('',*,*,#8077,.F.);
#8077 = EDGE_CURVE('',#8078,#3779,#8080,.T.);
#8078 = VERTEX_POINT('',#8079);
#8079 = CARTESIAN_POINT('',(184.1347098403,-100.3456806993,12.6));
#8080 = LINE('',#8081,#8082);
#8081 = CARTESIAN_POINT('',(184.1347098403,-100.3456806993,12.6));
#8082 = VECTOR('',#8083,1.);
#8083 = DIRECTION('',(0.,0.,1.));
#8084 = ORIENTED_EDGE('',*,*,#8085,.F.);
#8085 = EDGE_CURVE('',#8069,#8078,#8086,.T.);
#8086 = B_SPLINE_CURVE_WITH_KNOTS('',2,(#8087,#8088,#8089),
  .UNSPECIFIED.,.F.,.F.,(3,3),(0.,1.),.PIECEWISE_BEZIER_KNOTS.);
#8087 = CARTESIAN_POINT('',(183.24924110228,-97.69991600994,12.6));
#8088 = CARTESIAN_POINT('',(184.13175961436,-98.67202258528,12.6));
#8089 = CARTESIAN_POINT('',(184.1347098403,-100.3456806993,12.6));
#8090 = SURFACE_OF_LINEAR_EXTRUSION('',#8091,#8095);
#8091 = B_SPLINE_CURVE_WITH_KNOTS('',2,(#8092,#8093,#8094),
  .UNSPECIFIED.,.F.,.F.,(3,3),(0.,1.),.PIECEWISE_BEZIER_KNOTS.);
#8092 = CARTESIAN_POINT('',(183.24924110228,-97.69991600994,12.6));
#8093 = CARTESIAN_POINT('',(184.13175961436,-98.67202258528,12.6));
#8094 = CARTESIAN_POINT('',(184.1347098403,-100.3456806993,12.6));
#8095 = VECTOR('',#8096,1.);
#8096 = DIRECTION('',(-0.,-0.,-1.));
#8097 = ADVANCED_FACE('',(#8098),#8116,.F.);
#8098 = FACE_BOUND('',#8099,.F.);
#8099 = EDGE_LOOP('',(#8100,#8108,#8109,#8110));
#8100 = ORIENTED_EDGE('',*,*,#8101,.T.);
#8101 = EDGE_CURVE('',#8102,#3883,#8104,.T.);
#8102 = VERTEX_POINT('',#8103);
#8103 = CARTESIAN_POINT('',(180.85377772525,-96.73002993542,12.6));
#8104 = LINE('',#8105,#8106);
#8105 = CARTESIAN_POINT('',(180.85377772525,-96.73002993542,12.6));
#8106 = VECTOR('',#8107,1.);
#8107 = DIRECTION('',(0.,0.,1.));
#8108 = ORIENTED_EDGE('',*,*,#3890,.T.);
#8109 = ORIENTED_EDGE('',*,*,#8068,.F.);
#8110 = ORIENTED_EDGE('',*,*,#8111,.F.);
#8111 = EDGE_CURVE('',#8102,#8069,#8112,.T.);
#8112 = B_SPLINE_CURVE_WITH_KNOTS('',2,(#8113,#8114,#8115),
  .UNSPECIFIED.,.F.,.F.,(3,3),(0.,1.),.PIECEWISE_BEZIER_KNOTS.);
#8113 = CARTESIAN_POINT('',(180.85377772525,-96.73002993542,12.6));
#8114 = CARTESIAN_POINT('',(182.36716823114,-96.72736221978,12.6));
#8115 = CARTESIAN_POINT('',(183.24924110228,-97.69991600994,12.6));
#8116 = SURFACE_OF_LINEAR_EXTRUSION('',#8117,#8121);
#8117 = B_SPLINE_CURVE_WITH_KNOTS('',2,(#8118,#8119,#8120),
  .UNSPECIFIED.,.F.,.F.,(3,3),(0.,1.),.PIECEWISE_BEZIER_KNOTS.);
#8118 = CARTESIAN_POINT('',(180.85377772525,-96.73002993542,12.6));
#8119 = CARTESIAN_POINT('',(182.36716823114,-96.72736221978,12.6));
#8120 = CARTESIAN_POINT('',(183.24924110228,-97.69991600994,12.6));
#8121 = VECTOR('',#8122,1.);
#8122 = DIRECTION('',(-0.,-0.,-1.));
#8123 = ADVANCED_FACE('',(#8124),#8142,.F.);
#8124 = FACE_BOUND('',#8125,.F.);
#8125 = EDGE_LOOP('',(#8126,#8134,#8135,#8136));
#8126 = ORIENTED_EDGE('',*,*,#8127,.T.);
#8127 = EDGE_CURVE('',#8128,#3875,#8130,.T.);
#8128 = VERTEX_POINT('',#8129);
#8129 = CARTESIAN_POINT('',(178.17354814374,-97.81779188317,12.6));
#8130 = LINE('',#8131,#8132);
#8131 = CARTESIAN_POINT('',(178.17354814374,-97.81779188317,12.6));
#8132 = VECTOR('',#8133,1.);
#8133 = DIRECTION('',(0.,0.,1.));
#8134 = ORIENTED_EDGE('',*,*,#3882,.T.);
#8135 = ORIENTED_EDGE('',*,*,#8101,.F.);
#8136 = ORIENTED_EDGE('',*,*,#8137,.F.);
#8137 = EDGE_CURVE('',#8128,#8102,#8138,.T.);
#8138 = B_SPLINE_CURVE_WITH_KNOTS('',2,(#8139,#8140,#8141),
  .UNSPECIFIED.,.F.,.F.,(3,3),(0.,1.),.PIECEWISE_BEZIER_KNOTS.);
#8139 = CARTESIAN_POINT('',(178.17354814374,-97.81779188317,12.6));
#8140 = CARTESIAN_POINT('',(179.16628034699,-96.7330045564,12.6));
#8141 = CARTESIAN_POINT('',(180.85377772525,-96.73002993542,12.6));
#8142 = SURFACE_OF_LINEAR_EXTRUSION('',#8143,#8147);
#8143 = B_SPLINE_CURVE_WITH_KNOTS('',2,(#8144,#8145,#8146),
  .UNSPECIFIED.,.F.,.F.,(3,3),(0.,1.),.PIECEWISE_BEZIER_KNOTS.);
#8144 = CARTESIAN_POINT('',(178.17354814374,-97.81779188317,12.6));
#8145 = CARTESIAN_POINT('',(179.16628034699,-96.7330045564,12.6));
#8146 = CARTESIAN_POINT('',(180.85377772525,-96.73002993542,12.6));
#8147 = VECTOR('',#8148,1.);
#8148 = DIRECTION('',(-0.,-0.,-1.));
#8149 = ADVANCED_FACE('',(#8150),#8168,.F.);
#8150 = FACE_BOUND('',#8151,.F.);
#8151 = EDGE_LOOP('',(#8152,#8160,#8161,#8162));
#8152 = ORIENTED_EDGE('',*,*,#8153,.T.);
#8153 = EDGE_CURVE('',#8154,#3867,#8156,.T.);
#8154 = VERTEX_POINT('',#8155);
#8155 = CARTESIAN_POINT('',(177.18451241722,-100.7463255585,12.6));
#8156 = LINE('',#8157,#8158);
#8157 = CARTESIAN_POINT('',(177.18451241722,-100.7463255585,12.6));
#8158 = VECTOR('',#8159,1.);
#8159 = DIRECTION('',(0.,0.,1.));
#8160 = ORIENTED_EDGE('',*,*,#3874,.T.);
#8161 = ORIENTED_EDGE('',*,*,#8127,.F.);
#8162 = ORIENTED_EDGE('',*,*,#8163,.F.);
#8163 = EDGE_CURVE('',#8154,#8128,#8164,.T.);
#8164 = B_SPLINE_CURVE_WITH_KNOTS('',2,(#8165,#8166,#8167),
  .UNSPECIFIED.,.F.,.F.,(3,3),(0.,1.),.PIECEWISE_BEZIER_KNOTS.);
#8165 = CARTESIAN_POINT('',(177.18451241722,-100.7463255585,12.6));
#8166 = CARTESIAN_POINT('',(177.18126236838,-98.90257842301,12.6));
#8167 = CARTESIAN_POINT('',(178.17354814374,-97.81779188317,12.6));
#8168 = SURFACE_OF_LINEAR_EXTRUSION('',#8169,#8173);
#8169 = B_SPLINE_CURVE_WITH_KNOTS('',2,(#8170,#8171,#8172),
  .UNSPECIFIED.,.F.,.F.,(3,3),(0.,1.),.PIECEWISE_BEZIER_KNOTS.);
#8170 = CARTESIAN_POINT('',(177.18451241722,-100.7463255585,12.6));
#8171 = CARTESIAN_POINT('',(177.18126236838,-98.90257842301,12.6));
#8172 = CARTESIAN_POINT('',(178.17354814374,-97.81779188317,12.6));
#8173 = VECTOR('',#8174,1.);
#8174 = DIRECTION('',(-0.,-0.,-1.));
#8175 = ADVANCED_FACE('',(#8176),#8194,.F.);
#8176 = FACE_BOUND('',#8177,.F.);
#8177 = EDGE_LOOP('',(#8178,#8186,#8187,#8188));
#8178 = ORIENTED_EDGE('',*,*,#8179,.T.);
#8179 = EDGE_CURVE('',#8180,#3859,#8182,.T.);
#8180 = VERTEX_POINT('',#8181);
#8181 = CARTESIAN_POINT('',(178.23726703869,-103.5743849355,12.6));
#8182 = LINE('',#8183,#8184);
#8183 = CARTESIAN_POINT('',(178.23726703869,-103.5743849355,12.6));
#8184 = VECTOR('',#8185,1.);
#8185 = DIRECTION('',(0.,0.,1.));
#8186 = ORIENTED_EDGE('',*,*,#3866,.T.);
#8187 = ORIENTED_EDGE('',*,*,#8153,.F.);
#8188 = ORIENTED_EDGE('',*,*,#8189,.F.);
#8189 = EDGE_CURVE('',#8180,#8154,#8190,.T.);
#8190 = B_SPLINE_CURVE_WITH_KNOTS('',2,(#8191,#8192,#8193),
  .UNSPECIFIED.,.F.,.F.,(3,3),(0.,1.),.PIECEWISE_BEZIER_KNOTS.);
#8191 = CARTESIAN_POINT('',(178.23726703869,-103.5743849355,12.6));
#8192 = CARTESIAN_POINT('',(177.18765701654,-102.5302513583,12.6));
#8193 = CARTESIAN_POINT('',(177.18451241722,-100.7463255585,12.6));
#8194 = SURFACE_OF_LINEAR_EXTRUSION('',#8195,#8199);
#8195 = B_SPLINE_CURVE_WITH_KNOTS('',2,(#8196,#8197,#8198),
  .UNSPECIFIED.,.F.,.F.,(3,3),(0.,1.),.PIECEWISE_BEZIER_KNOTS.);
#8196 = CARTESIAN_POINT('',(178.23726703869,-103.5743849355,12.6));
#8197 = CARTESIAN_POINT('',(177.18765701654,-102.5302513583,12.6));
#8198 = CARTESIAN_POINT('',(177.18451241722,-100.7463255585,12.6));
#8199 = VECTOR('',#8200,1.);
#8200 = DIRECTION('',(-0.,-0.,-1.));
#8201 = ADVANCED_FACE('',(#8202),#8220,.F.);
#8202 = FACE_BOUND('',#8203,.F.);
#8203 = EDGE_LOOP('',(#8204,#8212,#8213,#8214));
#8204 = ORIENTED_EDGE('',*,*,#8205,.T.);
#8205 = EDGE_CURVE('',#8206,#3851,#8208,.T.);
#8206 = VERTEX_POINT('',#8207);
#8207 = CARTESIAN_POINT('',(181.08196355766,-104.61535424,12.6));
#8208 = LINE('',#8209,#8210);
#8209 = CARTESIAN_POINT('',(181.08196355766,-104.61535424,12.6));
#8210 = VECTOR('',#8211,1.);
#8211 = DIRECTION('',(0.,0.,1.));
#8212 = ORIENTED_EDGE('',*,*,#3858,.T.);
#8213 = ORIENTED_EDGE('',*,*,#8179,.F.);
#8214 = ORIENTED_EDGE('',*,*,#8215,.F.);
#8215 = EDGE_CURVE('',#8206,#8180,#8216,.T.);
#8216 = B_SPLINE_CURVE_WITH_KNOTS('',2,(#8217,#8218,#8219),
  .UNSPECIFIED.,.F.,.F.,(3,3),(0.,1.),.PIECEWISE_BEZIER_KNOTS.);
#8217 = CARTESIAN_POINT('',(181.08196355766,-104.61535424,12.6));
#8218 = CARTESIAN_POINT('',(179.28732348872,-104.6185177258,12.6));
#8219 = CARTESIAN_POINT('',(178.23726703869,-103.5743849355,12.6));
#8220 = SURFACE_OF_LINEAR_EXTRUSION('',#8221,#8225);
#8221 = B_SPLINE_CURVE_WITH_KNOTS('',2,(#8222,#8223,#8224),
  .UNSPECIFIED.,.F.,.F.,(3,3),(0.,1.),.PIECEWISE_BEZIER_KNOTS.);
#8222 = CARTESIAN_POINT('',(181.08196355766,-104.61535424,12.6));
#8223 = CARTESIAN_POINT('',(179.28732348872,-104.6185177258,12.6));
#8224 = CARTESIAN_POINT('',(178.23726703869,-103.5743849355,12.6));
#8225 = VECTOR('',#8226,1.);
#8226 = DIRECTION('',(-0.,-0.,-1.));
#8227 = ADVANCED_FACE('',(#8228),#8246,.F.);
#8228 = FACE_BOUND('',#8229,.F.);
#8229 = EDGE_LOOP('',(#8230,#8238,#8239,#8240));
#8230 = ORIENTED_EDGE('',*,*,#8231,.T.);
#8231 = EDGE_CURVE('',#8232,#3843,#8234,.T.);
#8232 = VERTEX_POINT('',#8233);
#8233 = CARTESIAN_POINT('',(182.49464967579,-104.4664352412,12.6));
#8234 = LINE('',#8235,#8236);
#8235 = CARTESIAN_POINT('',(182.49464967579,-104.4664352412,12.6));
#8236 = VECTOR('',#8237,1.);
#8237 = DIRECTION('',(0.,0.,1.));
#8238 = ORIENTED_EDGE('',*,*,#3850,.T.);
#8239 = ORIENTED_EDGE('',*,*,#8205,.F.);
#8240 = ORIENTED_EDGE('',*,*,#8241,.F.);
#8241 = EDGE_CURVE('',#8232,#8206,#8242,.T.);
#8242 = B_SPLINE_CURVE_WITH_KNOTS('',2,(#8243,#8244,#8245),
  .UNSPECIFIED.,.F.,.F.,(3,3),(0.,1.),.PIECEWISE_BEZIER_KNOTS.);
#8243 = CARTESIAN_POINT('',(182.49464967579,-104.4664352412,12.6));
#8244 = CARTESIAN_POINT('',(181.79848030161,-104.6140912065,12.6));
#8245 = CARTESIAN_POINT('',(181.08196355766,-104.61535424,12.6));
#8246 = SURFACE_OF_LINEAR_EXTRUSION('',#8247,#8251);
#8247 = B_SPLINE_CURVE_WITH_KNOTS('',2,(#8248,#8249,#8250),
  .UNSPECIFIED.,.F.,.F.,(3,3),(0.,1.),.PIECEWISE_BEZIER_KNOTS.);
#8248 = CARTESIAN_POINT('',(182.49464967579,-104.4664352412,12.6));
#8249 = CARTESIAN_POINT('',(181.79848030161,-104.6140912065,12.6));
#8250 = CARTESIAN_POINT('',(181.08196355766,-104.61535424,12.6));
#8251 = VECTOR('',#8252,1.);
#8252 = DIRECTION('',(-0.,-0.,-1.));
#8253 = ADVANCED_FACE('',(#8254),#8272,.F.);
#8254 = FACE_BOUND('',#8255,.F.);
#8255 = EDGE_LOOP('',(#8256,#8264,#8265,#8266));
#8256 = ORIENTED_EDGE('',*,*,#8257,.T.);
#8257 = EDGE_CURVE('',#8258,#3835,#8260,.T.);
#8258 = VERTEX_POINT('',#8259);
#8259 = CARTESIAN_POINT('',(183.85327340003,-104.039039679,12.6));
#8260 = LINE('',#8261,#8262);
#8261 = CARTESIAN_POINT('',(183.85327340003,-104.039039679,12.6));
#8262 = VECTOR('',#8263,1.);
#8263 = DIRECTION('',(0.,0.,1.));
#8264 = ORIENTED_EDGE('',*,*,#3842,.T.);
#8265 = ORIENTED_EDGE('',*,*,#8231,.F.);
#8266 = ORIENTED_EDGE('',*,*,#8267,.F.);
#8267 = EDGE_CURVE('',#8258,#8232,#8268,.T.);
#8268 = B_SPLINE_CURVE_WITH_KNOTS('',2,(#8269,#8270,#8271),
  .UNSPECIFIED.,.F.,.F.,(3,3),(0.,1.),.PIECEWISE_BEZIER_KNOTS.);
#8269 = CARTESIAN_POINT('',(183.85327340003,-104.039039679,12.6));
#8270 = CARTESIAN_POINT('',(183.1908198369,-104.3192257038,12.6));
#8271 = CARTESIAN_POINT('',(182.49464967579,-104.4664352412,12.6));
#8272 = SURFACE_OF_LINEAR_EXTRUSION('',#8273,#8277);
#8273 = B_SPLINE_CURVE_WITH_KNOTS('',2,(#8274,#8275,#8276),
  .UNSPECIFIED.,.F.,.F.,(3,3),(0.,1.),.PIECEWISE_BEZIER_KNOTS.);
#8274 = CARTESIAN_POINT('',(183.85327340003,-104.039039679,12.6));
#8275 = CARTESIAN_POINT('',(183.1908198369,-104.3192257038,12.6));
#8276 = CARTESIAN_POINT('',(182.49464967579,-104.4664352412,12.6));
#8277 = VECTOR('',#8278,1.);
#8278 = DIRECTION('',(-0.,-0.,-1.));
#8279 = ADVANCED_FACE('',(#8280),#8298,.F.);
#8280 = FACE_BOUND('',#8281,.F.);
#8281 = EDGE_LOOP('',(#8282,#8290,#8291,#8292));
#8282 = ORIENTED_EDGE('',*,*,#8283,.T.);
#8283 = EDGE_CURVE('',#8284,#3827,#8286,.T.);
#8284 = VERTEX_POINT('',#8285);
#8285 = CARTESIAN_POINT('',(183.85120847795,-102.8676129276,12.6));
#8286 = LINE('',#8287,#8288);
#8287 = CARTESIAN_POINT('',(183.85120847795,-102.8676129276,12.6));
#8288 = VECTOR('',#8289,1.);
#8289 = DIRECTION('',(0.,0.,1.));
#8290 = ORIENTED_EDGE('',*,*,#3834,.T.);
#8291 = ORIENTED_EDGE('',*,*,#8257,.F.);
#8292 = ORIENTED_EDGE('',*,*,#8293,.F.);
#8293 = EDGE_CURVE('',#8284,#8258,#8294,.T.);
#8294 = LINE('',#8295,#8296);
#8295 = CARTESIAN_POINT('',(183.85120847795,-102.8676129276,12.6));
#8296 = VECTOR('',#8297,1.);
#8297 = DIRECTION('',(1.762738357939E-03,-0.999998446376,0.));
#8298 = PLANE('',#8299);
#8299 = AXIS2_PLACEMENT_3D('',#8300,#8301,#8302);
#8300 = CARTESIAN_POINT('',(183.85120847795,-102.8676129276,12.6));
#8301 = DIRECTION('',(0.999998446376,1.762738357939E-03,0.));
#8302 = DIRECTION('',(1.762738357939E-03,-0.999998446376,0.));
#8303 = ADVANCED_FACE('',(#8304),#8322,.F.);
#8304 = FACE_BOUND('',#8305,.F.);
#8305 = EDGE_LOOP('',(#8306,#8314,#8315,#8316));
#8306 = ORIENTED_EDGE('',*,*,#8307,.T.);
#8307 = EDGE_CURVE('',#8308,#3819,#8310,.T.);
#8308 = VERTEX_POINT('',#8309);
#8309 = CARTESIAN_POINT('',(182.52934922705,-103.3842295365,12.6));
#8310 = LINE('',#8311,#8312);
#8311 = CARTESIAN_POINT('',(182.52934922705,-103.3842295365,12.6));
#8312 = VECTOR('',#8313,1.);
#8313 = DIRECTION('',(0.,0.,1.));
#8314 = ORIENTED_EDGE('',*,*,#3826,.T.);
#8315 = ORIENTED_EDGE('',*,*,#8283,.F.);
#8316 = ORIENTED_EDGE('',*,*,#8317,.F.);
#8317 = EDGE_CURVE('',#8308,#8284,#8318,.T.);
#8318 = B_SPLINE_CURVE_WITH_KNOTS('',2,(#8319,#8320,#8321),
  .UNSPECIFIED.,.F.,.F.,(3,3),(0.,1.),.PIECEWISE_BEZIER_KNOTS.);
#8319 = CARTESIAN_POINT('',(182.52934922705,-103.3842295365,12.6));
#8320 = CARTESIAN_POINT('',(183.19556386495,-103.2116263348,12.6));
#8321 = CARTESIAN_POINT('',(183.85120847795,-102.8676129276,12.6));
#8322 = SURFACE_OF_LINEAR_EXTRUSION('',#8323,#8327);
#8323 = B_SPLINE_CURVE_WITH_KNOTS('',2,(#8324,#8325,#8326),
  .UNSPECIFIED.,.F.,.F.,(3,3),(0.,1.),.PIECEWISE_BEZIER_KNOTS.);
#8324 = CARTESIAN_POINT('',(182.52934922705,-103.3842295365,12.6));
#8325 = CARTESIAN_POINT('',(183.19556386495,-103.2116263348,12.6));
#8326 = CARTESIAN_POINT('',(183.85120847795,-102.8676129276,12.6));
#8327 = VECTOR('',#8328,1.);
#8328 = DIRECTION('',(-0.,-0.,-1.));
#8329 = ADVANCED_FACE('',(#8330),#8348,.F.);
#8330 = FACE_BOUND('',#8331,.F.);
#8331 = EDGE_LOOP('',(#8332,#8340,#8341,#8342));
#8332 = ORIENTED_EDGE('',*,*,#8333,.T.);
#8333 = EDGE_CURVE('',#8334,#3811,#8336,.T.);
#8334 = VERTEX_POINT('',#8335);
#8335 = CARTESIAN_POINT('',(181.15376069124,-103.5580831807,12.6));
#8336 = LINE('',#8337,#8338);
#8337 = CARTESIAN_POINT('',(181.15376069124,-103.5580831807,12.6));
#8338 = VECTOR('',#8339,1.);
#8339 = DIRECTION('',(0.,0.,1.));
#8340 = ORIENTED_EDGE('',*,*,#3818,.T.);
#8341 = ORIENTED_EDGE('',*,*,#8307,.F.);
#8342 = ORIENTED_EDGE('',*,*,#8343,.F.);
#8343 = EDGE_CURVE('',#8334,#8308,#8344,.T.);
#8344 = B_SPLINE_CURVE_WITH_KNOTS('',2,(#8345,#8346,#8347),
  .UNSPECIFIED.,.F.,.F.,(3,3),(0.,1.),.PIECEWISE_BEZIER_KNOTS.);
#8345 = CARTESIAN_POINT('',(181.15376069124,-103.5580831807,12.6));
#8346 = CARTESIAN_POINT('',(181.86358101702,-103.5568319512,12.6));
#8347 = CARTESIAN_POINT('',(182.52934922705,-103.3842295365,12.6));
#8348 = SURFACE_OF_LINEAR_EXTRUSION('',#8349,#8353);
#8349 = B_SPLINE_CURVE_WITH_KNOTS('',2,(#8350,#8351,#8352),
  .UNSPECIFIED.,.F.,.F.,(3,3),(0.,1.),.PIECEWISE_BEZIER_KNOTS.);
#8350 = CARTESIAN_POINT('',(181.15376069124,-103.5580831807,12.6));
#8351 = CARTESIAN_POINT('',(181.86358101702,-103.5568319512,12.6));
#8352 = CARTESIAN_POINT('',(182.52934922705,-103.3842295365,12.6));
#8353 = VECTOR('',#8354,1.);
#8354 = DIRECTION('',(-0.,-0.,-1.));
#8355 = ADVANCED_FACE('',(#8356),#8374,.F.);
#8356 = FACE_BOUND('',#8357,.F.);
#8357 = EDGE_LOOP('',(#8358,#8366,#8367,#8368));
#8358 = ORIENTED_EDGE('',*,*,#8359,.T.);
#8359 = EDGE_CURVE('',#8360,#3803,#8362,.T.);
#8360 = VERTEX_POINT('',#8361);
#8361 = CARTESIAN_POINT('',(179.24053834158,-102.8967225208,12.6));
#8362 = LINE('',#8363,#8364);
#8363 = CARTESIAN_POINT('',(179.24053834158,-102.8967225208,12.6));
#8364 = VECTOR('',#8365,1.);
#8365 = DIRECTION('',(0.,0.,1.));
#8366 = ORIENTED_EDGE('',*,*,#3810,.T.);
#8367 = ORIENTED_EDGE('',*,*,#8333,.F.);
#8368 = ORIENTED_EDGE('',*,*,#8369,.F.);
#8369 = EDGE_CURVE('',#8360,#8334,#8370,.T.);
#8370 = B_SPLINE_CURVE_WITH_KNOTS('',2,(#8371,#8372,#8373),
  .UNSPECIFIED.,.F.,.F.,(3,3),(0.,1.),.PIECEWISE_BEZIER_KNOTS.);
#8371 = CARTESIAN_POINT('',(179.24053834158,-102.8967225208,12.6));
#8372 = CARTESIAN_POINT('',(179.92831616656,-103.5602433221,12.6));
#8373 = CARTESIAN_POINT('',(181.15376069124,-103.5580831807,12.6));
#8374 = SURFACE_OF_LINEAR_EXTRUSION('',#8375,#8379);
#8375 = B_SPLINE_CURVE_WITH_KNOTS('',2,(#8376,#8377,#8378),
  .UNSPECIFIED.,.F.,.F.,(3,3),(0.,1.),.PIECEWISE_BEZIER_KNOTS.);
#8376 = CARTESIAN_POINT('',(179.24053834158,-102.8967225208,12.6));
#8377 = CARTESIAN_POINT('',(179.92831616656,-103.5602433221,12.6));
#8378 = CARTESIAN_POINT('',(181.15376069124,-103.5580831807,12.6));
#8379 = VECTOR('',#8380,1.);
#8380 = DIRECTION('',(-0.,-0.,-1.));
#8381 = ADVANCED_FACE('',(#8382),#8400,.F.);
#8382 = FACE_BOUND('',#8383,.F.);
#8383 = EDGE_LOOP('',(#8384,#8392,#8393,#8394));
#8384 = ORIENTED_EDGE('',*,*,#8385,.T.);
#8385 = EDGE_CURVE('',#8386,#3795,#8388,.T.);
#8386 = VERTEX_POINT('',#8387);
#8387 = CARTESIAN_POINT('',(178.47061030444,-100.9628088407,12.6));
#8388 = LINE('',#8389,#8390);
#8389 = CARTESIAN_POINT('',(178.47061030444,-100.9628088407,12.6));
#8390 = VECTOR('',#8391,1.);
#8391 = DIRECTION('',(0.,0.,1.));
#8392 = ORIENTED_EDGE('',*,*,#3802,.T.);
#8393 = ORIENTED_EDGE('',*,*,#8359,.F.);
#8394 = ORIENTED_EDGE('',*,*,#8395,.F.);
#8395 = EDGE_CURVE('',#8386,#8360,#8396,.T.);
#8396 = B_SPLINE_CURVE_WITH_KNOTS('',2,(#8397,#8398,#8399),
  .UNSPECIFIED.,.F.,.F.,(3,3),(0.,1.),.PIECEWISE_BEZIER_KNOTS.);
#8397 = CARTESIAN_POINT('',(178.47061030444,-100.9628088407,12.6));
#8398 = CARTESIAN_POINT('',(178.55320615755,-102.2327545046,12.6));
#8399 = CARTESIAN_POINT('',(179.24053834158,-102.8967225208,12.6));
#8400 = SURFACE_OF_LINEAR_EXTRUSION('',#8401,#8405);
#8401 = B_SPLINE_CURVE_WITH_KNOTS('',2,(#8402,#8403,#8404),
  .UNSPECIFIED.,.F.,.F.,(3,3),(0.,1.),.PIECEWISE_BEZIER_KNOTS.);
#8402 = CARTESIAN_POINT('',(178.47061030444,-100.9628088407,12.6));
#8403 = CARTESIAN_POINT('',(178.55320615755,-102.2327545046,12.6));
#8404 = CARTESIAN_POINT('',(179.24053834158,-102.8967225208,12.6));
#8405 = VECTOR('',#8406,1.);
#8406 = DIRECTION('',(-0.,-0.,-1.));
#8407 = ADVANCED_FACE('',(#8408),#8426,.F.);
#8408 = FACE_BOUND('',#8409,.F.);
#8409 = EDGE_LOOP('',(#8410,#8418,#8419,#8420));
#8410 = ORIENTED_EDGE('',*,*,#8411,.T.);
#8411 = EDGE_CURVE('',#8412,#3787,#8414,.T.);
#8412 = VERTEX_POINT('',#8413);
#8413 = CARTESIAN_POINT('',(184.1357800743,-100.9528226131,12.6));
#8414 = LINE('',#8415,#8416);
#8415 = CARTESIAN_POINT('',(184.1357800743,-100.9528226131,12.6));
#8416 = VECTOR('',#8417,1.);
#8417 = DIRECTION('',(0.,0.,1.));
#8418 = ORIENTED_EDGE('',*,*,#3794,.T.);
#8419 = ORIENTED_EDGE('',*,*,#8385,.F.);
#8420 = ORIENTED_EDGE('',*,*,#8421,.F.);
#8421 = EDGE_CURVE('',#8412,#8386,#8422,.T.);
#8422 = LINE('',#8423,#8424);
#8423 = CARTESIAN_POINT('',(184.1357800743,-100.9528226131,12.6));
#8424 = VECTOR('',#8425,1.);
#8425 = DIRECTION('',(-0.999998446376,-1.762738357939E-03,0.));
#8426 = PLANE('',#8427);
#8427 = AXIS2_PLACEMENT_3D('',#8428,#8429,#8430);
#8428 = CARTESIAN_POINT('',(184.1357800743,-100.9528226131,12.6));
#8429 = DIRECTION('',(1.762738357939E-03,-0.999998446376,0.));
#8430 = DIRECTION('',(-0.999998446376,-1.762738357939E-03,0.));
#8431 = ADVANCED_FACE('',(#8432),#8443,.F.);
#8432 = FACE_BOUND('',#8433,.F.);
#8433 = EDGE_LOOP('',(#8434,#8435,#8436,#8437));
#8434 = ORIENTED_EDGE('',*,*,#8077,.T.);
#8435 = ORIENTED_EDGE('',*,*,#3786,.T.);
#8436 = ORIENTED_EDGE('',*,*,#8411,.F.);
#8437 = ORIENTED_EDGE('',*,*,#8438,.F.);
#8438 = EDGE_CURVE('',#8078,#8412,#8439,.T.);
#8439 = LINE('',#8440,#8441);
#8440 = CARTESIAN_POINT('',(184.1347098403,-100.3456806993,12.6));
#8441 = VECTOR('',#8442,1.);
#8442 = DIRECTION('',(1.762738357939E-03,-0.999998446376,0.));
#8443 = PLANE('',#8444);
#8444 = AXIS2_PLACEMENT_3D('',#8445,#8446,#8447);
#8445 = CARTESIAN_POINT('',(184.1347098403,-100.3456806993,12.6));
#8446 = DIRECTION('',(0.999998446376,1.762738357939E-03,0.));
#8447 = DIRECTION('',(1.762738357939E-03,-0.999998446376,0.));
#8448 = ADVANCED_FACE('',(#8449),#8474,.F.);
#8449 = FACE_BOUND('',#8450,.F.);
#8450 = EDGE_LOOP('',(#8451,#8459,#8460,#8468));
#8451 = ORIENTED_EDGE('',*,*,#8452,.T.);
#8452 = EDGE_CURVE('',#8453,#3899,#8455,.T.);
#8453 = VERTEX_POINT('',#8454);
#8454 = CARTESIAN_POINT('',(190.48109563891,-96.77020241241,12.6));
#8455 = LINE('',#8456,#8457);
#8456 = CARTESIAN_POINT('',(190.48109563891,-96.77020241241,12.6));
#8457 = VECTOR('',#8458,1.);
#8458 = DIRECTION('',(0.,0.,1.));
#8459 = ORIENTED_EDGE('',*,*,#3898,.T.);
#8460 = ORIENTED_EDGE('',*,*,#8461,.F.);
#8461 = EDGE_CURVE('',#8462,#3901,#8464,.T.);
#8462 = VERTEX_POINT('',#8463);
#8463 = CARTESIAN_POINT('',(190.49000807101,-98.02733151237,12.6));
#8464 = LINE('',#8465,#8466);
#8465 = CARTESIAN_POINT('',(190.49000807101,-98.02733151237,12.6));
#8466 = VECTOR('',#8467,1.);
#8467 = DIRECTION('',(0.,0.,1.));
#8468 = ORIENTED_EDGE('',*,*,#8469,.F.);
#8469 = EDGE_CURVE('',#8453,#8462,#8470,.T.);
#8470 = LINE('',#8471,#8472);
#8471 = CARTESIAN_POINT('',(190.48109563891,-96.77020241241,12.6));
#8472 = VECTOR('',#8473,1.);
#8473 = DIRECTION('',(7.089334052801E-03,-0.999974870356,0.));
#8474 = PLANE('',#8475);
#8475 = AXIS2_PLACEMENT_3D('',#8476,#8477,#8478);
#8476 = CARTESIAN_POINT('',(190.48109563891,-96.77020241241,12.6));
#8477 = DIRECTION('',(0.999974870356,7.089334052801E-03,0.));
#8478 = DIRECTION('',(7.089334052801E-03,-0.999974870356,0.));
#8479 = ADVANCED_FACE('',(#8480),#8498,.F.);
#8480 = FACE_BOUND('',#8481,.F.);
#8481 = EDGE_LOOP('',(#8482,#8490,#8491,#8492));
#8482 = ORIENTED_EDGE('',*,*,#8483,.T.);
#8483 = EDGE_CURVE('',#8484,#3997,#8486,.T.);
#8484 = VERTEX_POINT('',#8485);
#8485 = CARTESIAN_POINT('',(190.13950276642,-96.72794734276,12.6));
#8486 = LINE('',#8487,#8488);
#8487 = CARTESIAN_POINT('',(190.13950276642,-96.72794734276,12.6));
#8488 = VECTOR('',#8489,1.);
#8489 = DIRECTION('',(0.,0.,1.));
#8490 = ORIENTED_EDGE('',*,*,#4004,.T.);
#8491 = ORIENTED_EDGE('',*,*,#8452,.F.);
#8492 = ORIENTED_EDGE('',*,*,#8493,.F.);
#8493 = EDGE_CURVE('',#8484,#8453,#8494,.T.);
#8494 = B_SPLINE_CURVE_WITH_KNOTS('',2,(#8495,#8496,#8497),
  .UNSPECIFIED.,.F.,.F.,(3,3),(0.,1.),.PIECEWISE_BEZIER_KNOTS.);
#8495 = CARTESIAN_POINT('',(190.13950276642,-96.72794734276,12.6));
#8496 = CARTESIAN_POINT('',(190.29354556626,-96.74196154167,12.6));
#8497 = CARTESIAN_POINT('',(190.48109563891,-96.77020241241,12.6));
#8498 = SURFACE_OF_LINEAR_EXTRUSION('',#8499,#8503);
#8499 = B_SPLINE_CURVE_WITH_KNOTS('',2,(#8500,#8501,#8502),
  .UNSPECIFIED.,.F.,.F.,(3,3),(0.,1.),.PIECEWISE_BEZIER_KNOTS.);
#8500 = CARTESIAN_POINT('',(190.13950276642,-96.72794734276,12.6));
#8501 = CARTESIAN_POINT('',(190.29354556626,-96.74196154167,12.6));
#8502 = CARTESIAN_POINT('',(190.48109563891,-96.77020241241,12.6));
#8503 = VECTOR('',#8504,1.);
#8504 = DIRECTION('',(-0.,-0.,-1.));
#8505 = ADVANCED_FACE('',(#8506),#8524,.F.);
#8506 = FACE_BOUND('',#8507,.F.);
#8507 = EDGE_LOOP('',(#8508,#8516,#8517,#8518));
#8508 = ORIENTED_EDGE('',*,*,#8509,.T.);
#8509 = EDGE_CURVE('',#8510,#3989,#8512,.T.);
#8510 = VERTEX_POINT('',#8511);
#8511 = CARTESIAN_POINT('',(189.8582280214,-96.71415742083,12.6));
#8512 = LINE('',#8513,#8514);
#8513 = CARTESIAN_POINT('',(189.8582280214,-96.71415742083,12.6));
#8514 = VECTOR('',#8515,1.);
#8515 = DIRECTION('',(0.,0.,1.));
#8516 = ORIENTED_EDGE('',*,*,#3996,.T.);
#8517 = ORIENTED_EDGE('',*,*,#8483,.F.);
#8518 = ORIENTED_EDGE('',*,*,#8519,.F.);
#8519 = EDGE_CURVE('',#8510,#8484,#8520,.T.);
#8520 = B_SPLINE_CURVE_WITH_KNOTS('',2,(#8521,#8522,#8523),
  .UNSPECIFIED.,.F.,.F.,(3,3),(0.,1.),.PIECEWISE_BEZIER_KNOTS.);
#8521 = CARTESIAN_POINT('',(189.8582280214,-96.71415742083,12.6));
#8522 = CARTESIAN_POINT('',(189.98545996659,-96.71393314385,12.6));
#8523 = CARTESIAN_POINT('',(190.13950276642,-96.72794734276,12.6));
#8524 = SURFACE_OF_LINEAR_EXTRUSION('',#8525,#8529);
#8525 = B_SPLINE_CURVE_WITH_KNOTS('',2,(#8526,#8527,#8528),
  .UNSPECIFIED.,.F.,.F.,(3,3),(0.,1.),.PIECEWISE_BEZIER_KNOTS.);
#8526 = CARTESIAN_POINT('',(189.8582280214,-96.71415742083,12.6));
#8527 = CARTESIAN_POINT('',(189.98545996659,-96.71393314385,12.6));
#8528 = CARTESIAN_POINT('',(190.13950276642,-96.72794734276,12.6));
#8529 = VECTOR('',#8530,1.);
#8530 = DIRECTION('',(-0.,-0.,-1.));
#8531 = ADVANCED_FACE('',(#8532),#8550,.F.);
#8532 = FACE_BOUND('',#8533,.F.);
#8533 = EDGE_LOOP('',(#8534,#8542,#8543,#8544));
#8534 = ORIENTED_EDGE('',*,*,#8535,.T.);
#8535 = EDGE_CURVE('',#8536,#3981,#8538,.T.);
#8536 = VERTEX_POINT('',#8537);
#8537 = CARTESIAN_POINT('',(188.34542063565,-97.04762819395,12.6));
#8538 = LINE('',#8539,#8540);
#8539 = CARTESIAN_POINT('',(188.34542063565,-97.04762819395,12.6));
#8540 = VECTOR('',#8541,1.);
#8541 = DIRECTION('',(0.,0.,1.));
#8542 = ORIENTED_EDGE('',*,*,#3988,.T.);
#8543 = ORIENTED_EDGE('',*,*,#8509,.F.);
#8544 = ORIENTED_EDGE('',*,*,#8545,.F.);
#8545 = EDGE_CURVE('',#8536,#8510,#8546,.T.);
#8546 = B_SPLINE_CURVE_WITH_KNOTS('',2,(#8547,#8548,#8549),
  .UNSPECIFIED.,.F.,.F.,(3,3),(0.,1.),.PIECEWISE_BEZIER_KNOTS.);
#8547 = CARTESIAN_POINT('',(188.34542063565,-97.04762819395,12.6));
#8548 = CARTESIAN_POINT('',(188.9676044051,-96.71572735968,12.6));
#8549 = CARTESIAN_POINT('',(189.8582280214,-96.71415742083,12.6));
#8550 = SURFACE_OF_LINEAR_EXTRUSION('',#8551,#8555);
#8551 = B_SPLINE_CURVE_WITH_KNOTS('',2,(#8552,#8553,#8554),
  .UNSPECIFIED.,.F.,.F.,(3,3),(0.,1.),.PIECEWISE_BEZIER_KNOTS.);
#8552 = CARTESIAN_POINT('',(188.34542063565,-97.04762819395,12.6));
#8553 = CARTESIAN_POINT('',(188.9676044051,-96.71572735968,12.6));
#8554 = CARTESIAN_POINT('',(189.8582280214,-96.71415742083,12.6));
#8555 = VECTOR('',#8556,1.);
#8556 = DIRECTION('',(-0.,-0.,-1.));
#8557 = ADVANCED_FACE('',(#8558),#8576,.F.);
#8558 = FACE_BOUND('',#8559,.F.);
#8559 = EDGE_LOOP('',(#8560,#8568,#8569,#8570));
#8560 = ORIENTED_EDGE('',*,*,#8561,.T.);
#8561 = EDGE_CURVE('',#8562,#3973,#8564,.T.);
#8562 = VERTEX_POINT('',#8563);
#8563 = CARTESIAN_POINT('',(187.33604547798,-98.06146260481,12.6));
#8564 = LINE('',#8565,#8566);
#8565 = CARTESIAN_POINT('',(187.33604547798,-98.06146260481,12.6));
#8566 = VECTOR('',#8567,1.);
#8567 = DIRECTION('',(0.,0.,1.));
#8568 = ORIENTED_EDGE('',*,*,#3980,.T.);
#8569 = ORIENTED_EDGE('',*,*,#8535,.F.);
#8570 = ORIENTED_EDGE('',*,*,#8571,.F.);
#8571 = EDGE_CURVE('',#8562,#8536,#8572,.T.);
#8572 = B_SPLINE_CURVE_WITH_KNOTS('',2,(#8573,#8574,#8575),
  .UNSPECIFIED.,.F.,.F.,(3,3),(0.,1.),.PIECEWISE_BEZIER_KNOTS.);
#8573 = CARTESIAN_POINT('',(187.33604547798,-98.06146260481,12.6));
#8574 = CARTESIAN_POINT('',(187.7232368662,-97.37952902823,12.6));
#8575 = CARTESIAN_POINT('',(188.34542063565,-97.04762819395,12.6));
#8576 = SURFACE_OF_LINEAR_EXTRUSION('',#8577,#8581);
#8577 = B_SPLINE_CURVE_WITH_KNOTS('',2,(#8578,#8579,#8580),
  .UNSPECIFIED.,.F.,.F.,(3,3),(0.,1.),.PIECEWISE_BEZIER_KNOTS.);
#8578 = CARTESIAN_POINT('',(187.33604547798,-98.06146260481,12.6));
#8579 = CARTESIAN_POINT('',(187.7232368662,-97.37952902823,12.6));
#8580 = CARTESIAN_POINT('',(188.34542063565,-97.04762819395,12.6));
#8581 = VECTOR('',#8582,1.);
#8582 = DIRECTION('',(-0.,-0.,-1.));
#8583 = ADVANCED_FACE('',(#8584),#8602,.F.);
#8584 = FACE_BOUND('',#8585,.F.);
#8585 = EDGE_LOOP('',(#8586,#8594,#8595,#8596));
#8586 = ORIENTED_EDGE('',*,*,#8587,.T.);
#8587 = EDGE_CURVE('',#8588,#3965,#8590,.T.);
#8588 = VERTEX_POINT('',#8589);
#8589 = CARTESIAN_POINT('',(187.3339805559,-96.89003585334,12.6));
#8590 = LINE('',#8591,#8592);
#8591 = CARTESIAN_POINT('',(187.3339805559,-96.89003585334,12.6));
#8592 = VECTOR('',#8593,1.);
#8593 = DIRECTION('',(0.,0.,1.));
#8594 = ORIENTED_EDGE('',*,*,#3972,.T.);
#8595 = ORIENTED_EDGE('',*,*,#8561,.F.);
#8596 = ORIENTED_EDGE('',*,*,#8597,.F.);
#8597 = EDGE_CURVE('',#8588,#8562,#8598,.T.);
#8598 = LINE('',#8599,#8600);
#8599 = CARTESIAN_POINT('',(187.3339805559,-96.89003585334,12.6));
#8600 = VECTOR('',#8601,1.);
#8601 = DIRECTION('',(1.762738357939E-03,-0.999998446376,0.));
#8602 = PLANE('',#8603);
#8603 = AXIS2_PLACEMENT_3D('',#8604,#8605,#8606);
#8604 = CARTESIAN_POINT('',(187.3339805559,-96.89003585334,12.6));
#8605 = DIRECTION('',(0.999998446376,1.762738357939E-03,0.));
#8606 = DIRECTION('',(1.762738357939E-03,-0.999998446376,0.));
#8607 = ADVANCED_FACE('',(#8608),#8626,.F.);
#8608 = FACE_BOUND('',#8609,.F.);
#8609 = EDGE_LOOP('',(#8610,#8618,#8619,#8620));
#8610 = ORIENTED_EDGE('',*,*,#8611,.T.);
#8611 = EDGE_CURVE('',#8612,#3957,#8614,.T.);
#8612 = VERTEX_POINT('',#8613);
#8613 = CARTESIAN_POINT('',(186.09514319488,-96.89221960287,12.6));
#8614 = LINE('',#8615,#8616);
#8615 = CARTESIAN_POINT('',(186.09514319488,-96.89221960287,12.6));
#8616 = VECTOR('',#8617,1.);
#8617 = DIRECTION('',(0.,0.,1.));
#8618 = ORIENTED_EDGE('',*,*,#3964,.T.);
#8619 = ORIENTED_EDGE('',*,*,#8587,.F.);
#8620 = ORIENTED_EDGE('',*,*,#8621,.F.);
#8621 = EDGE_CURVE('',#8612,#8588,#8622,.T.);
#8622 = LINE('',#8623,#8624);
#8623 = CARTESIAN_POINT('',(186.09514319488,-96.89221960287,12.6));
#8624 = VECTOR('',#8625,1.);
#8625 = DIRECTION('',(0.999998446376,1.762738357939E-03,0.));
#8626 = PLANE('',#8627);
#8627 = AXIS2_PLACEMENT_3D('',#8628,#8629,#8630);
#8628 = CARTESIAN_POINT('',(186.09514319488,-96.89221960287,12.6));
#8629 = DIRECTION('',(-1.762738357939E-03,0.999998446376,0.));
#8630 = DIRECTION('',(0.999998446376,1.762738357939E-03,0.));
#8631 = ADVANCED_FACE('',(#8632),#8650,.F.);
#8632 = FACE_BOUND('',#8633,.F.);
#8633 = EDGE_LOOP('',(#8634,#8642,#8643,#8644));
#8634 = ORIENTED_EDGE('',*,*,#8635,.T.);
#8635 = EDGE_CURVE('',#8636,#3949,#8638,.T.);
#8636 = VERTEX_POINT('',#8637);
#8637 = CARTESIAN_POINT('',(186.10838891454,-104.4064936427,12.6));
#8638 = LINE('',#8639,#8640);
#8639 = CARTESIAN_POINT('',(186.10838891454,-104.4064936427,12.6));
#8640 = VECTOR('',#8641,1.);
#8641 = DIRECTION('',(0.,0.,1.));
#8642 = ORIENTED_EDGE('',*,*,#3956,.T.);
#8643 = ORIENTED_EDGE('',*,*,#8611,.F.);
#8644 = ORIENTED_EDGE('',*,*,#8645,.F.);
#8645 = EDGE_CURVE('',#8636,#8612,#8646,.T.);
#8646 = LINE('',#8647,#8648);
#8647 = CARTESIAN_POINT('',(186.10838891454,-104.4064936427,12.6));
#8648 = VECTOR('',#8649,1.);
#8649 = DIRECTION('',(-1.762738357939E-03,0.999998446376,0.));
#8650 = PLANE('',#8651);
#8651 = AXIS2_PLACEMENT_3D('',#8652,#8653,#8654);
#8652 = CARTESIAN_POINT('',(186.10838891454,-104.4064936427,12.6));
#8653 = DIRECTION('',(-0.999998446376,-1.762738357939E-03,0.));
#8654 = DIRECTION('',(-1.762738357939E-03,0.999998446376,0.));
#8655 = ADVANCED_FACE('',(#8656),#8674,.F.);
#8656 = FACE_BOUND('',#8657,.F.);
#8657 = EDGE_LOOP('',(#8658,#8666,#8667,#8668));
#8658 = ORIENTED_EDGE('',*,*,#8659,.T.);
#8659 = EDGE_CURVE('',#8660,#3941,#8662,.T.);
#8660 = VERTEX_POINT('',#8661);
#8661 = CARTESIAN_POINT('',(187.34722627556,-104.4043098932,12.6));
#8662 = LINE('',#8663,#8664);
#8663 = CARTESIAN_POINT('',(187.34722627556,-104.4043098932,12.6));
#8664 = VECTOR('',#8665,1.);
#8665 = DIRECTION('',(0.,0.,1.));
#8666 = ORIENTED_EDGE('',*,*,#3948,.T.);
#8667 = ORIENTED_EDGE('',*,*,#8635,.F.);
#8668 = ORIENTED_EDGE('',*,*,#8669,.F.);
#8669 = EDGE_CURVE('',#8660,#8636,#8670,.T.);
#8670 = LINE('',#8671,#8672);
#8671 = CARTESIAN_POINT('',(187.34722627556,-104.4043098932,12.6));
#8672 = VECTOR('',#8673,1.);
#8673 = DIRECTION('',(-0.999998446376,-1.762738357939E-03,0.));
#8674 = PLANE('',#8675);
#8675 = AXIS2_PLACEMENT_3D('',#8676,#8677,#8678);
#8676 = CARTESIAN_POINT('',(187.34722627556,-104.4043098932,12.6));
#8677 = DIRECTION('',(1.762738357939E-03,-0.999998446376,0.));
#8678 = DIRECTION('',(-0.999998446376,-1.762738357939E-03,0.));
#8679 = ADVANCED_FACE('',(#8680),#8698,.F.);
#8680 = FACE_BOUND('',#8681,.F.);
#8681 = EDGE_LOOP('',(#8682,#8690,#8691,#8692));
#8682 = ORIENTED_EDGE('',*,*,#8683,.T.);
#8683 = EDGE_CURVE('',#8684,#3933,#8686,.T.);
#8684 = VERTEX_POINT('',#8685);
#8685 = CARTESIAN_POINT('',(187.34025322887,-100.4485124676,12.6));
#8686 = LINE('',#8687,#8688);
#8687 = CARTESIAN_POINT('',(187.34025322887,-100.4485124676,12.6));
#8688 = VECTOR('',#8689,1.);
#8689 = DIRECTION('',(0.,0.,1.));
#8690 = ORIENTED_EDGE('',*,*,#3940,.T.);
#8691 = ORIENTED_EDGE('',*,*,#8659,.F.);
#8692 = ORIENTED_EDGE('',*,*,#8693,.F.);
#8693 = EDGE_CURVE('',#8684,#8660,#8694,.T.);
#8694 = LINE('',#8695,#8696);
#8695 = CARTESIAN_POINT('',(187.34025322887,-100.4485124676,12.6));
#8696 = VECTOR('',#8697,1.);
#8697 = DIRECTION('',(1.762738357939E-03,-0.999998446376,0.));
#8698 = PLANE('',#8699);
#8699 = AXIS2_PLACEMENT_3D('',#8700,#8701,#8702);
#8700 = CARTESIAN_POINT('',(187.34025322887,-100.4485124676,12.6));
#8701 = DIRECTION('',(0.999998446376,1.762738357939E-03,0.));
#8702 = DIRECTION('',(1.762738357939E-03,-0.999998446376,0.));
#8703 = ADVANCED_FACE('',(#8704),#8722,.F.);
#8704 = FACE_BOUND('',#8705,.F.);
#8705 = EDGE_LOOP('',(#8706,#8714,#8715,#8716));
#8706 = ORIENTED_EDGE('',*,*,#8707,.T.);
#8707 = EDGE_CURVE('',#8708,#3925,#8710,.T.);
#8708 = VERTEX_POINT('',#8709);
#8709 = CARTESIAN_POINT('',(187.89572391872,-98.48636955544,12.6));
#8710 = LINE('',#8711,#8712);
#8711 = CARTESIAN_POINT('',(187.89572391872,-98.48636955544,12.6));
#8712 = VECTOR('',#8713,1.);
#8713 = DIRECTION('',(0.,0.,1.));
#8714 = ORIENTED_EDGE('',*,*,#3932,.T.);
#8715 = ORIENTED_EDGE('',*,*,#8683,.F.);
#8716 = ORIENTED_EDGE('',*,*,#8717,.F.);
#8717 = EDGE_CURVE('',#8708,#8684,#8718,.T.);
#8718 = B_SPLINE_CURVE_WITH_KNOTS('',2,(#8719,#8720,#8721),
  .UNSPECIFIED.,.F.,.F.,(3,3),(0.,1.),.PIECEWISE_BEZIER_KNOTS.);
#8719 = CARTESIAN_POINT('',(187.89572391872,-98.48636955544,12.6));
#8720 = CARTESIAN_POINT('',(187.33799944197,-99.1699430255,12.6));
#8721 = CARTESIAN_POINT('',(187.34025322887,-100.4485124676,12.6));
#8722 = SURFACE_OF_LINEAR_EXTRUSION('',#8723,#8727);
#8723 = B_SPLINE_CURVE_WITH_KNOTS('',2,(#8724,#8725,#8726),
  .UNSPECIFIED.,.F.,.F.,(3,3),(0.,1.),.PIECEWISE_BEZIER_KNOTS.);
#8724 = CARTESIAN_POINT('',(187.89572391872,-98.48636955544,12.6));
#8725 = CARTESIAN_POINT('',(187.33799944197,-99.1699430255,12.6));
#8726 = CARTESIAN_POINT('',(187.34025322887,-100.4485124676,12.6));
#8727 = VECTOR('',#8728,1.);
#8728 = DIRECTION('',(-0.,-0.,-1.));
#8729 = ADVANCED_FACE('',(#8730),#8748,.F.);
#8730 = FACE_BOUND('',#8731,.F.);
#8731 = EDGE_LOOP('',(#8732,#8740,#8741,#8742));
#8732 = ORIENTED_EDGE('',*,*,#8733,.T.);
#8733 = EDGE_CURVE('',#8734,#3917,#8736,.T.);
#8734 = VERTEX_POINT('',#8735);
#8735 = CARTESIAN_POINT('',(189.49853527057,-97.80050743853,12.6));
#8736 = LINE('',#8737,#8738);
#8737 = CARTESIAN_POINT('',(189.49853527057,-97.80050743853,12.6));
#8738 = VECTOR('',#8739,1.);
#8739 = DIRECTION('',(0.,0.,1.));
#8740 = ORIENTED_EDGE('',*,*,#3924,.T.);
#8741 = ORIENTED_EDGE('',*,*,#8707,.F.);
#8742 = ORIENTED_EDGE('',*,*,#8743,.F.);
#8743 = EDGE_CURVE('',#8734,#8708,#8744,.T.);
#8744 = B_SPLINE_CURVE_WITH_KNOTS('',2,(#8745,#8746,#8747),
  .UNSPECIFIED.,.F.,.F.,(3,3),(0.,1.),.PIECEWISE_BEZIER_KNOTS.);
#8745 = CARTESIAN_POINT('',(189.49853527057,-97.80050743853,12.6));
#8746 = CARTESIAN_POINT('',(188.45389403641,-97.80234887057,12.6));
#8747 = CARTESIAN_POINT('',(187.89572391872,-98.48636955544,12.6));
#8748 = SURFACE_OF_LINEAR_EXTRUSION('',#8749,#8753);
#8749 = B_SPLINE_CURVE_WITH_KNOTS('',2,(#8750,#8751,#8752),
  .UNSPECIFIED.,.F.,.F.,(3,3),(0.,1.),.PIECEWISE_BEZIER_KNOTS.);
#8750 = CARTESIAN_POINT('',(189.49853527057,-97.80050743853,12.6));
#8751 = CARTESIAN_POINT('',(188.45389403641,-97.80234887057,12.6));
#8752 = CARTESIAN_POINT('',(187.89572391872,-98.48636955544,12.6));
#8753 = VECTOR('',#8754,1.);
#8754 = DIRECTION('',(-0.,-0.,-1.));
#8755 = ADVANCED_FACE('',(#8756),#8774,.F.);
#8756 = FACE_BOUND('',#8757,.F.);
#8757 = EDGE_LOOP('',(#8758,#8766,#8767,#8768));
#8758 = ORIENTED_EDGE('',*,*,#8759,.T.);
#8759 = EDGE_CURVE('',#8760,#3909,#8762,.T.);
#8760 = VERTEX_POINT('',#8761);
#8761 = CARTESIAN_POINT('',(190.03747208622,-97.85536109059,12.6));
#8762 = LINE('',#8763,#8764);
#8763 = CARTESIAN_POINT('',(190.03747208622,-97.85536109059,12.6));
#8764 = VECTOR('',#8765,1.);
#8765 = DIRECTION('',(0.,0.,1.));
#8766 = ORIENTED_EDGE('',*,*,#3916,.T.);
#8767 = ORIENTED_EDGE('',*,*,#8733,.F.);
#8768 = ORIENTED_EDGE('',*,*,#8769,.F.);
#8769 = EDGE_CURVE('',#8760,#8734,#8770,.T.);
#8770 = B_SPLINE_CURVE_WITH_KNOTS('',2,(#8771,#8772,#8773),
  .UNSPECIFIED.,.F.,.F.,(3,3),(0.,1.),.PIECEWISE_BEZIER_KNOTS.);
#8771 = CARTESIAN_POINT('',(190.03747208622,-97.85536109059,12.6));
#8772 = CARTESIAN_POINT('',(189.79317766994,-97.79998806027,12.6));
#8773 = CARTESIAN_POINT('',(189.49853527057,-97.80050743853,12.6));
#8774 = SURFACE_OF_LINEAR_EXTRUSION('',#8775,#8779);
#8775 = B_SPLINE_CURVE_WITH_KNOTS('',2,(#8776,#8777,#8778),
  .UNSPECIFIED.,.F.,.F.,(3,3),(0.,1.),.PIECEWISE_BEZIER_KNOTS.);
#8776 = CARTESIAN_POINT('',(190.03747208622,-97.85536109059,12.6));
#8777 = CARTESIAN_POINT('',(189.79317766994,-97.79998806027,12.6));
#8778 = CARTESIAN_POINT('',(189.49853527057,-97.80050743853,12.6));
#8779 = VECTOR('',#8780,1.);
#8780 = DIRECTION('',(-0.,-0.,-1.));
#8781 = ADVANCED_FACE('',(#8782),#8793,.F.);
#8782 = FACE_BOUND('',#8783,.F.);
#8783 = EDGE_LOOP('',(#8784,#8785,#8786,#8787));
#8784 = ORIENTED_EDGE('',*,*,#8461,.T.);
#8785 = ORIENTED_EDGE('',*,*,#3908,.T.);
#8786 = ORIENTED_EDGE('',*,*,#8759,.F.);
#8787 = ORIENTED_EDGE('',*,*,#8788,.F.);
#8788 = EDGE_CURVE('',#8462,#8760,#8789,.T.);
#8789 = B_SPLINE_CURVE_WITH_KNOTS('',2,(#8790,#8791,#8792),
  .UNSPECIFIED.,.F.,.F.,(3,3),(0.,1.),.PIECEWISE_BEZIER_KNOTS.);
#8790 = CARTESIAN_POINT('',(190.49000807101,-98.02733151237,12.6));
#8791 = CARTESIAN_POINT('',(190.28221214344,-97.91028690609,12.6));
#8792 = CARTESIAN_POINT('',(190.03747208622,-97.85536109059,12.6));
#8793 = SURFACE_OF_LINEAR_EXTRUSION('',#8794,#8798);
#8794 = B_SPLINE_CURVE_WITH_KNOTS('',2,(#8795,#8796,#8797),
  .UNSPECIFIED.,.F.,.F.,(3,3),(0.,1.),.PIECEWISE_BEZIER_KNOTS.);
#8795 = CARTESIAN_POINT('',(190.49000807101,-98.02733151237,12.6));
#8796 = CARTESIAN_POINT('',(190.28221214344,-97.91028690609,12.6));
#8797 = CARTESIAN_POINT('',(190.03747208622,-97.85536109059,12.6));
#8798 = VECTOR('',#8799,1.);
#8799 = DIRECTION('',(-0.,-0.,-1.));
#8800 = ADVANCED_FACE('',(#8801,#8819),#8877,.T.);
#8801 = FACE_BOUND('',#8802,.T.);
#8802 = EDGE_LOOP('',(#8803,#8804,#8805,#8806,#8807,#8808,#8809,#8810,
    #8811,#8812,#8813,#8814,#8815,#8816,#8817,#8818));
#8803 = ORIENTED_EDGE('',*,*,#4492,.F.);
#8804 = ORIENTED_EDGE('',*,*,#4125,.F.);
#8805 = ORIENTED_EDGE('',*,*,#4151,.F.);
#8806 = ORIENTED_EDGE('',*,*,#4177,.F.);
#8807 = ORIENTED_EDGE('',*,*,#4203,.F.);
#8808 = ORIENTED_EDGE('',*,*,#4229,.F.);
#8809 = ORIENTED_EDGE('',*,*,#4253,.F.);
#8810 = ORIENTED_EDGE('',*,*,#4277,.F.);
#8811 = ORIENTED_EDGE('',*,*,#4301,.F.);
#8812 = ORIENTED_EDGE('',*,*,#4325,.F.);
#8813 = ORIENTED_EDGE('',*,*,#4349,.F.);
#8814 = ORIENTED_EDGE('',*,*,#4375,.F.);
#8815 = ORIENTED_EDGE('',*,*,#4401,.F.);
#8816 = ORIENTED_EDGE('',*,*,#4425,.F.);
#8817 = ORIENTED_EDGE('',*,*,#4449,.F.);
#8818 = ORIENTED_EDGE('',*,*,#4473,.F.);
#8819 = FACE_BOUND('',#8820,.T.);
#8820 = EDGE_LOOP('',(#8821,#8831,#8839,#8847,#8855,#8863,#8871));
#8821 = ORIENTED_EDGE('',*,*,#8822,.F.);
#8822 = EDGE_CURVE('',#8823,#8825,#8827,.T.);
#8823 = VERTEX_POINT('',#8824);
#8824 = CARTESIAN_POINT('',(121.00976876914,-113.3224075289,12.6));
#8825 = VERTEX_POINT('',#8826);
#8826 = CARTESIAN_POINT('',(121.01414036027,-115.8024036759,12.6));
#8827 = LINE('',#8828,#8829);
#8828 = CARTESIAN_POINT('',(121.00976876914,-113.3224075289,12.6));
#8829 = VECTOR('',#8830,1.);
#8830 = DIRECTION('',(1.762738357939E-03,-0.999998446376,0.));
#8831 = ORIENTED_EDGE('',*,*,#8832,.F.);
#8832 = EDGE_CURVE('',#8833,#8823,#8835,.T.);
#8833 = VERTEX_POINT('',#8834);
#8834 = CARTESIAN_POINT('',(122.20039191935,-113.3203087686,12.6));
#8835 = LINE('',#8836,#8837);
#8836 = CARTESIAN_POINT('',(122.20039191935,-113.3203087686,12.6));
#8837 = VECTOR('',#8838,1.);
#8838 = DIRECTION('',(-0.999998446376,-1.762738357939E-03,0.));
#8839 = ORIENTED_EDGE('',*,*,#8840,.F.);
#8840 = EDGE_CURVE('',#8841,#8833,#8843,.T.);
#8841 = VERTEX_POINT('',#8842);
#8842 = CARTESIAN_POINT('',(123.23437646609,-113.6297366051,12.6));
#8843 = B_SPLINE_CURVE_WITH_KNOTS('',2,(#8844,#8845,#8846),
  .UNSPECIFIED.,.F.,.F.,(3,3),(0.,1.),.PIECEWISE_BEZIER_KNOTS.);
#8844 = CARTESIAN_POINT('',(123.23437646609,-113.6297366051,12.6));
#8845 = CARTESIAN_POINT('',(122.88476585609,-113.3191023945,12.6));
#8846 = CARTESIAN_POINT('',(122.20039191935,-113.3203087686,12.6));
#8847 = ORIENTED_EDGE('',*,*,#8848,.F.);
#8848 = EDGE_CURVE('',#8849,#8841,#8851,.T.);
#8849 = VERTEX_POINT('',#8850);
#8850 = CARTESIAN_POINT('',(123.58537980371,-114.5531818127,12.6));
#8851 = B_SPLINE_CURVE_WITH_KNOTS('',2,(#8852,#8853,#8854),
  .UNSPECIFIED.,.F.,.F.,(3,3),(0.,1.),.PIECEWISE_BEZIER_KNOTS.);
#8852 = CARTESIAN_POINT('',(123.58537980371,-114.5531818127,12.6));
#8853 = CARTESIAN_POINT('',(123.58429902475,-113.9400577653,12.6));
#8854 = CARTESIAN_POINT('',(123.23437646609,-113.6297366051,12.6));
#8855 = ORIENTED_EDGE('',*,*,#8856,.F.);
#8856 = EDGE_CURVE('',#8857,#8849,#8859,.T.);
#8857 = VERTEX_POINT('',#8858);
#8858 = CARTESIAN_POINT('',(123.23764304061,-115.482858726,12.6));
#8859 = B_SPLINE_CURVE_WITH_KNOTS('',2,(#8860,#8861,#8862),
  .UNSPECIFIED.,.F.,.F.,(3,3),(0.,1.),.PIECEWISE_BEZIER_KNOTS.);
#8860 = CARTESIAN_POINT('',(123.23764304061,-115.482858726,12.6));
#8861 = CARTESIAN_POINT('',(123.58646058267,-115.1663058601,12.6));
#8862 = CARTESIAN_POINT('',(123.58537980371,-114.5531818127,12.6));
#8863 = ORIENTED_EDGE('',*,*,#8864,.F.);
#8864 = EDGE_CURVE('',#8865,#8857,#8867,.T.);
#8865 = VERTEX_POINT('',#8866);
#8866 = CARTESIAN_POINT('',(122.20476351048,-115.8003049156,12.6));
#8867 = B_SPLINE_CURVE_WITH_KNOTS('',2,(#8868,#8869,#8870),
  .UNSPECIFIED.,.F.,.F.,(3,3),(0.,1.),.PIECEWISE_BEZIER_KNOTS.);
#8868 = CARTESIAN_POINT('',(122.20476351048,-115.8003049156,12.6));
#8869 = CARTESIAN_POINT('',(122.88913744722,-115.7990985415,12.6));
#8870 = CARTESIAN_POINT('',(123.23764304061,-115.482858726,12.6));
#8871 = ORIENTED_EDGE('',*,*,#8872,.F.);
#8872 = EDGE_CURVE('',#8825,#8865,#8873,.T.);
#8873 = LINE('',#8874,#8875);
#8874 = CARTESIAN_POINT('',(121.01414036027,-115.8024036759,12.6));
#8875 = VECTOR('',#8876,1.);
#8876 = DIRECTION('',(0.999998446376,1.762738357939E-03,0.));
#8877 = PLANE('',#8878);
#8878 = AXIS2_PLACEMENT_3D('',#8879,#8880,#8881);
#8879 = CARTESIAN_POINT('',(122.30084018742,-115.9211802435,12.6));
#8880 = DIRECTION('',(0.,0.,1.));
#8881 = DIRECTION('',(0.999998446376,1.762738357939E-03,0.));
#8882 = ADVANCED_FACE('',(#8883),#8913,.T.);
#8883 = FACE_BOUND('',#8884,.T.);
#8884 = EDGE_LOOP('',(#8885,#8886,#8887,#8888,#8889,#8890,#8891,#8892,
    #8893,#8894,#8895,#8896,#8897,#8898,#8899,#8900,#8901,#8902,#8903,
    #8904,#8905,#8906,#8907,#8908,#8909,#8910,#8911,#8912));
#8885 = ORIENTED_EDGE('',*,*,#5214,.F.);
#8886 = ORIENTED_EDGE('',*,*,#4525,.F.);
#8887 = ORIENTED_EDGE('',*,*,#4551,.F.);
#8888 = ORIENTED_EDGE('',*,*,#4577,.F.);
#8889 = ORIENTED_EDGE('',*,*,#4603,.F.);
#8890 = ORIENTED_EDGE('',*,*,#4629,.F.);
#8891 = ORIENTED_EDGE('',*,*,#4655,.F.);
#8892 = ORIENTED_EDGE('',*,*,#4681,.F.);
#8893 = ORIENTED_EDGE('',*,*,#4705,.F.);
#8894 = ORIENTED_EDGE('',*,*,#4731,.F.);
#8895 = ORIENTED_EDGE('',*,*,#4757,.F.);
#8896 = ORIENTED_EDGE('',*,*,#4783,.F.);
#8897 = ORIENTED_EDGE('',*,*,#4809,.F.);
#8898 = ORIENTED_EDGE('',*,*,#4835,.F.);
#8899 = ORIENTED_EDGE('',*,*,#4861,.F.);
#8900 = ORIENTED_EDGE('',*,*,#4885,.F.);
#8901 = ORIENTED_EDGE('',*,*,#4911,.F.);
#8902 = ORIENTED_EDGE('',*,*,#4937,.F.);
#8903 = ORIENTED_EDGE('',*,*,#4963,.F.);
#8904 = ORIENTED_EDGE('',*,*,#4989,.F.);
#8905 = ORIENTED_EDGE('',*,*,#5015,.F.);
#8906 = ORIENTED_EDGE('',*,*,#5041,.F.);
#8907 = ORIENTED_EDGE('',*,*,#5065,.F.);
#8908 = ORIENTED_EDGE('',*,*,#5091,.F.);
#8909 = ORIENTED_EDGE('',*,*,#5117,.F.);
#8910 = ORIENTED_EDGE('',*,*,#5143,.F.);
#8911 = ORIENTED_EDGE('',*,*,#5169,.F.);
#8912 = ORIENTED_EDGE('',*,*,#5195,.F.);
#8913 = PLANE('',#8914);
#8914 = AXIS2_PLACEMENT_3D('',#8915,#8916,#8917);
#8915 = CARTESIAN_POINT('',(111.4759263028,-99.62168435812,12.6));
#8916 = DIRECTION('',(0.,0.,1.));
#8917 = DIRECTION('',(0.999998446376,1.762738357939E-03,0.));
#8918 = ADVANCED_FACE('',(#8919,#8934),#9000,.T.);
#8919 = FACE_BOUND('',#8920,.T.);
#8920 = EDGE_LOOP('',(#8921,#8922,#8923,#8924,#8925,#8926,#8927,#8928,
    #8929,#8930,#8931,#8932,#8933));
#8921 = ORIENTED_EDGE('',*,*,#5542,.F.);
#8922 = ORIENTED_EDGE('',*,*,#5245,.F.);
#8923 = ORIENTED_EDGE('',*,*,#5271,.F.);
#8924 = ORIENTED_EDGE('',*,*,#5297,.F.);
#8925 = ORIENTED_EDGE('',*,*,#5323,.F.);
#8926 = ORIENTED_EDGE('',*,*,#5349,.F.);
#8927 = ORIENTED_EDGE('',*,*,#5375,.F.);
#8928 = ORIENTED_EDGE('',*,*,#5401,.F.);
#8929 = ORIENTED_EDGE('',*,*,#5427,.F.);
#8930 = ORIENTED_EDGE('',*,*,#5453,.F.);
#8931 = ORIENTED_EDGE('',*,*,#5477,.F.);
#8932 = ORIENTED_EDGE('',*,*,#5501,.F.);
#8933 = ORIENTED_EDGE('',*,*,#5525,.F.);
#8934 = FACE_BOUND('',#8935,.T.);
#8935 = EDGE_LOOP('',(#8936,#8946,#8954,#8962,#8970,#8978,#8986,#8994));
#8936 = ORIENTED_EDGE('',*,*,#8937,.F.);
#8937 = EDGE_CURVE('',#8938,#8940,#8942,.T.);
#8938 = VERTEX_POINT('',#8939);
#8939 = CARTESIAN_POINT('',(122.53269357077,-100.7756981758,12.6));
#8940 = VERTEX_POINT('',#8941);
#8941 = CARTESIAN_POINT('',(121.96955001272,-98.63829467273,12.6));
#8942 = B_SPLINE_CURVE_WITH_KNOTS('',2,(#8943,#8944,#8945),
  .UNSPECIFIED.,.F.,.F.,(3,3),(0.,1.),.PIECEWISE_BEZIER_KNOTS.);
#8943 = CARTESIAN_POINT('',(122.53269357077,-100.7756981758,12.6));
#8944 = CARTESIAN_POINT('',(122.53029105282,-99.41275386478,12.6));
#8945 = CARTESIAN_POINT('',(121.96955001272,-98.63829467273,12.6));
#8946 = ORIENTED_EDGE('',*,*,#8947,.F.);
#8947 = EDGE_CURVE('',#8948,#8938,#8950,.T.);
#8948 = VERTEX_POINT('',#8949);
#8949 = CARTESIAN_POINT('',(121.97708965388,-102.9155201703,12.6));
#8950 = B_SPLINE_CURVE_WITH_KNOTS('',2,(#8951,#8952,#8953),
  .UNSPECIFIED.,.F.,.F.,(3,3),(0.,1.),.PIECEWISE_BEZIER_KNOTS.);
#8951 = CARTESIAN_POINT('',(121.97708965388,-102.9155201703,12.6));
#8952 = CARTESIAN_POINT('',(122.53509608872,-102.1386424869,12.6));
#8953 = CARTESIAN_POINT('',(122.53269357077,-100.7756981758,12.6));
#8954 = ORIENTED_EDGE('',*,*,#8955,.F.);
#8955 = EDGE_CURVE('',#8956,#8948,#8958,.T.);
#8956 = VERTEX_POINT('',#8957);
#8957 = CARTESIAN_POINT('',(120.4418518075,-103.6936740305,12.6));
#8958 = B_SPLINE_CURVE_WITH_KNOTS('',2,(#8959,#8960,#8961),
  .UNSPECIFIED.,.F.,.F.,(3,3),(0.,1.),.PIECEWISE_BEZIER_KNOTS.);
#8959 = CARTESIAN_POINT('',(120.4418518075,-103.6936740305,12.6));
#8960 = CARTESIAN_POINT('',(121.41952885998,-103.691950639,12.6));
#8961 = CARTESIAN_POINT('',(121.97708965388,-102.9155201703,12.6));
#8962 = ORIENTED_EDGE('',*,*,#8963,.F.);
#8963 = EDGE_CURVE('',#8964,#8956,#8966,.T.);
#8964 = VERTEX_POINT('',#8965);
#8965 = CARTESIAN_POINT('',(118.90343371491,-102.92093823,12.6));
#8966 = B_SPLINE_CURVE_WITH_KNOTS('',2,(#8967,#8968,#8969),
  .UNSPECIFIED.,.F.,.F.,(3,3),(0.,1.),.PIECEWISE_BEZIER_KNOTS.);
#8967 = CARTESIAN_POINT('',(118.90343371491,-102.92093823,12.6));
#8968 = CARTESIAN_POINT('',(119.46417475502,-103.695397422,12.6));
#8969 = CARTESIAN_POINT('',(120.4418518075,-103.6936740305,12.6));
#8970 = ORIENTED_EDGE('',*,*,#8971,.F.);
#8971 = EDGE_CURVE('',#8972,#8964,#8974,.T.);
#8972 = VERTEX_POINT('',#8973);
#8973 = CARTESIAN_POINT('',(118.3407357978,-100.783087512,12.6));
#8974 = B_SPLINE_CURVE_WITH_KNOTS('',2,(#8975,#8976,#8977),
  .UNSPECIFIED.,.F.,.F.,(3,3),(0.,1.),.PIECEWISE_BEZIER_KNOTS.);
#8975 = CARTESIAN_POINT('',(118.3407357978,-100.783087512,12.6));
#8976 = CARTESIAN_POINT('',(118.34313831575,-102.1460318231,12.6));
#8977 = CARTESIAN_POINT('',(118.90343371491,-102.92093823,12.6));
#8978 = ORIENTED_EDGE('',*,*,#8979,.F.);
#8979 = EDGE_CURVE('',#8980,#8972,#8982,.T.);
#8980 = VERTEX_POINT('',#8981);
#8981 = CARTESIAN_POINT('',(118.89589407375,-98.64371273237,12.6));
#8982 = B_SPLINE_CURVE_WITH_KNOTS('',2,(#8983,#8984,#8985),
  .UNSPECIFIED.,.F.,.F.,(3,3),(0.,1.),.PIECEWISE_BEZIER_KNOTS.);
#8983 = CARTESIAN_POINT('',(118.89589407375,-98.64371273237,12.6));
#8984 = CARTESIAN_POINT('',(118.33833327985,-99.42014320102,12.6));
#8985 = CARTESIAN_POINT('',(118.3407357978,-100.783087512,12.6));
#8986 = ORIENTED_EDGE('',*,*,#8987,.F.);
#8987 = EDGE_CURVE('',#8988,#8980,#8990,.T.);
#8988 = VERTEX_POINT('',#8989);
#8989 = CARTESIAN_POINT('',(120.43157756107,-97.86511165738,12.6));
#8990 = B_SPLINE_CURVE_WITH_KNOTS('',2,(#8991,#8992,#8993),
  .UNSPECIFIED.,.F.,.F.,(3,3),(0.,1.),.PIECEWISE_BEZIER_KNOTS.);
#8991 = CARTESIAN_POINT('',(120.43157756107,-97.86511165738,12.6));
#8992 = CARTESIAN_POINT('',(119.45390050859,-97.8668350489,12.6));
#8993 = CARTESIAN_POINT('',(118.89589407375,-98.64371273237,12.6));
#8994 = ORIENTED_EDGE('',*,*,#8995,.F.);
#8995 = EDGE_CURVE('',#8940,#8988,#8996,.T.);
#8996 = B_SPLINE_CURVE_WITH_KNOTS('',2,(#8997,#8998,#8999),
  .UNSPECIFIED.,.F.,.F.,(3,3),(0.,1.),.PIECEWISE_BEZIER_KNOTS.);
#8997 = CARTESIAN_POINT('',(121.96955001272,-98.63829467273,12.6));
#8998 = CARTESIAN_POINT('',(121.40925461355,-97.86338826586,12.6));
#8999 = CARTESIAN_POINT('',(120.43157756107,-97.86511165738,12.6));
#9000 = PLANE('',#9001);
#9001 = AXIS2_PLACEMENT_3D('',#9002,#9003,#9004);
#9002 = CARTESIAN_POINT('',(119.81315783763,-101.4257278824,12.6));
#9003 = DIRECTION('',(0.,0.,1.));
#9004 = DIRECTION('',(0.999998446376,1.762738357939E-03,0.));
#9005 = ADVANCED_FACE('',(#9006,#9023),#9065,.T.);
#9006 = FACE_BOUND('',#9007,.T.);
#9007 = EDGE_LOOP('',(#9008,#9009,#9010,#9011,#9012,#9013,#9014,#9015,
    #9016,#9017,#9018,#9019,#9020,#9021,#9022));
#9008 = ORIENTED_EDGE('',*,*,#5926,.F.);
#9009 = ORIENTED_EDGE('',*,*,#5573,.F.);
#9010 = ORIENTED_EDGE('',*,*,#5599,.F.);
#9011 = ORIENTED_EDGE('',*,*,#5625,.F.);
#9012 = ORIENTED_EDGE('',*,*,#5651,.F.);
#9013 = ORIENTED_EDGE('',*,*,#5677,.F.);
#9014 = ORIENTED_EDGE('',*,*,#5703,.F.);
#9015 = ORIENTED_EDGE('',*,*,#5729,.F.);
#9016 = ORIENTED_EDGE('',*,*,#5755,.F.);
#9017 = ORIENTED_EDGE('',*,*,#5781,.F.);
#9018 = ORIENTED_EDGE('',*,*,#5805,.F.);
#9019 = ORIENTED_EDGE('',*,*,#5831,.F.);
#9020 = ORIENTED_EDGE('',*,*,#5857,.F.);
#9021 = ORIENTED_EDGE('',*,*,#5883,.F.);
#9022 = ORIENTED_EDGE('',*,*,#5909,.F.);
#9023 = FACE_BOUND('',#9024,.T.);
#9024 = EDGE_LOOP('',(#9025,#9035,#9043,#9051,#9059));
#9025 = ORIENTED_EDGE('',*,*,#9026,.F.);
#9026 = EDGE_CURVE('',#9027,#9029,#9031,.T.);
#9027 = VERTEX_POINT('',#9028);
#9028 = CARTESIAN_POINT('',(129.8990047108,-116.4267429547,12.6));
#9029 = VERTEX_POINT('',#9030);
#9030 = CARTESIAN_POINT('',(129.50077885604,-115.3061931818,12.6));
#9031 = B_SPLINE_CURVE_WITH_KNOTS('',2,(#9032,#9033,#9034),
  .UNSPECIFIED.,.F.,.F.,(3,3),(0.,1.),.PIECEWISE_BEZIER_KNOTS.);
#9032 = CARTESIAN_POINT('',(129.8990047108,-116.4267429547,12.6));
#9033 = CARTESIAN_POINT('',(129.88839140167,-115.7242605718,12.6));
#9034 = CARTESIAN_POINT('',(129.50077885604,-115.3061931818,12.6));
#9035 = ORIENTED_EDGE('',*,*,#9036,.F.);
#9036 = EDGE_CURVE('',#9037,#9027,#9039,.T.);
#9037 = VERTEX_POINT('',#9038);
#9038 = CARTESIAN_POINT('',(126.82401775103,-116.4368508679,12.6));
#9039 = LINE('',#9040,#9041);
#9040 = CARTESIAN_POINT('',(126.82401775103,-116.4368508679,12.6));
#9041 = VECTOR('',#9042,1.);
#9042 = DIRECTION('',(0.999994597399,3.287122414263E-03,0.));
#9043 = ORIENTED_EDGE('',*,*,#9044,.F.);
#9044 = EDGE_CURVE('',#9045,#9037,#9047,.T.);
#9045 = VERTEX_POINT('',#9046);
#9046 = CARTESIAN_POINT('',(127.32107050481,-115.2962854219,12.6));
#9047 = B_SPLINE_CURVE_WITH_KNOTS('',2,(#9048,#9049,#9050),
  .UNSPECIFIED.,.F.,.F.,(3,3),(0.,1.),.PIECEWISE_BEZIER_KNOTS.);
#9048 = CARTESIAN_POINT('',(127.32107050481,-115.2962854219,12.6));
#9049 = CARTESIAN_POINT('',(126.88834703639,-115.7017363301,12.6));
#9050 = CARTESIAN_POINT('',(126.82401775103,-116.4368508679,12.6));
#9051 = ORIENTED_EDGE('',*,*,#9052,.F.);
#9052 = EDGE_CURVE('',#9053,#9045,#9055,.T.);
#9053 = VERTEX_POINT('',#9054);
#9054 = CARTESIAN_POINT('',(128.47597980036,-114.8892489866,12.6));
#9055 = B_SPLINE_CURVE_WITH_KNOTS('',2,(#9056,#9057,#9058),
  .UNSPECIFIED.,.F.,.F.,(3,3),(0.,1.),.PIECEWISE_BEZIER_KNOTS.);
#9056 = CARTESIAN_POINT('',(128.47597980036,-114.8892489866,12.6));
#9057 = CARTESIAN_POINT('',(127.75410592189,-114.8905214634,12.6));
#9058 = CARTESIAN_POINT('',(127.32107050481,-115.2962854219,12.6));
#9059 = ORIENTED_EDGE('',*,*,#9060,.F.);
#9060 = EDGE_CURVE('',#9029,#9053,#9061,.T.);
#9061 = B_SPLINE_CURVE_WITH_KNOTS('',2,(#9062,#9063,#9064),
  .UNSPECIFIED.,.F.,.F.,(3,3),(0.,1.),.PIECEWISE_BEZIER_KNOTS.);
#9062 = CARTESIAN_POINT('',(129.50077885604,-115.3061931818,12.6));
#9063 = CARTESIAN_POINT('',(129.11347880993,-114.8881252409,12.6));
#9064 = CARTESIAN_POINT('',(128.47597980036,-114.8892489866,12.6));
#9065 = PLANE('',#9066);
#9066 = AXIS2_PLACEMENT_3D('',#9067,#9068,#9069);
#9067 = CARTESIAN_POINT('',(128.36377571336,-116.9113802608,12.6));
#9068 = DIRECTION('',(0.,0.,1.));
#9069 = DIRECTION('',(0.999998446376,1.762738357939E-03,0.));
#9070 = ADVANCED_FACE('',(#9071),#9080,.T.);
#9071 = FACE_BOUND('',#9072,.T.);
#9072 = EDGE_LOOP('',(#9073,#9074,#9075,#9076,#9077,#9078,#9079));
#9073 = ORIENTED_EDGE('',*,*,#6094,.F.);
#9074 = ORIENTED_EDGE('',*,*,#5957,.F.);
#9075 = ORIENTED_EDGE('',*,*,#5981,.F.);
#9076 = ORIENTED_EDGE('',*,*,#6005,.F.);
#9077 = ORIENTED_EDGE('',*,*,#6029,.F.);
#9078 = ORIENTED_EDGE('',*,*,#6053,.F.);
#9079 = ORIENTED_EDGE('',*,*,#6077,.F.);
#9080 = PLANE('',#9081);
#9081 = AXIS2_PLACEMENT_3D('',#9082,#9083,#9084);
#9082 = CARTESIAN_POINT('',(134.10721382364,-116.6480320985,12.6));
#9083 = DIRECTION('',(0.,0.,1.));
#9084 = DIRECTION('',(0.999998446376,1.762738357939E-03,0.));
#9085 = ADVANCED_FACE('',(#9086,#9096),#9122,.T.);
#9086 = FACE_BOUND('',#9087,.T.);
#9087 = EDGE_LOOP('',(#9088,#9089,#9090,#9091,#9092,#9093,#9094,#9095));
#9088 = ORIENTED_EDGE('',*,*,#6286,.F.);
#9089 = ORIENTED_EDGE('',*,*,#6125,.F.);
#9090 = ORIENTED_EDGE('',*,*,#6149,.F.);
#9091 = ORIENTED_EDGE('',*,*,#6173,.F.);
#9092 = ORIENTED_EDGE('',*,*,#6197,.F.);
#9093 = ORIENTED_EDGE('',*,*,#6221,.F.);
#9094 = ORIENTED_EDGE('',*,*,#6245,.F.);
#9095 = ORIENTED_EDGE('',*,*,#6269,.F.);
#9096 = FACE_BOUND('',#9097,.T.);
#9097 = EDGE_LOOP('',(#9098,#9108,#9116));
#9098 = ORIENTED_EDGE('',*,*,#9099,.F.);
#9099 = EDGE_CURVE('',#9100,#9102,#9104,.T.);
#9100 = VERTEX_POINT('',#9101);
#9101 = CARTESIAN_POINT('',(143.28219268755,-113.4368972508,12.6));
#9102 = VERTEX_POINT('',#9103);
#9103 = CARTESIAN_POINT('',(142.00396502958,-116.9254058516,12.6));
#9104 = LINE('',#9105,#9106);
#9105 = CARTESIAN_POINT('',(143.28219268755,-113.4368972508,12.6));
#9106 = VECTOR('',#9107,1.);
#9107 = DIRECTION('',(-0.344042967579,-0.938953905396,0.));
#9108 = ORIENTED_EDGE('',*,*,#9109,.F.);
#9109 = EDGE_CURVE('',#9110,#9100,#9112,.T.);
#9110 = VERTEX_POINT('',#9111);
#9111 = CARTESIAN_POINT('',(144.57739853143,-116.9208695546,12.6));
#9112 = LINE('',#9113,#9114);
#9113 = CARTESIAN_POINT('',(144.57739853143,-116.9208695546,12.6));
#9114 = VECTOR('',#9115,1.);
#9115 = DIRECTION('',(-0.348460525175,0.937323456654,0.));
#9116 = ORIENTED_EDGE('',*,*,#9117,.F.);
#9117 = EDGE_CURVE('',#9102,#9110,#9118,.T.);
#9118 = LINE('',#9119,#9120);
#9119 = CARTESIAN_POINT('',(142.00396502958,-116.9254058516,12.6));
#9120 = VECTOR('',#9121,1.);
#9121 = DIRECTION('',(0.999998446376,1.762738357939E-03,0.));
#9122 = PLANE('',#9123);
#9123 = AXIS2_PLACEMENT_3D('',#9124,#9125,#9126);
#9124 = CARTESIAN_POINT('',(143.28890309218,-116.4236335344,12.6));
#9125 = DIRECTION('',(0.,0.,1.));
#9126 = DIRECTION('',(0.999998446376,1.762738357939E-03,0.));
#9127 = ADVANCED_FACE('',(#9128,#9138),#9204,.T.);
#9128 = FACE_BOUND('',#9129,.T.);
#9129 = EDGE_LOOP('',(#9130,#9131,#9132,#9133,#9134,#9135,#9136,#9137));
#9130 = ORIENTED_EDGE('',*,*,#6492,.F.);
#9131 = ORIENTED_EDGE('',*,*,#6317,.F.);
#9132 = ORIENTED_EDGE('',*,*,#6343,.F.);
#9133 = ORIENTED_EDGE('',*,*,#6369,.F.);
#9134 = ORIENTED_EDGE('',*,*,#6395,.F.);
#9135 = ORIENTED_EDGE('',*,*,#6421,.F.);
#9136 = ORIENTED_EDGE('',*,*,#6447,.F.);
#9137 = ORIENTED_EDGE('',*,*,#6473,.F.);
#9138 = FACE_BOUND('',#9139,.T.);
#9139 = EDGE_LOOP('',(#9140,#9150,#9158,#9166,#9174,#9182,#9190,#9198));
#9140 = ORIENTED_EDGE('',*,*,#9141,.F.);
#9141 = EDGE_CURVE('',#9142,#9144,#9146,.T.);
#9142 = VERTEX_POINT('',#9143);
#9143 = CARTESIAN_POINT('',(128.76420426502,-97.87899486681,12.6));
#9144 = VERTEX_POINT('',#9145);
#9145 = CARTESIAN_POINT('',(127.19860224052,-98.65318438778,12.6));
#9146 = B_SPLINE_CURVE_WITH_KNOTS('',2,(#9147,#9148,#9149),
  .UNSPECIFIED.,.F.,.F.,(3,3),(0.,1.),.PIECEWISE_BEZIER_KNOTS.);
#9147 = CARTESIAN_POINT('',(128.76420426502,-97.87899486681,12.6));
#9148 = CARTESIAN_POINT('',(127.77313437621,-97.88074186643,12.6));
#9149 = CARTESIAN_POINT('',(127.19860224052,-98.65318438778,12.6));
#9150 = ORIENTED_EDGE('',*,*,#9151,.F.);
#9151 = EDGE_CURVE('',#9152,#9142,#9154,.T.);
#9152 = VERTEX_POINT('',#9153);
#9153 = CARTESIAN_POINT('',(130.32584132888,-98.6543683139,12.6));
#9154 = B_SPLINE_CURVE_WITH_KNOTS('',2,(#9155,#9156,#9157),
  .UNSPECIFIED.,.F.,.F.,(3,3),(0.,1.),.PIECEWISE_BEZIER_KNOTS.);
#9155 = CARTESIAN_POINT('',(130.32584132888,-98.6543683139,12.6));
#9156 = CARTESIAN_POINT('',(129.74857773567,-97.87725967124,12.6));
#9157 = CARTESIAN_POINT('',(128.76420426502,-97.87899486681,12.6));
#9158 = ORIENTED_EDGE('',*,*,#9159,.F.);
#9159 = EDGE_CURVE('',#9160,#9152,#9162,.T.);
#9160 = VERTEX_POINT('',#9161);
#9161 = CARTESIAN_POINT('',(130.90544841978,-100.7609391767,12.6));
#9162 = B_SPLINE_CURVE_WITH_KNOTS('',2,(#9163,#9164,#9165),
  .UNSPECIFIED.,.F.,.F.,(3,3),(0.,1.),.PIECEWISE_BEZIER_KNOTS.);
#9163 = CARTESIAN_POINT('',(130.90544841978,-100.7609391767,12.6));
#9164 = CARTESIAN_POINT('',(130.90310492209,-99.43147695655,12.6));
#9165 = CARTESIAN_POINT('',(130.32584132888,-98.6543683139,12.6));
#9166 = ORIENTED_EDGE('',*,*,#9167,.F.);
#9167 = EDGE_CURVE('',#9168,#9160,#9170,.T.);
#9168 = VERTEX_POINT('',#9169);
#9169 = CARTESIAN_POINT('',(130.33327788133,-102.8731117595,12.6));
#9170 = B_SPLINE_CURVE_WITH_KNOTS('',2,(#9171,#9172,#9173),
  .UNSPECIFIED.,.F.,.F.,(3,3),(0.,1.),.PIECEWISE_BEZIER_KNOTS.);
#9171 = CARTESIAN_POINT('',(130.33327788133,-102.8731117595,12.6));
#9172 = CARTESIAN_POINT('',(130.90780372152,-102.0970978151,12.6));
#9173 = CARTESIAN_POINT('',(130.90544841978,-100.7609391767,12.6));
#9174 = ORIENTED_EDGE('',*,*,#9175,.F.);
#9175 = EDGE_CURVE('',#9176,#9168,#9178,.T.);
#9176 = VERTEX_POINT('',#9177);
#9177 = CARTESIAN_POINT('',(128.77437778355,-103.6504144716,12.6));
#9178 = B_SPLINE_CURVE_WITH_KNOTS('',2,(#9179,#9180,#9181),
  .UNSPECIFIED.,.F.,.F.,(3,3),(0.,1.),.PIECEWISE_BEZIER_KNOTS.);
#9179 = CARTESIAN_POINT('',(128.77437778355,-103.6504144716,12.6));
#9180 = CARTESIAN_POINT('',(129.7587512542,-103.648679276,12.6));
#9181 = CARTESIAN_POINT('',(130.33327788133,-102.8731117595,12.6));
#9182 = ORIENTED_EDGE('',*,*,#9183,.F.);
#9183 = EDGE_CURVE('',#9184,#9176,#9186,.T.);
#9184 = VERTEX_POINT('',#9185);
#9185 = CARTESIAN_POINT('',(127.20248468255,-102.8817555422,12.6));
#9186 = B_SPLINE_CURVE_WITH_KNOTS('',2,(#9187,#9188,#9189),
  .UNSPECIFIED.,.F.,.F.,(3,3),(0.,1.),.PIECEWISE_BEZIER_KNOTS.);
#9187 = CARTESIAN_POINT('',(127.20248468255,-102.8817555422,12.6));
#9188 = CARTESIAN_POINT('',(127.77661147656,-103.6521732752,12.6));
#9189 = CARTESIAN_POINT('',(128.77437778355,-103.6504144716,12.6));
#9190 = ORIENTED_EDGE('',*,*,#9191,.F.);
#9191 = EDGE_CURVE('',#9192,#9184,#9194,.T.);
#9192 = VERTEX_POINT('',#9193);
#9193 = CARTESIAN_POINT('',(126.62643721062,-100.7684819656,12.6));
#9194 = B_SPLINE_CURVE_WITH_KNOTS('',2,(#9195,#9196,#9197),
  .UNSPECIFIED.,.F.,.F.,(3,3),(0.,1.),.PIECEWISE_BEZIER_KNOTS.);
#9195 = CARTESIAN_POINT('',(126.62643721062,-100.7684819656,12.6));
#9196 = CARTESIAN_POINT('',(126.62880431642,-102.1113370222,12.6));
#9197 = CARTESIAN_POINT('',(127.20248468255,-102.8817555422,12.6));
#9198 = ORIENTED_EDGE('',*,*,#9199,.F.);
#9199 = EDGE_CURVE('',#9144,#9192,#9200,.T.);
#9200 = B_SPLINE_CURVE_WITH_KNOTS('',2,(#9201,#9202,#9203),
  .UNSPECIFIED.,.F.,.F.,(3,3),(0.,1.),.PIECEWISE_BEZIER_KNOTS.);
#9201 = CARTESIAN_POINT('',(127.19860224052,-98.65318438778,12.6));
#9202 = CARTESIAN_POINT('',(126.62407010483,-99.42562690913,12.6));
#9203 = CARTESIAN_POINT('',(126.62643721062,-100.7684819656,12.6));
#9204 = PLANE('',#9205);
#9205 = AXIS2_PLACEMENT_3D('',#9206,#9207,#9208);
#9206 = CARTESIAN_POINT('',(128.76690052468,-100.7646540039,12.6));
#9207 = DIRECTION('',(0.,0.,1.));
#9208 = DIRECTION('',(0.999998446376,1.762738357939E-03,0.));
#9209 = ADVANCED_FACE('',(#9210),#9230,.T.);
#9210 = FACE_BOUND('',#9211,.T.);
#9211 = EDGE_LOOP('',(#9212,#9213,#9214,#9215,#9216,#9217,#9218,#9219,
    #9220,#9221,#9222,#9223,#9224,#9225,#9226,#9227,#9228,#9229));
#9212 = ORIENTED_EDGE('',*,*,#6934,.F.);
#9213 = ORIENTED_EDGE('',*,*,#6525,.F.);
#9214 = ORIENTED_EDGE('',*,*,#6549,.F.);
#9215 = ORIENTED_EDGE('',*,*,#6573,.F.);
#9216 = ORIENTED_EDGE('',*,*,#6597,.F.);
#9217 = ORIENTED_EDGE('',*,*,#6621,.F.);
#9218 = ORIENTED_EDGE('',*,*,#6645,.F.);
#9219 = ORIENTED_EDGE('',*,*,#6669,.F.);
#9220 = ORIENTED_EDGE('',*,*,#6695,.F.);
#9221 = ORIENTED_EDGE('',*,*,#6721,.F.);
#9222 = ORIENTED_EDGE('',*,*,#6745,.F.);
#9223 = ORIENTED_EDGE('',*,*,#6769,.F.);
#9224 = ORIENTED_EDGE('',*,*,#6793,.F.);
#9225 = ORIENTED_EDGE('',*,*,#6819,.F.);
#9226 = ORIENTED_EDGE('',*,*,#6845,.F.);
#9227 = ORIENTED_EDGE('',*,*,#6869,.F.);
#9228 = ORIENTED_EDGE('',*,*,#6893,.F.);
#9229 = ORIENTED_EDGE('',*,*,#6917,.F.);
#9230 = PLANE('',#9231);
#9231 = AXIS2_PLACEMENT_3D('',#9232,#9233,#9234);
#9232 = CARTESIAN_POINT('',(135.54162494875,-99.68574265035,12.6));
#9233 = DIRECTION('',(0.,0.,1.));
#9234 = DIRECTION('',(0.999998446376,1.762738357939E-03,0.));
#9235 = ADVANCED_FACE('',(#9236),#9251,.T.);
#9236 = FACE_BOUND('',#9237,.T.);
#9237 = EDGE_LOOP('',(#9238,#9239,#9240,#9241,#9242,#9243,#9244,#9245,
    #9246,#9247,#9248,#9249,#9250));
#9238 = ORIENTED_EDGE('',*,*,#7246,.F.);
#9239 = ORIENTED_EDGE('',*,*,#6965,.F.);
#9240 = ORIENTED_EDGE('',*,*,#6989,.F.);
#9241 = ORIENTED_EDGE('',*,*,#7013,.F.);
#9242 = ORIENTED_EDGE('',*,*,#7037,.F.);
#9243 = ORIENTED_EDGE('',*,*,#7061,.F.);
#9244 = ORIENTED_EDGE('',*,*,#7085,.F.);
#9245 = ORIENTED_EDGE('',*,*,#7109,.F.);
#9246 = ORIENTED_EDGE('',*,*,#7133,.F.);
#9247 = ORIENTED_EDGE('',*,*,#7157,.F.);
#9248 = ORIENTED_EDGE('',*,*,#7181,.F.);
#9249 = ORIENTED_EDGE('',*,*,#7205,.F.);
#9250 = ORIENTED_EDGE('',*,*,#7229,.F.);
#9251 = PLANE('',#9252);
#9252 = AXIS2_PLACEMENT_3D('',#9253,#9254,#9255);
#9253 = CARTESIAN_POINT('',(149.4937255568,-99.2309082559,12.6));
#9254 = DIRECTION('',(0.,0.,1.));
#9255 = DIRECTION('',(0.999998446376,1.762738357939E-03,0.));
#9256 = ADVANCED_FACE('',(#9257,#9274),#9316,.T.);
#9257 = FACE_BOUND('',#9258,.T.);
#9258 = EDGE_LOOP('',(#9259,#9260,#9261,#9262,#9263,#9264,#9265,#9266,
    #9267,#9268,#9269,#9270,#9271,#9272,#9273));
#9259 = ORIENTED_EDGE('',*,*,#7630,.F.);
#9260 = ORIENTED_EDGE('',*,*,#7277,.F.);
#9261 = ORIENTED_EDGE('',*,*,#7303,.F.);
#9262 = ORIENTED_EDGE('',*,*,#7329,.F.);
#9263 = ORIENTED_EDGE('',*,*,#7355,.F.);
#9264 = ORIENTED_EDGE('',*,*,#7381,.F.);
#9265 = ORIENTED_EDGE('',*,*,#7407,.F.);
#9266 = ORIENTED_EDGE('',*,*,#7433,.F.);
#9267 = ORIENTED_EDGE('',*,*,#7459,.F.);
#9268 = ORIENTED_EDGE('',*,*,#7485,.F.);
#9269 = ORIENTED_EDGE('',*,*,#7509,.F.);
#9270 = ORIENTED_EDGE('',*,*,#7535,.F.);
#9271 = ORIENTED_EDGE('',*,*,#7561,.F.);
#9272 = ORIENTED_EDGE('',*,*,#7587,.F.);
#9273 = ORIENTED_EDGE('',*,*,#7613,.F.);
#9274 = FACE_BOUND('',#9275,.T.);
#9275 = EDGE_LOOP('',(#9276,#9286,#9294,#9302,#9310));
#9276 = ORIENTED_EDGE('',*,*,#9277,.F.);
#9277 = EDGE_CURVE('',#9278,#9280,#9282,.T.);
#9278 = VERTEX_POINT('',#9279);
#9279 = CARTESIAN_POINT('',(161.95910215152,-100.020484274,12.6));
#9280 = VERTEX_POINT('',#9281);
#9281 = CARTESIAN_POINT('',(161.39020807329,-98.4196988842,12.6));
#9282 = B_SPLINE_CURVE_WITH_KNOTS('',2,(#9283,#9284,#9285),
  .UNSPECIFIED.,.F.,.F.,(3,3),(0.,1.),.PIECEWISE_BEZIER_KNOTS.);
#9283 = CARTESIAN_POINT('',(161.95910215152,-100.020484274,12.6));
#9284 = CARTESIAN_POINT('',(161.94394028133,-99.01693801279,12.6));
#9285 = CARTESIAN_POINT('',(161.39020807329,-98.4196988842,12.6));
#9286 = ORIENTED_EDGE('',*,*,#9287,.F.);
#9287 = EDGE_CURVE('',#9288,#9278,#9290,.T.);
#9288 = VERTEX_POINT('',#9289);
#9289 = CARTESIAN_POINT('',(157.56626363757,-100.03492415,12.6));
#9290 = LINE('',#9291,#9292);
#9291 = CARTESIAN_POINT('',(157.56626363757,-100.03492415,12.6));
#9292 = VECTOR('',#9293,1.);
#9293 = DIRECTION('',(0.999994597399,3.287122414263E-03,0.));
#9294 = ORIENTED_EDGE('',*,*,#9295,.F.);
#9295 = EDGE_CURVE('',#9296,#9288,#9298,.T.);
#9296 = VERTEX_POINT('',#9297);
#9297 = CARTESIAN_POINT('',(158.2763390001,-98.40554494152,12.6));
#9298 = B_SPLINE_CURVE_WITH_KNOTS('',2,(#9299,#9300,#9301),
  .UNSPECIFIED.,.F.,.F.,(3,3),(0.,1.),.PIECEWISE_BEZIER_KNOTS.);
#9299 = CARTESIAN_POINT('',(158.2763390001,-98.40554494152,12.6));
#9300 = CARTESIAN_POINT('',(157.65816261664,-98.98476052463,12.6));
#9301 = CARTESIAN_POINT('',(157.56626363757,-100.03492415,12.6));
#9302 = ORIENTED_EDGE('',*,*,#9303,.F.);
#9303 = EDGE_CURVE('',#9304,#9296,#9306,.T.);
#9304 = VERTEX_POINT('',#9305);
#9305 = CARTESIAN_POINT('',(159.92620942232,-97.82406431967,12.6));
#9306 = B_SPLINE_CURVE_WITH_KNOTS('',2,(#9307,#9308,#9309),
  .UNSPECIFIED.,.F.,.F.,(3,3),(0.,1.),.PIECEWISE_BEZIER_KNOTS.);
#9307 = CARTESIAN_POINT('',(159.92620942232,-97.82406431967,12.6));
#9308 = CARTESIAN_POINT('',(158.8949610245,-97.8258821436,12.6));
#9309 = CARTESIAN_POINT('',(158.2763390001,-98.40554494152,12.6));
#9310 = ORIENTED_EDGE('',*,*,#9311,.F.);
#9311 = EDGE_CURVE('',#9280,#9304,#9312,.T.);
#9312 = B_SPLINE_CURVE_WITH_KNOTS('',2,(#9313,#9314,#9315),
  .UNSPECIFIED.,.F.,.F.,(3,3),(0.,1.),.PIECEWISE_BEZIER_KNOTS.);
#9313 = CARTESIAN_POINT('',(161.39020807329,-98.4196988842,12.6));
#9314 = CARTESIAN_POINT('',(160.83692229313,-97.82245896866,12.6));
#9315 = CARTESIAN_POINT('',(159.92620942232,-97.82406431967,12.6));
#9316 = PLANE('',#9317);
#9317 = AXIS2_PLACEMENT_3D('',#9318,#9319,#9320);
#9318 = CARTESIAN_POINT('',(159.76591786946,-100.7128232828,12.6));
#9319 = DIRECTION('',(0.,0.,1.));
#9320 = DIRECTION('',(0.999998446376,1.762738357939E-03,0.));
#9321 = ADVANCED_FACE('',(#9322),#9328,.T.);
#9322 = FACE_BOUND('',#9323,.T.);
#9323 = EDGE_LOOP('',(#9324,#9325,#9326,#9327));
#9324 = ORIENTED_EDGE('',*,*,#7726,.F.);
#9325 = ORIENTED_EDGE('',*,*,#7661,.F.);
#9326 = ORIENTED_EDGE('',*,*,#7685,.F.);
#9327 = ORIENTED_EDGE('',*,*,#7709,.F.);
#9328 = PLANE('',#9329);
#9329 = AXIS2_PLACEMENT_3D('',#9330,#9331,#9332);
#9330 = CARTESIAN_POINT('',(165.81931828618,-99.22796420604,12.6));
#9331 = DIRECTION('',(0.,0.,1.));
#9332 = DIRECTION('',(0.999998446376,1.762738357939E-03,0.));
#9333 = ADVANCED_FACE('',(#9334,#9349),#9415,.T.);
#9334 = FACE_BOUND('',#9335,.T.);
#9335 = EDGE_LOOP('',(#9336,#9337,#9338,#9339,#9340,#9341,#9342,#9343,
    #9344,#9345,#9346,#9347,#9348));
#9336 = ORIENTED_EDGE('',*,*,#8054,.F.);
#9337 = ORIENTED_EDGE('',*,*,#7757,.F.);
#9338 = ORIENTED_EDGE('',*,*,#7783,.F.);
#9339 = ORIENTED_EDGE('',*,*,#7809,.F.);
#9340 = ORIENTED_EDGE('',*,*,#7835,.F.);
#9341 = ORIENTED_EDGE('',*,*,#7861,.F.);
#9342 = ORIENTED_EDGE('',*,*,#7887,.F.);
#9343 = ORIENTED_EDGE('',*,*,#7913,.F.);
#9344 = ORIENTED_EDGE('',*,*,#7939,.F.);
#9345 = ORIENTED_EDGE('',*,*,#7965,.F.);
#9346 = ORIENTED_EDGE('',*,*,#7989,.F.);
#9347 = ORIENTED_EDGE('',*,*,#8013,.F.);
#9348 = ORIENTED_EDGE('',*,*,#8037,.F.);
#9349 = FACE_BOUND('',#9350,.T.);
#9350 = EDGE_LOOP('',(#9351,#9361,#9369,#9377,#9385,#9393,#9401,#9409));
#9351 = ORIENTED_EDGE('',*,*,#9352,.F.);
#9352 = EDGE_CURVE('',#9353,#9355,#9357,.T.);
#9353 = VERTEX_POINT('',#9354);
#9354 = CARTESIAN_POINT('',(169.74244165301,-100.6924796127,12.6));
#9355 = VERTEX_POINT('',#9356);
#9356 = CARTESIAN_POINT('',(170.30513957013,-102.8303303306,12.6));
#9357 = B_SPLINE_CURVE_WITH_KNOTS('',2,(#9358,#9359,#9360),
  .UNSPECIFIED.,.F.,.F.,(3,3),(0.,1.),.PIECEWISE_BEZIER_KNOTS.);
#9358 = CARTESIAN_POINT('',(169.74244165301,-100.6924796127,12.6));
#9359 = CARTESIAN_POINT('',(169.74484417096,-102.0554239238,12.6));
#9360 = CARTESIAN_POINT('',(170.30513957013,-102.8303303306,12.6));
#9361 = ORIENTED_EDGE('',*,*,#9362,.F.);
#9362 = EDGE_CURVE('',#9363,#9353,#9365,.T.);
#9363 = VERTEX_POINT('',#9364);
#9364 = CARTESIAN_POINT('',(170.29759992896,-98.55310483302,12.6));
#9365 = B_SPLINE_CURVE_WITH_KNOTS('',2,(#9366,#9367,#9368),
  .UNSPECIFIED.,.F.,.F.,(3,3),(0.,1.),.PIECEWISE_BEZIER_KNOTS.);
#9366 = CARTESIAN_POINT('',(170.29759992896,-98.55310483302,12.6));
#9367 = CARTESIAN_POINT('',(169.74003913506,-99.32953530167,12.6));
#9368 = CARTESIAN_POINT('',(169.74244165301,-100.6924796127,12.6));
#9369 = ORIENTED_EDGE('',*,*,#9370,.F.);
#9370 = EDGE_CURVE('',#9371,#9363,#9373,.T.);
#9371 = VERTEX_POINT('',#9372);
#9372 = CARTESIAN_POINT('',(171.83328341628,-97.77450375804,12.6));
#9373 = B_SPLINE_CURVE_WITH_KNOTS('',2,(#9374,#9375,#9376),
  .UNSPECIFIED.,.F.,.F.,(3,3),(0.,1.),.PIECEWISE_BEZIER_KNOTS.);
#9374 = CARTESIAN_POINT('',(171.83328341628,-97.77450375804,12.6));
#9375 = CARTESIAN_POINT('',(170.8556063638,-97.77622714956,12.6));
#9376 = CARTESIAN_POINT('',(170.29759992896,-98.55310483302,12.6));
#9377 = ORIENTED_EDGE('',*,*,#9378,.F.);
#9378 = EDGE_CURVE('',#9379,#9371,#9381,.T.);
#9379 = VERTEX_POINT('',#9380);
#9380 = CARTESIAN_POINT('',(173.37482729096,-98.54768047789,12.6));
#9381 = B_SPLINE_CURVE_WITH_KNOTS('',2,(#9382,#9383,#9384),
  .UNSPECIFIED.,.F.,.F.,(3,3),(0.,1.),.PIECEWISE_BEZIER_KNOTS.);
#9382 = CARTESIAN_POINT('',(173.37482729096,-98.54768047789,12.6));
#9383 = CARTESIAN_POINT('',(172.81096046877,-97.77278036652,12.6));
#9384 = CARTESIAN_POINT('',(171.83328341628,-97.77450375804,12.6));
#9385 = ORIENTED_EDGE('',*,*,#9386,.F.);
#9386 = EDGE_CURVE('',#9387,#9379,#9389,.T.);
#9387 = VERTEX_POINT('',#9388);
#9388 = CARTESIAN_POINT('',(173.94109584415,-100.6850784724,12.6));
#9389 = B_SPLINE_CURVE_WITH_KNOTS('',2,(#9390,#9391,#9392),
  .UNSPECIFIED.,.F.,.F.,(3,3),(0.,1.),.PIECEWISE_BEZIER_KNOTS.);
#9390 = CARTESIAN_POINT('',(173.94109584415,-100.6850784724,12.6));
#9391 = CARTESIAN_POINT('',(173.93869332621,-99.32213416138,12.6));
#9392 = CARTESIAN_POINT('',(173.37482729096,-98.54768047789,12.6));
#9393 = ORIENTED_EDGE('',*,*,#9394,.F.);
#9394 = EDGE_CURVE('',#9395,#9387,#9397,.T.);
#9395 = VERTEX_POINT('',#9396);
#9396 = CARTESIAN_POINT('',(173.38236693212,-102.8249059755,12.6));
#9397 = B_SPLINE_CURVE_WITH_KNOTS('',2,(#9398,#9399,#9400),
  .UNSPECIFIED.,.F.,.F.,(3,3),(0.,1.),.PIECEWISE_BEZIER_KNOTS.);
#9398 = CARTESIAN_POINT('',(173.38236693212,-102.8249059755,12.6));
#9399 = CARTESIAN_POINT('',(173.9434983621,-102.0480227835,12.6));
#9400 = CARTESIAN_POINT('',(173.94109584415,-100.6850784724,12.6));
#9401 = ORIENTED_EDGE('',*,*,#9402,.F.);
#9402 = EDGE_CURVE('',#9403,#9395,#9405,.T.);
#9403 = VERTEX_POINT('',#9404);
#9404 = CARTESIAN_POINT('',(171.84355766271,-103.6030661312,12.6));
#9405 = B_SPLINE_CURVE_WITH_KNOTS('',2,(#9406,#9407,#9408),
  .UNSPECIFIED.,.F.,.F.,(3,3),(0.,1.),.PIECEWISE_BEZIER_KNOTS.);
#9406 = CARTESIAN_POINT('',(171.84355766271,-103.6030661312,12.6));
#9407 = CARTESIAN_POINT('',(172.8212347152,-103.6013427396,12.6));
#9408 = CARTESIAN_POINT('',(173.38236693212,-102.8249059755,12.6));
#9409 = ORIENTED_EDGE('',*,*,#9410,.F.);
#9410 = EDGE_CURVE('',#9355,#9403,#9411,.T.);
#9411 = B_SPLINE_CURVE_WITH_KNOTS('',2,(#9412,#9413,#9414),
  .UNSPECIFIED.,.F.,.F.,(3,3),(0.,1.),.PIECEWISE_BEZIER_KNOTS.);
#9412 = CARTESIAN_POINT('',(170.30513957013,-102.8303303306,12.6));
#9413 = CARTESIAN_POINT('',(170.86588061023,-103.6047895227,12.6));
#9414 = CARTESIAN_POINT('',(171.84355766271,-103.6030661312,12.6));
#9415 = PLANE('',#9416);
#9416 = AXIS2_PLACEMENT_3D('',#9417,#9418,#9419);
#9417 = CARTESIAN_POINT('',(172.46961810166,-100.0149850299,12.6));
#9418 = DIRECTION('',(0.,0.,1.));
#9419 = DIRECTION('',(0.999998446376,1.762738357939E-03,0.));
#9420 = ADVANCED_FACE('',(#9421,#9438),#9480,.T.);
#9421 = FACE_BOUND('',#9422,.T.);
#9422 = EDGE_LOOP('',(#9423,#9424,#9425,#9426,#9427,#9428,#9429,#9430,
    #9431,#9432,#9433,#9434,#9435,#9436,#9437));
#9423 = ORIENTED_EDGE('',*,*,#8438,.F.);
#9424 = ORIENTED_EDGE('',*,*,#8085,.F.);
#9425 = ORIENTED_EDGE('',*,*,#8111,.F.);
#9426 = ORIENTED_EDGE('',*,*,#8137,.F.);
#9427 = ORIENTED_EDGE('',*,*,#8163,.F.);
#9428 = ORIENTED_EDGE('',*,*,#8189,.F.);
#9429 = ORIENTED_EDGE('',*,*,#8215,.F.);
#9430 = ORIENTED_EDGE('',*,*,#8241,.F.);
#9431 = ORIENTED_EDGE('',*,*,#8267,.F.);
#9432 = ORIENTED_EDGE('',*,*,#8293,.F.);
#9433 = ORIENTED_EDGE('',*,*,#8317,.F.);
#9434 = ORIENTED_EDGE('',*,*,#8343,.F.);
#9435 = ORIENTED_EDGE('',*,*,#8369,.F.);
#9436 = ORIENTED_EDGE('',*,*,#8395,.F.);
#9437 = ORIENTED_EDGE('',*,*,#8421,.F.);
#9438 = FACE_BOUND('',#9439,.T.);
#9439 = EDGE_LOOP('',(#9440,#9450,#9458,#9466,#9474));
#9440 = ORIENTED_EDGE('',*,*,#9441,.F.);
#9441 = EDGE_CURVE('',#9442,#9444,#9446,.T.);
#9442 = VERTEX_POINT('',#9443);
#9443 = CARTESIAN_POINT('',(182.90192675704,-99.98356749648,12.6));
#9444 = VERTEX_POINT('',#9445);
#9445 = CARTESIAN_POINT('',(182.33303267882,-98.38278210659,12.6));
#9446 = B_SPLINE_CURVE_WITH_KNOTS('',2,(#9447,#9448,#9449),
  .UNSPECIFIED.,.F.,.F.,(3,3),(0.,1.),.PIECEWISE_BEZIER_KNOTS.);
#9447 = CARTESIAN_POINT('',(182.90192675704,-99.98356749648,12.6));
#9448 = CARTESIAN_POINT('',(182.88676488686,-98.98002123518,12.6));
#9449 = CARTESIAN_POINT('',(182.33303267882,-98.38278210659,12.6));
#9450 = ORIENTED_EDGE('',*,*,#9451,.F.);
#9451 = EDGE_CURVE('',#9452,#9442,#9454,.T.);
#9452 = VERTEX_POINT('',#9453);
#9453 = CARTESIAN_POINT('',(178.50908824309,-99.99800737243,12.6));
#9454 = LINE('',#9455,#9456);
#9455 = CARTESIAN_POINT('',(178.50908824309,-99.99800737243,12.6));
#9456 = VECTOR('',#9457,1.);
#9457 = DIRECTION('',(0.999994597399,3.287122414263E-03,0.));
#9458 = ORIENTED_EDGE('',*,*,#9459,.F.);
#9459 = EDGE_CURVE('',#9460,#9452,#9462,.T.);
#9460 = VERTEX_POINT('',#9461);
#9461 = CARTESIAN_POINT('',(179.21916360562,-98.36862816391,12.6));
#9462 = B_SPLINE_CURVE_WITH_KNOTS('',2,(#9463,#9464,#9465),
  .UNSPECIFIED.,.F.,.F.,(3,3),(0.,1.),.PIECEWISE_BEZIER_KNOTS.);
#9463 = CARTESIAN_POINT('',(179.21916360562,-98.36862816391,12.6));
#9464 = CARTESIAN_POINT('',(178.60098722216,-98.94784374702,12.6));
#9465 = CARTESIAN_POINT('',(178.50908824309,-99.99800737243,12.6));
#9466 = ORIENTED_EDGE('',*,*,#9467,.F.);
#9467 = EDGE_CURVE('',#9468,#9460,#9470,.T.);
#9468 = VERTEX_POINT('',#9469);
#9469 = CARTESIAN_POINT('',(180.86903402785,-97.78714754206,12.6));
#9470 = B_SPLINE_CURVE_WITH_KNOTS('',2,(#9471,#9472,#9473),
  .UNSPECIFIED.,.F.,.F.,(3,3),(0.,1.),.PIECEWISE_BEZIER_KNOTS.);
#9471 = CARTESIAN_POINT('',(180.86903402785,-97.78714754206,12.6));
#9472 = CARTESIAN_POINT('',(179.83778563002,-97.78896536599,12.6));
#9473 = CARTESIAN_POINT('',(179.21916360562,-98.36862816391,12.6));
#9474 = ORIENTED_EDGE('',*,*,#9475,.F.);
#9475 = EDGE_CURVE('',#9444,#9468,#9476,.T.);
#9476 = B_SPLINE_CURVE_WITH_KNOTS('',2,(#9477,#9478,#9479),
  .UNSPECIFIED.,.F.,.F.,(3,3),(0.,1.),.PIECEWISE_BEZIER_KNOTS.);
#9477 = CARTESIAN_POINT('',(182.33303267882,-98.38278210659,12.6));
#9478 = CARTESIAN_POINT('',(181.77974689865,-97.78554219105,12.6));
#9479 = CARTESIAN_POINT('',(180.86903402785,-97.78714754206,12.6));
#9480 = PLANE('',#9481);
#9481 = AXIS2_PLACEMENT_3D('',#9482,#9483,#9484);
#9482 = CARTESIAN_POINT('',(180.70874247498,-100.6759065052,12.6));
#9483 = DIRECTION('',(0.,0.,1.));
#9484 = DIRECTION('',(0.999998446376,1.762738357939E-03,0.));
#9485 = ADVANCED_FACE('',(#9486),#9502,.T.);
#9486 = FACE_BOUND('',#9487,.T.);
#9487 = EDGE_LOOP('',(#9488,#9489,#9490,#9491,#9492,#9493,#9494,#9495,
    #9496,#9497,#9498,#9499,#9500,#9501));
#9488 = ORIENTED_EDGE('',*,*,#8788,.F.);
#9489 = ORIENTED_EDGE('',*,*,#8469,.F.);
#9490 = ORIENTED_EDGE('',*,*,#8493,.F.);
#9491 = ORIENTED_EDGE('',*,*,#8519,.F.);
#9492 = ORIENTED_EDGE('',*,*,#8545,.F.);
#9493 = ORIENTED_EDGE('',*,*,#8571,.F.);
#9494 = ORIENTED_EDGE('',*,*,#8597,.F.);
#9495 = ORIENTED_EDGE('',*,*,#8621,.F.);
#9496 = ORIENTED_EDGE('',*,*,#8645,.F.);
#9497 = ORIENTED_EDGE('',*,*,#8669,.F.);
#9498 = ORIENTED_EDGE('',*,*,#8693,.F.);
#9499 = ORIENTED_EDGE('',*,*,#8717,.F.);
#9500 = ORIENTED_EDGE('',*,*,#8743,.F.);
#9501 = ORIENTED_EDGE('',*,*,#8769,.F.);
#9502 = PLANE('',#9503);
#9503 = AXIS2_PLACEMENT_3D('',#9504,#9505,#9506);
#9504 = CARTESIAN_POINT('',(187.49256546311,-99.69682161444,12.6));
#9505 = DIRECTION('',(0.,0.,1.));
#9506 = DIRECTION('',(0.999998446376,1.762738357939E-03,0.));
#9507 = ADVANCED_FACE('',(#9508),#9533,.F.);
#9508 = FACE_BOUND('',#9509,.F.);
#9509 = EDGE_LOOP('',(#9510,#9518,#9526,#9532));
#9510 = ORIENTED_EDGE('',*,*,#9511,.T.);
#9511 = EDGE_CURVE('',#8823,#9512,#9514,.T.);
#9512 = VERTEX_POINT('',#9513);
#9513 = CARTESIAN_POINT('',(121.00976876914,-113.3224075289,13.6));
#9514 = LINE('',#9515,#9516);
#9515 = CARTESIAN_POINT('',(121.00976876914,-113.3224075289,12.6));
#9516 = VECTOR('',#9517,1.);
#9517 = DIRECTION('',(0.,0.,1.));
#9518 = ORIENTED_EDGE('',*,*,#9519,.T.);
#9519 = EDGE_CURVE('',#9512,#9520,#9522,.T.);
#9520 = VERTEX_POINT('',#9521);
#9521 = CARTESIAN_POINT('',(121.01414036027,-115.8024036759,13.6));
#9522 = LINE('',#9523,#9524);
#9523 = CARTESIAN_POINT('',(121.00976876914,-113.3224075289,13.6));
#9524 = VECTOR('',#9525,1.);
#9525 = DIRECTION('',(1.762738357939E-03,-0.999998446376,0.));
#9526 = ORIENTED_EDGE('',*,*,#9527,.F.);
#9527 = EDGE_CURVE('',#8825,#9520,#9528,.T.);
#9528 = LINE('',#9529,#9530);
#9529 = CARTESIAN_POINT('',(121.01414036027,-115.8024036759,12.6));
#9530 = VECTOR('',#9531,1.);
#9531 = DIRECTION('',(0.,0.,1.));
#9532 = ORIENTED_EDGE('',*,*,#8822,.F.);
#9533 = PLANE('',#9534);
#9534 = AXIS2_PLACEMENT_3D('',#9535,#9536,#9537);
#9535 = CARTESIAN_POINT('',(121.00976876914,-113.3224075289,12.6));
#9536 = DIRECTION('',(0.999998446376,1.762738357939E-03,0.));
#9537 = DIRECTION('',(1.762738357939E-03,-0.999998446376,0.));
#9538 = ADVANCED_FACE('',(#9539),#9557,.F.);
#9539 = FACE_BOUND('',#9540,.F.);
#9540 = EDGE_LOOP('',(#9541,#9549,#9555,#9556));
#9541 = ORIENTED_EDGE('',*,*,#9542,.T.);
#9542 = EDGE_CURVE('',#8833,#9543,#9545,.T.);
#9543 = VERTEX_POINT('',#9544);
#9544 = CARTESIAN_POINT('',(122.20039191935,-113.3203087686,13.6));
#9545 = LINE('',#9546,#9547);
#9546 = CARTESIAN_POINT('',(122.20039191935,-113.3203087686,12.6));
#9547 = VECTOR('',#9548,1.);
#9548 = DIRECTION('',(0.,0.,1.));
#9549 = ORIENTED_EDGE('',*,*,#9550,.T.);
#9550 = EDGE_CURVE('',#9543,#9512,#9551,.T.);
#9551 = LINE('',#9552,#9553);
#9552 = CARTESIAN_POINT('',(122.20039191935,-113.3203087686,13.6));
#9553 = VECTOR('',#9554,1.);
#9554 = DIRECTION('',(-0.999998446376,-1.762738357939E-03,0.));
#9555 = ORIENTED_EDGE('',*,*,#9511,.F.);
#9556 = ORIENTED_EDGE('',*,*,#8832,.F.);
#9557 = PLANE('',#9558);
#9558 = AXIS2_PLACEMENT_3D('',#9559,#9560,#9561);
#9559 = CARTESIAN_POINT('',(122.20039191935,-113.3203087686,12.6));
#9560 = DIRECTION('',(1.762738357939E-03,-0.999998446376,0.));
#9561 = DIRECTION('',(-0.999998446376,-1.762738357939E-03,0.));
#9562 = ADVANCED_FACE('',(#9563),#9581,.F.);
#9563 = FACE_BOUND('',#9564,.F.);
#9564 = EDGE_LOOP('',(#9565,#9573,#9579,#9580));
#9565 = ORIENTED_EDGE('',*,*,#9566,.T.);
#9566 = EDGE_CURVE('',#8841,#9567,#9569,.T.);
#9567 = VERTEX_POINT('',#9568);
#9568 = CARTESIAN_POINT('',(123.23437646609,-113.6297366051,13.6));
#9569 = LINE('',#9570,#9571);
#9570 = CARTESIAN_POINT('',(123.23437646609,-113.6297366051,12.6));
#9571 = VECTOR('',#9572,1.);
#9572 = DIRECTION('',(0.,0.,1.));
#9573 = ORIENTED_EDGE('',*,*,#9574,.T.);
#9574 = EDGE_CURVE('',#9567,#9543,#9575,.T.);
#9575 = B_SPLINE_CURVE_WITH_KNOTS('',2,(#9576,#9577,#9578),
  .UNSPECIFIED.,.F.,.F.,(3,3),(0.,1.),.PIECEWISE_BEZIER_KNOTS.);
#9576 = CARTESIAN_POINT('',(123.23437646609,-113.6297366051,13.6));
#9577 = CARTESIAN_POINT('',(122.88476585609,-113.3191023945,13.6));
#9578 = CARTESIAN_POINT('',(122.20039191935,-113.3203087686,13.6));
#9579 = ORIENTED_EDGE('',*,*,#9542,.F.);
#9580 = ORIENTED_EDGE('',*,*,#8840,.F.);
#9581 = SURFACE_OF_LINEAR_EXTRUSION('',#9582,#9586);
#9582 = B_SPLINE_CURVE_WITH_KNOTS('',2,(#9583,#9584,#9585),
  .UNSPECIFIED.,.F.,.F.,(3,3),(0.,1.),.PIECEWISE_BEZIER_KNOTS.);
#9583 = CARTESIAN_POINT('',(123.23437646609,-113.6297366051,12.6));
#9584 = CARTESIAN_POINT('',(122.88476585609,-113.3191023945,12.6));
#9585 = CARTESIAN_POINT('',(122.20039191935,-113.3203087686,12.6));
#9586 = VECTOR('',#9587,1.);
#9587 = DIRECTION('',(-0.,-0.,-1.));
#9588 = ADVANCED_FACE('',(#9589),#9607,.F.);
#9589 = FACE_BOUND('',#9590,.F.);
#9590 = EDGE_LOOP('',(#9591,#9599,#9605,#9606));
#9591 = ORIENTED_EDGE('',*,*,#9592,.T.);
#9592 = EDGE_CURVE('',#8849,#9593,#9595,.T.);
#9593 = VERTEX_POINT('',#9594);
#9594 = CARTESIAN_POINT('',(123.58537980371,-114.5531818127,13.6));
#9595 = LINE('',#9596,#9597);
#9596 = CARTESIAN_POINT('',(123.58537980371,-114.5531818127,12.6));
#9597 = VECTOR('',#9598,1.);
#9598 = DIRECTION('',(0.,0.,1.));
#9599 = ORIENTED_EDGE('',*,*,#9600,.T.);
#9600 = EDGE_CURVE('',#9593,#9567,#9601,.T.);
#9601 = B_SPLINE_CURVE_WITH_KNOTS('',2,(#9602,#9603,#9604),
  .UNSPECIFIED.,.F.,.F.,(3,3),(0.,1.),.PIECEWISE_BEZIER_KNOTS.);
#9602 = CARTESIAN_POINT('',(123.58537980371,-114.5531818127,13.6));
#9603 = CARTESIAN_POINT('',(123.58429902475,-113.9400577653,13.6));
#9604 = CARTESIAN_POINT('',(123.23437646609,-113.6297366051,13.6));
#9605 = ORIENTED_EDGE('',*,*,#9566,.F.);
#9606 = ORIENTED_EDGE('',*,*,#8848,.F.);
#9607 = SURFACE_OF_LINEAR_EXTRUSION('',#9608,#9612);
#9608 = B_SPLINE_CURVE_WITH_KNOTS('',2,(#9609,#9610,#9611),
  .UNSPECIFIED.,.F.,.F.,(3,3),(0.,1.),.PIECEWISE_BEZIER_KNOTS.);
#9609 = CARTESIAN_POINT('',(123.58537980371,-114.5531818127,12.6));
#9610 = CARTESIAN_POINT('',(123.58429902475,-113.9400577653,12.6));
#9611 = CARTESIAN_POINT('',(123.23437646609,-113.6297366051,12.6));
#9612 = VECTOR('',#9613,1.);
#9613 = DIRECTION('',(-0.,-0.,-1.));
#9614 = ADVANCED_FACE('',(#9615),#9633,.F.);
#9615 = FACE_BOUND('',#9616,.F.);
#9616 = EDGE_LOOP('',(#9617,#9625,#9631,#9632));
#9617 = ORIENTED_EDGE('',*,*,#9618,.T.);
#9618 = EDGE_CURVE('',#8857,#9619,#9621,.T.);
#9619 = VERTEX_POINT('',#9620);
#9620 = CARTESIAN_POINT('',(123.23764304061,-115.482858726,13.6));
#9621 = LINE('',#9622,#9623);
#9622 = CARTESIAN_POINT('',(123.23764304061,-115.482858726,12.6));
#9623 = VECTOR('',#9624,1.);
#9624 = DIRECTION('',(0.,0.,1.));
#9625 = ORIENTED_EDGE('',*,*,#9626,.T.);
#9626 = EDGE_CURVE('',#9619,#9593,#9627,.T.);
#9627 = B_SPLINE_CURVE_WITH_KNOTS('',2,(#9628,#9629,#9630),
  .UNSPECIFIED.,.F.,.F.,(3,3),(0.,1.),.PIECEWISE_BEZIER_KNOTS.);
#9628 = CARTESIAN_POINT('',(123.23764304061,-115.482858726,13.6));
#9629 = CARTESIAN_POINT('',(123.58646058267,-115.1663058601,13.6));
#9630 = CARTESIAN_POINT('',(123.58537980371,-114.5531818127,13.6));
#9631 = ORIENTED_EDGE('',*,*,#9592,.F.);
#9632 = ORIENTED_EDGE('',*,*,#8856,.F.);
#9633 = SURFACE_OF_LINEAR_EXTRUSION('',#9634,#9638);
#9634 = B_SPLINE_CURVE_WITH_KNOTS('',2,(#9635,#9636,#9637),
  .UNSPECIFIED.,.F.,.F.,(3,3),(0.,1.),.PIECEWISE_BEZIER_KNOTS.);
#9635 = CARTESIAN_POINT('',(123.23764304061,-115.482858726,12.6));
#9636 = CARTESIAN_POINT('',(123.58646058267,-115.1663058601,12.6));
#9637 = CARTESIAN_POINT('',(123.58537980371,-114.5531818127,12.6));
#9638 = VECTOR('',#9639,1.);
#9639 = DIRECTION('',(-0.,-0.,-1.));
#9640 = ADVANCED_FACE('',(#9641),#9659,.F.);
#9641 = FACE_BOUND('',#9642,.F.);
#9642 = EDGE_LOOP('',(#9643,#9651,#9657,#9658));
#9643 = ORIENTED_EDGE('',*,*,#9644,.T.);
#9644 = EDGE_CURVE('',#8865,#9645,#9647,.T.);
#9645 = VERTEX_POINT('',#9646);
#9646 = CARTESIAN_POINT('',(122.20476351048,-115.8003049156,13.6));
#9647 = LINE('',#9648,#9649);
#9648 = CARTESIAN_POINT('',(122.20476351048,-115.8003049156,12.6));
#9649 = VECTOR('',#9650,1.);
#9650 = DIRECTION('',(0.,0.,1.));
#9651 = ORIENTED_EDGE('',*,*,#9652,.T.);
#9652 = EDGE_CURVE('',#9645,#9619,#9653,.T.);
#9653 = B_SPLINE_CURVE_WITH_KNOTS('',2,(#9654,#9655,#9656),
  .UNSPECIFIED.,.F.,.F.,(3,3),(0.,1.),.PIECEWISE_BEZIER_KNOTS.);
#9654 = CARTESIAN_POINT('',(122.20476351048,-115.8003049156,13.6));
#9655 = CARTESIAN_POINT('',(122.88913744722,-115.7990985415,13.6));
#9656 = CARTESIAN_POINT('',(123.23764304061,-115.482858726,13.6));
#9657 = ORIENTED_EDGE('',*,*,#9618,.F.);
#9658 = ORIENTED_EDGE('',*,*,#8864,.F.);
#9659 = SURFACE_OF_LINEAR_EXTRUSION('',#9660,#9664);
#9660 = B_SPLINE_CURVE_WITH_KNOTS('',2,(#9661,#9662,#9663),
  .UNSPECIFIED.,.F.,.F.,(3,3),(0.,1.),.PIECEWISE_BEZIER_KNOTS.);
#9661 = CARTESIAN_POINT('',(122.20476351048,-115.8003049156,12.6));
#9662 = CARTESIAN_POINT('',(122.88913744722,-115.7990985415,12.6));
#9663 = CARTESIAN_POINT('',(123.23764304061,-115.482858726,12.6));
#9664 = VECTOR('',#9665,1.);
#9665 = DIRECTION('',(-0.,-0.,-1.));
#9666 = ADVANCED_FACE('',(#9667),#9678,.F.);
#9667 = FACE_BOUND('',#9668,.F.);
#9668 = EDGE_LOOP('',(#9669,#9670,#9676,#9677));
#9669 = ORIENTED_EDGE('',*,*,#9527,.T.);
#9670 = ORIENTED_EDGE('',*,*,#9671,.T.);
#9671 = EDGE_CURVE('',#9520,#9645,#9672,.T.);
#9672 = LINE('',#9673,#9674);
#9673 = CARTESIAN_POINT('',(121.01414036027,-115.8024036759,13.6));
#9674 = VECTOR('',#9675,1.);
#9675 = DIRECTION('',(0.999998446376,1.762738357939E-03,0.));
#9676 = ORIENTED_EDGE('',*,*,#9644,.F.);
#9677 = ORIENTED_EDGE('',*,*,#8872,.F.);
#9678 = PLANE('',#9679);
#9679 = AXIS2_PLACEMENT_3D('',#9680,#9681,#9682);
#9680 = CARTESIAN_POINT('',(121.01414036027,-115.8024036759,12.6));
#9681 = DIRECTION('',(-1.762738357939E-03,0.999998446376,0.));
#9682 = DIRECTION('',(0.999998446376,1.762738357939E-03,0.));
#9683 = ADVANCED_FACE('',(#9684),#9709,.F.);
#9684 = FACE_BOUND('',#9685,.F.);
#9685 = EDGE_LOOP('',(#9686,#9694,#9702,#9708));
#9686 = ORIENTED_EDGE('',*,*,#9687,.T.);
#9687 = EDGE_CURVE('',#8938,#9688,#9690,.T.);
#9688 = VERTEX_POINT('',#9689);
#9689 = CARTESIAN_POINT('',(122.53269357077,-100.7756981758,13.6));
#9690 = LINE('',#9691,#9692);
#9691 = CARTESIAN_POINT('',(122.53269357077,-100.7756981758,12.6));
#9692 = VECTOR('',#9693,1.);
#9693 = DIRECTION('',(0.,0.,1.));
#9694 = ORIENTED_EDGE('',*,*,#9695,.T.);
#9695 = EDGE_CURVE('',#9688,#9696,#9698,.T.);
#9696 = VERTEX_POINT('',#9697);
#9697 = CARTESIAN_POINT('',(121.96955001272,-98.63829467273,13.6));
#9698 = B_SPLINE_CURVE_WITH_KNOTS('',2,(#9699,#9700,#9701),
  .UNSPECIFIED.,.F.,.F.,(3,3),(0.,1.),.PIECEWISE_BEZIER_KNOTS.);
#9699 = CARTESIAN_POINT('',(122.53269357077,-100.7756981758,13.6));
#9700 = CARTESIAN_POINT('',(122.53029105282,-99.41275386478,13.6));
#9701 = CARTESIAN_POINT('',(121.96955001272,-98.63829467273,13.6));
#9702 = ORIENTED_EDGE('',*,*,#9703,.F.);
#9703 = EDGE_CURVE('',#8940,#9696,#9704,.T.);
#9704 = LINE('',#9705,#9706);
#9705 = CARTESIAN_POINT('',(121.96955001272,-98.63829467273,12.6));
#9706 = VECTOR('',#9707,1.);
#9707 = DIRECTION('',(0.,0.,1.));
#9708 = ORIENTED_EDGE('',*,*,#8937,.F.);
#9709 = SURFACE_OF_LINEAR_EXTRUSION('',#9710,#9714);
#9710 = B_SPLINE_CURVE_WITH_KNOTS('',2,(#9711,#9712,#9713),
  .UNSPECIFIED.,.F.,.F.,(3,3),(0.,1.),.PIECEWISE_BEZIER_KNOTS.);
#9711 = CARTESIAN_POINT('',(122.53269357077,-100.7756981758,12.6));
#9712 = CARTESIAN_POINT('',(122.53029105282,-99.41275386478,12.6));
#9713 = CARTESIAN_POINT('',(121.96955001272,-98.63829467273,12.6));
#9714 = VECTOR('',#9715,1.);
#9715 = DIRECTION('',(-0.,-0.,-1.));
#9716 = ADVANCED_FACE('',(#9717),#9735,.F.);
#9717 = FACE_BOUND('',#9718,.F.);
#9718 = EDGE_LOOP('',(#9719,#9727,#9733,#9734));
#9719 = ORIENTED_EDGE('',*,*,#9720,.T.);
#9720 = EDGE_CURVE('',#8948,#9721,#9723,.T.);
#9721 = VERTEX_POINT('',#9722);
#9722 = CARTESIAN_POINT('',(121.97708965388,-102.9155201703,13.6));
#9723 = LINE('',#9724,#9725);
#9724 = CARTESIAN_POINT('',(121.97708965388,-102.9155201703,12.6));
#9725 = VECTOR('',#9726,1.);
#9726 = DIRECTION('',(0.,0.,1.));
#9727 = ORIENTED_EDGE('',*,*,#9728,.T.);
#9728 = EDGE_CURVE('',#9721,#9688,#9729,.T.);
#9729 = B_SPLINE_CURVE_WITH_KNOTS('',2,(#9730,#9731,#9732),
  .UNSPECIFIED.,.F.,.F.,(3,3),(0.,1.),.PIECEWISE_BEZIER_KNOTS.);
#9730 = CARTESIAN_POINT('',(121.97708965388,-102.9155201703,13.6));
#9731 = CARTESIAN_POINT('',(122.53509608872,-102.1386424869,13.6));
#9732 = CARTESIAN_POINT('',(122.53269357077,-100.7756981758,13.6));
#9733 = ORIENTED_EDGE('',*,*,#9687,.F.);
#9734 = ORIENTED_EDGE('',*,*,#8947,.F.);
#9735 = SURFACE_OF_LINEAR_EXTRUSION('',#9736,#9740);
#9736 = B_SPLINE_CURVE_WITH_KNOTS('',2,(#9737,#9738,#9739),
  .UNSPECIFIED.,.F.,.F.,(3,3),(0.,1.),.PIECEWISE_BEZIER_KNOTS.);
#9737 = CARTESIAN_POINT('',(121.97708965388,-102.9155201703,12.6));
#9738 = CARTESIAN_POINT('',(122.53509608872,-102.1386424869,12.6));
#9739 = CARTESIAN_POINT('',(122.53269357077,-100.7756981758,12.6));
#9740 = VECTOR('',#9741,1.);
#9741 = DIRECTION('',(-0.,-0.,-1.));
#9742 = ADVANCED_FACE('',(#9743),#9761,.F.);
#9743 = FACE_BOUND('',#9744,.F.);
#9744 = EDGE_LOOP('',(#9745,#9753,#9759,#9760));
#9745 = ORIENTED_EDGE('',*,*,#9746,.T.);
#9746 = EDGE_CURVE('',#8956,#9747,#9749,.T.);
#9747 = VERTEX_POINT('',#9748);
#9748 = CARTESIAN_POINT('',(120.4418518075,-103.6936740305,13.6));
#9749 = LINE('',#9750,#9751);
#9750 = CARTESIAN_POINT('',(120.4418518075,-103.6936740305,12.6));
#9751 = VECTOR('',#9752,1.);
#9752 = DIRECTION('',(0.,0.,1.));
#9753 = ORIENTED_EDGE('',*,*,#9754,.T.);
#9754 = EDGE_CURVE('',#9747,#9721,#9755,.T.);
#9755 = B_SPLINE_CURVE_WITH_KNOTS('',2,(#9756,#9757,#9758),
  .UNSPECIFIED.,.F.,.F.,(3,3),(0.,1.),.PIECEWISE_BEZIER_KNOTS.);
#9756 = CARTESIAN_POINT('',(120.4418518075,-103.6936740305,13.6));
#9757 = CARTESIAN_POINT('',(121.41952885998,-103.691950639,13.6));
#9758 = CARTESIAN_POINT('',(121.97708965388,-102.9155201703,13.6));
#9759 = ORIENTED_EDGE('',*,*,#9720,.F.);
#9760 = ORIENTED_EDGE('',*,*,#8955,.F.);
#9761 = SURFACE_OF_LINEAR_EXTRUSION('',#9762,#9766);
#9762 = B_SPLINE_CURVE_WITH_KNOTS('',2,(#9763,#9764,#9765),
  .UNSPECIFIED.,.F.,.F.,(3,3),(0.,1.),.PIECEWISE_BEZIER_KNOTS.);
#9763 = CARTESIAN_POINT('',(120.4418518075,-103.6936740305,12.6));
#9764 = CARTESIAN_POINT('',(121.41952885998,-103.691950639,12.6));
#9765 = CARTESIAN_POINT('',(121.97708965388,-102.9155201703,12.6));
#9766 = VECTOR('',#9767,1.);
#9767 = DIRECTION('',(-0.,-0.,-1.));
#9768 = ADVANCED_FACE('',(#9769),#9787,.F.);
#9769 = FACE_BOUND('',#9770,.F.);
#9770 = EDGE_LOOP('',(#9771,#9779,#9785,#9786));
#9771 = ORIENTED_EDGE('',*,*,#9772,.T.);
#9772 = EDGE_CURVE('',#8964,#9773,#9775,.T.);
#9773 = VERTEX_POINT('',#9774);
#9774 = CARTESIAN_POINT('',(118.90343371491,-102.92093823,13.6));
#9775 = LINE('',#9776,#9777);
#9776 = CARTESIAN_POINT('',(118.90343371491,-102.92093823,12.6));
#9777 = VECTOR('',#9778,1.);
#9778 = DIRECTION('',(0.,0.,1.));
#9779 = ORIENTED_EDGE('',*,*,#9780,.T.);
#9780 = EDGE_CURVE('',#9773,#9747,#9781,.T.);
#9781 = B_SPLINE_CURVE_WITH_KNOTS('',2,(#9782,#9783,#9784),
  .UNSPECIFIED.,.F.,.F.,(3,3),(0.,1.),.PIECEWISE_BEZIER_KNOTS.);
#9782 = CARTESIAN_POINT('',(118.90343371491,-102.92093823,13.6));
#9783 = CARTESIAN_POINT('',(119.46417475502,-103.695397422,13.6));
#9784 = CARTESIAN_POINT('',(120.4418518075,-103.6936740305,13.6));
#9785 = ORIENTED_EDGE('',*,*,#9746,.F.);
#9786 = ORIENTED_EDGE('',*,*,#8963,.F.);
#9787 = SURFACE_OF_LINEAR_EXTRUSION('',#9788,#9792);
#9788 = B_SPLINE_CURVE_WITH_KNOTS('',2,(#9789,#9790,#9791),
  .UNSPECIFIED.,.F.,.F.,(3,3),(0.,1.),.PIECEWISE_BEZIER_KNOTS.);
#9789 = CARTESIAN_POINT('',(118.90343371491,-102.92093823,12.6));
#9790 = CARTESIAN_POINT('',(119.46417475502,-103.695397422,12.6));
#9791 = CARTESIAN_POINT('',(120.4418518075,-103.6936740305,12.6));
#9792 = VECTOR('',#9793,1.);
#9793 = DIRECTION('',(-0.,-0.,-1.));
#9794 = ADVANCED_FACE('',(#9795),#9813,.F.);
#9795 = FACE_BOUND('',#9796,.F.);
#9796 = EDGE_LOOP('',(#9797,#9805,#9811,#9812));
#9797 = ORIENTED_EDGE('',*,*,#9798,.T.);
#9798 = EDGE_CURVE('',#8972,#9799,#9801,.T.);
#9799 = VERTEX_POINT('',#9800);
#9800 = CARTESIAN_POINT('',(118.3407357978,-100.783087512,13.6));
#9801 = LINE('',#9802,#9803);
#9802 = CARTESIAN_POINT('',(118.3407357978,-100.783087512,12.6));
#9803 = VECTOR('',#9804,1.);
#9804 = DIRECTION('',(0.,0.,1.));
#9805 = ORIENTED_EDGE('',*,*,#9806,.T.);
#9806 = EDGE_CURVE('',#9799,#9773,#9807,.T.);
#9807 = B_SPLINE_CURVE_WITH_KNOTS('',2,(#9808,#9809,#9810),
  .UNSPECIFIED.,.F.,.F.,(3,3),(0.,1.),.PIECEWISE_BEZIER_KNOTS.);
#9808 = CARTESIAN_POINT('',(118.3407357978,-100.783087512,13.6));
#9809 = CARTESIAN_POINT('',(118.34313831575,-102.1460318231,13.6));
#9810 = CARTESIAN_POINT('',(118.90343371491,-102.92093823,13.6));
#9811 = ORIENTED_EDGE('',*,*,#9772,.F.);
#9812 = ORIENTED_EDGE('',*,*,#8971,.F.);
#9813 = SURFACE_OF_LINEAR_EXTRUSION('',#9814,#9818);
#9814 = B_SPLINE_CURVE_WITH_KNOTS('',2,(#9815,#9816,#9817),
  .UNSPECIFIED.,.F.,.F.,(3,3),(0.,1.),.PIECEWISE_BEZIER_KNOTS.);
#9815 = CARTESIAN_POINT('',(118.3407357978,-100.783087512,12.6));
#9816 = CARTESIAN_POINT('',(118.34313831575,-102.1460318231,12.6));
#9817 = CARTESIAN_POINT('',(118.90343371491,-102.92093823,12.6));
#9818 = VECTOR('',#9819,1.);
#9819 = DIRECTION('',(-0.,-0.,-1.));
#9820 = ADVANCED_FACE('',(#9821),#9839,.F.);
#9821 = FACE_BOUND('',#9822,.F.);
#9822 = EDGE_LOOP('',(#9823,#9831,#9837,#9838));
#9823 = ORIENTED_EDGE('',*,*,#9824,.T.);
#9824 = EDGE_CURVE('',#8980,#9825,#9827,.T.);
#9825 = VERTEX_POINT('',#9826);
#9826 = CARTESIAN_POINT('',(118.89589407375,-98.64371273237,13.6));
#9827 = LINE('',#9828,#9829);
#9828 = CARTESIAN_POINT('',(118.89589407375,-98.64371273237,12.6));
#9829 = VECTOR('',#9830,1.);
#9830 = DIRECTION('',(0.,0.,1.));
#9831 = ORIENTED_EDGE('',*,*,#9832,.T.);
#9832 = EDGE_CURVE('',#9825,#9799,#9833,.T.);
#9833 = B_SPLINE_CURVE_WITH_KNOTS('',2,(#9834,#9835,#9836),
  .UNSPECIFIED.,.F.,.F.,(3,3),(0.,1.),.PIECEWISE_BEZIER_KNOTS.);
#9834 = CARTESIAN_POINT('',(118.89589407375,-98.64371273237,13.6));
#9835 = CARTESIAN_POINT('',(118.33833327985,-99.42014320102,13.6));
#9836 = CARTESIAN_POINT('',(118.3407357978,-100.783087512,13.6));
#9837 = ORIENTED_EDGE('',*,*,#9798,.F.);
#9838 = ORIENTED_EDGE('',*,*,#8979,.F.);
#9839 = SURFACE_OF_LINEAR_EXTRUSION('',#9840,#9844);
#9840 = B_SPLINE_CURVE_WITH_KNOTS('',2,(#9841,#9842,#9843),
  .UNSPECIFIED.,.F.,.F.,(3,3),(0.,1.),.PIECEWISE_BEZIER_KNOTS.);
#9841 = CARTESIAN_POINT('',(118.89589407375,-98.64371273237,12.6));
#9842 = CARTESIAN_POINT('',(118.33833327985,-99.42014320102,12.6));
#9843 = CARTESIAN_POINT('',(118.3407357978,-100.783087512,12.6));
#9844 = VECTOR('',#9845,1.);
#9845 = DIRECTION('',(-0.,-0.,-1.));
#9846 = ADVANCED_FACE('',(#9847),#9865,.F.);
#9847 = FACE_BOUND('',#9848,.F.);
#9848 = EDGE_LOOP('',(#9849,#9857,#9863,#9864));
#9849 = ORIENTED_EDGE('',*,*,#9850,.T.);
#9850 = EDGE_CURVE('',#8988,#9851,#9853,.T.);
#9851 = VERTEX_POINT('',#9852);
#9852 = CARTESIAN_POINT('',(120.43157756107,-97.86511165738,13.6));
#9853 = LINE('',#9854,#9855);
#9854 = CARTESIAN_POINT('',(120.43157756107,-97.86511165738,12.6));
#9855 = VECTOR('',#9856,1.);
#9856 = DIRECTION('',(0.,0.,1.));
#9857 = ORIENTED_EDGE('',*,*,#9858,.T.);
#9858 = EDGE_CURVE('',#9851,#9825,#9859,.T.);
#9859 = B_SPLINE_CURVE_WITH_KNOTS('',2,(#9860,#9861,#9862),
  .UNSPECIFIED.,.F.,.F.,(3,3),(0.,1.),.PIECEWISE_BEZIER_KNOTS.);
#9860 = CARTESIAN_POINT('',(120.43157756107,-97.86511165738,13.6));
#9861 = CARTESIAN_POINT('',(119.45390050859,-97.8668350489,13.6));
#9862 = CARTESIAN_POINT('',(118.89589407375,-98.64371273237,13.6));
#9863 = ORIENTED_EDGE('',*,*,#9824,.F.);
#9864 = ORIENTED_EDGE('',*,*,#8987,.F.);
#9865 = SURFACE_OF_LINEAR_EXTRUSION('',#9866,#9870);
#9866 = B_SPLINE_CURVE_WITH_KNOTS('',2,(#9867,#9868,#9869),
  .UNSPECIFIED.,.F.,.F.,(3,3),(0.,1.),.PIECEWISE_BEZIER_KNOTS.);
#9867 = CARTESIAN_POINT('',(120.43157756107,-97.86511165738,12.6));
#9868 = CARTESIAN_POINT('',(119.45390050859,-97.8668350489,12.6));
#9869 = CARTESIAN_POINT('',(118.89589407375,-98.64371273237,12.6));
#9870 = VECTOR('',#9871,1.);
#9871 = DIRECTION('',(-0.,-0.,-1.));
#9872 = ADVANCED_FACE('',(#9873),#9884,.F.);
#9873 = FACE_BOUND('',#9874,.F.);
#9874 = EDGE_LOOP('',(#9875,#9876,#9882,#9883));
#9875 = ORIENTED_EDGE('',*,*,#9703,.T.);
#9876 = ORIENTED_EDGE('',*,*,#9877,.T.);
#9877 = EDGE_CURVE('',#9696,#9851,#9878,.T.);
#9878 = B_SPLINE_CURVE_WITH_KNOTS('',2,(#9879,#9880,#9881),
  .UNSPECIFIED.,.F.,.F.,(3,3),(0.,1.),.PIECEWISE_BEZIER_KNOTS.);
#9879 = CARTESIAN_POINT('',(121.96955001272,-98.63829467273,13.6));
#9880 = CARTESIAN_POINT('',(121.40925461355,-97.86338826586,13.6));
#9881 = CARTESIAN_POINT('',(120.43157756107,-97.86511165738,13.6));
#9882 = ORIENTED_EDGE('',*,*,#9850,.F.);
#9883 = ORIENTED_EDGE('',*,*,#8995,.F.);
#9884 = SURFACE_OF_LINEAR_EXTRUSION('',#9885,#9889);
#9885 = B_SPLINE_CURVE_WITH_KNOTS('',2,(#9886,#9887,#9888),
  .UNSPECIFIED.,.F.,.F.,(3,3),(0.,1.),.PIECEWISE_BEZIER_KNOTS.);
#9886 = CARTESIAN_POINT('',(121.96955001272,-98.63829467273,12.6));
#9887 = CARTESIAN_POINT('',(121.40925461355,-97.86338826586,12.6));
#9888 = CARTESIAN_POINT('',(120.43157756107,-97.86511165738,12.6));
#9889 = VECTOR('',#9890,1.);
#9890 = DIRECTION('',(-0.,-0.,-1.));
#9891 = ADVANCED_FACE('',(#9892),#9917,.F.);
#9892 = FACE_BOUND('',#9893,.F.);
#9893 = EDGE_LOOP('',(#9894,#9902,#9910,#9916));
#9894 = ORIENTED_EDGE('',*,*,#9895,.T.);
#9895 = EDGE_CURVE('',#9027,#9896,#9898,.T.);
#9896 = VERTEX_POINT('',#9897);
#9897 = CARTESIAN_POINT('',(129.8990047108,-116.4267429547,13.6));
#9898 = LINE('',#9899,#9900);
#9899 = CARTESIAN_POINT('',(129.8990047108,-116.4267429547,12.6));
#9900 = VECTOR('',#9901,1.);
#9901 = DIRECTION('',(0.,0.,1.));
#9902 = ORIENTED_EDGE('',*,*,#9903,.T.);
#9903 = EDGE_CURVE('',#9896,#9904,#9906,.T.);
#9904 = VERTEX_POINT('',#9905);
#9905 = CARTESIAN_POINT('',(129.50077885604,-115.3061931818,13.6));
#9906 = B_SPLINE_CURVE_WITH_KNOTS('',2,(#9907,#9908,#9909),
  .UNSPECIFIED.,.F.,.F.,(3,3),(0.,1.),.PIECEWISE_BEZIER_KNOTS.);
#9907 = CARTESIAN_POINT('',(129.8990047108,-116.4267429547,13.6));
#9908 = CARTESIAN_POINT('',(129.88839140167,-115.7242605718,13.6));
#9909 = CARTESIAN_POINT('',(129.50077885604,-115.3061931818,13.6));
#9910 = ORIENTED_EDGE('',*,*,#9911,.F.);
#9911 = EDGE_CURVE('',#9029,#9904,#9912,.T.);
#9912 = LINE('',#9913,#9914);
#9913 = CARTESIAN_POINT('',(129.50077885604,-115.3061931818,12.6));
#9914 = VECTOR('',#9915,1.);
#9915 = DIRECTION('',(0.,0.,1.));
#9916 = ORIENTED_EDGE('',*,*,#9026,.F.);
#9917 = SURFACE_OF_LINEAR_EXTRUSION('',#9918,#9922);
#9918 = B_SPLINE_CURVE_WITH_KNOTS('',2,(#9919,#9920,#9921),
  .UNSPECIFIED.,.F.,.F.,(3,3),(0.,1.),.PIECEWISE_BEZIER_KNOTS.);
#9919 = CARTESIAN_POINT('',(129.8990047108,-116.4267429547,12.6));
#9920 = CARTESIAN_POINT('',(129.88839140167,-115.7242605718,12.6));
#9921 = CARTESIAN_POINT('',(129.50077885604,-115.3061931818,12.6));
#9922 = VECTOR('',#9923,1.);
#9923 = DIRECTION('',(-0.,-0.,-1.));
#9924 = ADVANCED_FACE('',(#9925),#9943,.F.);
#9925 = FACE_BOUND('',#9926,.F.);
#9926 = EDGE_LOOP('',(#9927,#9935,#9941,#9942));
#9927 = ORIENTED_EDGE('',*,*,#9928,.T.);
#9928 = EDGE_CURVE('',#9037,#9929,#9931,.T.);
#9929 = VERTEX_POINT('',#9930);
#9930 = CARTESIAN_POINT('',(126.82401775103,-116.4368508679,13.6));
#9931 = LINE('',#9932,#9933);
#9932 = CARTESIAN_POINT('',(126.82401775103,-116.4368508679,12.6));
#9933 = VECTOR('',#9934,1.);
#9934 = DIRECTION('',(0.,0.,1.));
#9935 = ORIENTED_EDGE('',*,*,#9936,.T.);
#9936 = EDGE_CURVE('',#9929,#9896,#9937,.T.);
#9937 = LINE('',#9938,#9939);
#9938 = CARTESIAN_POINT('',(126.82401775103,-116.4368508679,13.6));
#9939 = VECTOR('',#9940,1.);
#9940 = DIRECTION('',(0.999994597399,3.287122414263E-03,0.));
#9941 = ORIENTED_EDGE('',*,*,#9895,.F.);
#9942 = ORIENTED_EDGE('',*,*,#9036,.F.);
#9943 = PLANE('',#9944);
#9944 = AXIS2_PLACEMENT_3D('',#9945,#9946,#9947);
#9945 = CARTESIAN_POINT('',(126.82401775103,-116.4368508679,12.6));
#9946 = DIRECTION('',(-3.287122414263E-03,0.999994597399,0.));
#9947 = DIRECTION('',(0.999994597399,3.287122414263E-03,0.));
#9948 = ADVANCED_FACE('',(#9949),#9967,.F.);
#9949 = FACE_BOUND('',#9950,.F.);
#9950 = EDGE_LOOP('',(#9951,#9959,#9965,#9966));
#9951 = ORIENTED_EDGE('',*,*,#9952,.T.);
#9952 = EDGE_CURVE('',#9045,#9953,#9955,.T.);
#9953 = VERTEX_POINT('',#9954);
#9954 = CARTESIAN_POINT('',(127.32107050481,-115.2962854219,13.6));
#9955 = LINE('',#9956,#9957);
#9956 = CARTESIAN_POINT('',(127.32107050481,-115.2962854219,12.6));
#9957 = VECTOR('',#9958,1.);
#9958 = DIRECTION('',(0.,0.,1.));
#9959 = ORIENTED_EDGE('',*,*,#9960,.T.);
#9960 = EDGE_CURVE('',#9953,#9929,#9961,.T.);
#9961 = B_SPLINE_CURVE_WITH_KNOTS('',2,(#9962,#9963,#9964),
  .UNSPECIFIED.,.F.,.F.,(3,3),(0.,1.),.PIECEWISE_BEZIER_KNOTS.);
#9962 = CARTESIAN_POINT('',(127.32107050481,-115.2962854219,13.6));
#9963 = CARTESIAN_POINT('',(126.88834703639,-115.7017363301,13.6));
#9964 = CARTESIAN_POINT('',(126.82401775103,-116.4368508679,13.6));
#9965 = ORIENTED_EDGE('',*,*,#9928,.F.);
#9966 = ORIENTED_EDGE('',*,*,#9044,.F.);
#9967 = SURFACE_OF_LINEAR_EXTRUSION('',#9968,#9972);
#9968 = B_SPLINE_CURVE_WITH_KNOTS('',2,(#9969,#9970,#9971),
  .UNSPECIFIED.,.F.,.F.,(3,3),(0.,1.),.PIECEWISE_BEZIER_KNOTS.);
#9969 = CARTESIAN_POINT('',(127.32107050481,-115.2962854219,12.6));
#9970 = CARTESIAN_POINT('',(126.88834703639,-115.7017363301,12.6));
#9971 = CARTESIAN_POINT('',(126.82401775103,-116.4368508679,12.6));
#9972 = VECTOR('',#9973,1.);
#9973 = DIRECTION('',(-0.,-0.,-1.));
#9974 = ADVANCED_FACE('',(#9975),#9993,.F.);
#9975 = FACE_BOUND('',#9976,.F.);
#9976 = EDGE_LOOP('',(#9977,#9985,#9991,#9992));
#9977 = ORIENTED_EDGE('',*,*,#9978,.T.);
#9978 = EDGE_CURVE('',#9053,#9979,#9981,.T.);
#9979 = VERTEX_POINT('',#9980);
#9980 = CARTESIAN_POINT('',(128.47597980036,-114.8892489866,13.6));
#9981 = LINE('',#9982,#9983);
#9982 = CARTESIAN_POINT('',(128.47597980036,-114.8892489866,12.6));
#9983 = VECTOR('',#9984,1.);
#9984 = DIRECTION('',(0.,0.,1.));
#9985 = ORIENTED_EDGE('',*,*,#9986,.T.);
#9986 = EDGE_CURVE('',#9979,#9953,#9987,.T.);
#9987 = B_SPLINE_CURVE_WITH_KNOTS('',2,(#9988,#9989,#9990),
  .UNSPECIFIED.,.F.,.F.,(3,3),(0.,1.),.PIECEWISE_BEZIER_KNOTS.);
#9988 = CARTESIAN_POINT('',(128.47597980036,-114.8892489866,13.6));
#9989 = CARTESIAN_POINT('',(127.75410592189,-114.8905214634,13.6));
#9990 = CARTESIAN_POINT('',(127.32107050481,-115.2962854219,13.6));
#9991 = ORIENTED_EDGE('',*,*,#9952,.F.);
#9992 = ORIENTED_EDGE('',*,*,#9052,.F.);
#9993 = SURFACE_OF_LINEAR_EXTRUSION('',#9994,#9998);
#9994 = B_SPLINE_CURVE_WITH_KNOTS('',2,(#9995,#9996,#9997),
  .UNSPECIFIED.,.F.,.F.,(3,3),(0.,1.),.PIECEWISE_BEZIER_KNOTS.);
#9995 = CARTESIAN_POINT('',(128.47597980036,-114.8892489866,12.6));
#9996 = CARTESIAN_POINT('',(127.75410592189,-114.8905214634,12.6));
#9997 = CARTESIAN_POINT('',(127.32107050481,-115.2962854219,12.6));
#9998 = VECTOR('',#9999,1.);
#9999 = DIRECTION('',(-0.,-0.,-1.));
#10000 = ADVANCED_FACE('',(#10001),#10012,.F.);
#10001 = FACE_BOUND('',#10002,.F.);
#10002 = EDGE_LOOP('',(#10003,#10004,#10010,#10011));
#10003 = ORIENTED_EDGE('',*,*,#9911,.T.);
#10004 = ORIENTED_EDGE('',*,*,#10005,.T.);
#10005 = EDGE_CURVE('',#9904,#9979,#10006,.T.);
#10006 = B_SPLINE_CURVE_WITH_KNOTS('',2,(#10007,#10008,#10009),
  .UNSPECIFIED.,.F.,.F.,(3,3),(0.,1.),.PIECEWISE_BEZIER_KNOTS.);
#10007 = CARTESIAN_POINT('',(129.50077885604,-115.3061931818,13.6));
#10008 = CARTESIAN_POINT('',(129.11347880993,-114.8881252409,13.6));
#10009 = CARTESIAN_POINT('',(128.47597980036,-114.8892489866,13.6));
#10010 = ORIENTED_EDGE('',*,*,#9978,.F.);
#10011 = ORIENTED_EDGE('',*,*,#9060,.F.);
#10012 = SURFACE_OF_LINEAR_EXTRUSION('',#10013,#10017);
#10013 = B_SPLINE_CURVE_WITH_KNOTS('',2,(#10014,#10015,#10016),
  .UNSPECIFIED.,.F.,.F.,(3,3),(0.,1.),.PIECEWISE_BEZIER_KNOTS.);
#10014 = CARTESIAN_POINT('',(129.50077885604,-115.3061931818,12.6));
#10015 = CARTESIAN_POINT('',(129.11347880993,-114.8881252409,12.6));
#10016 = CARTESIAN_POINT('',(128.47597980036,-114.8892489866,12.6));
#10017 = VECTOR('',#10018,1.);
#10018 = DIRECTION('',(-0.,-0.,-1.));
#10019 = ADVANCED_FACE('',(#10020),#10045,.F.);
#10020 = FACE_BOUND('',#10021,.F.);
#10021 = EDGE_LOOP('',(#10022,#10030,#10038,#10044));
#10022 = ORIENTED_EDGE('',*,*,#10023,.T.);
#10023 = EDGE_CURVE('',#9100,#10024,#10026,.T.);
#10024 = VERTEX_POINT('',#10025);
#10025 = CARTESIAN_POINT('',(143.28219268755,-113.4368972508,13.6));
#10026 = LINE('',#10027,#10028);
#10027 = CARTESIAN_POINT('',(143.28219268755,-113.4368972508,12.6));
#10028 = VECTOR('',#10029,1.);
#10029 = DIRECTION('',(0.,0.,1.));
#10030 = ORIENTED_EDGE('',*,*,#10031,.T.);
#10031 = EDGE_CURVE('',#10024,#10032,#10034,.T.);
#10032 = VERTEX_POINT('',#10033);
#10033 = CARTESIAN_POINT('',(142.00396502958,-116.9254058516,13.6));
#10034 = LINE('',#10035,#10036);
#10035 = CARTESIAN_POINT('',(143.28219268755,-113.4368972508,13.6));
#10036 = VECTOR('',#10037,1.);
#10037 = DIRECTION('',(-0.344042967579,-0.938953905396,0.));
#10038 = ORIENTED_EDGE('',*,*,#10039,.F.);
#10039 = EDGE_CURVE('',#9102,#10032,#10040,.T.);
#10040 = LINE('',#10041,#10042);
#10041 = CARTESIAN_POINT('',(142.00396502958,-116.9254058516,12.6));
#10042 = VECTOR('',#10043,1.);
#10043 = DIRECTION('',(0.,0.,1.));
#10044 = ORIENTED_EDGE('',*,*,#9099,.F.);
#10045 = PLANE('',#10046);
#10046 = AXIS2_PLACEMENT_3D('',#10047,#10048,#10049);
#10047 = CARTESIAN_POINT('',(143.28219268755,-113.4368972508,12.6));
#10048 = DIRECTION('',(0.938953905396,-0.344042967579,0.));
#10049 = DIRECTION('',(-0.344042967579,-0.938953905396,0.));
#10050 = ADVANCED_FACE('',(#10051),#10069,.F.);
#10051 = FACE_BOUND('',#10052,.F.);
#10052 = EDGE_LOOP('',(#10053,#10061,#10067,#10068));
#10053 = ORIENTED_EDGE('',*,*,#10054,.T.);
#10054 = EDGE_CURVE('',#9110,#10055,#10057,.T.);
#10055 = VERTEX_POINT('',#10056);
#10056 = CARTESIAN_POINT('',(144.57739853143,-116.9208695546,13.6));
#10057 = LINE('',#10058,#10059);
#10058 = CARTESIAN_POINT('',(144.57739853143,-116.9208695546,12.6));
#10059 = VECTOR('',#10060,1.);
#10060 = DIRECTION('',(0.,0.,1.));
#10061 = ORIENTED_EDGE('',*,*,#10062,.T.);
#10062 = EDGE_CURVE('',#10055,#10024,#10063,.T.);
#10063 = LINE('',#10064,#10065);
#10064 = CARTESIAN_POINT('',(144.57739853143,-116.9208695546,13.6));
#10065 = VECTOR('',#10066,1.);
#10066 = DIRECTION('',(-0.348460525175,0.937323456654,0.));
#10067 = ORIENTED_EDGE('',*,*,#10023,.F.);
#10068 = ORIENTED_EDGE('',*,*,#9109,.F.);
#10069 = PLANE('',#10070);
#10070 = AXIS2_PLACEMENT_3D('',#10071,#10072,#10073);
#10071 = CARTESIAN_POINT('',(144.57739853143,-116.9208695546,12.6));
#10072 = DIRECTION('',(-0.937323456654,-0.348460525175,0.));
#10073 = DIRECTION('',(-0.348460525175,0.937323456654,0.));
#10074 = ADVANCED_FACE('',(#10075),#10086,.F.);
#10075 = FACE_BOUND('',#10076,.F.);
#10076 = EDGE_LOOP('',(#10077,#10078,#10084,#10085));
#10077 = ORIENTED_EDGE('',*,*,#10039,.T.);
#10078 = ORIENTED_EDGE('',*,*,#10079,.T.);
#10079 = EDGE_CURVE('',#10032,#10055,#10080,.T.);
#10080 = LINE('',#10081,#10082);
#10081 = CARTESIAN_POINT('',(142.00396502958,-116.9254058516,13.6));
#10082 = VECTOR('',#10083,1.);
#10083 = DIRECTION('',(0.999998446376,1.762738357939E-03,0.));
#10084 = ORIENTED_EDGE('',*,*,#10054,.F.);
#10085 = ORIENTED_EDGE('',*,*,#9117,.F.);
#10086 = PLANE('',#10087);
#10087 = AXIS2_PLACEMENT_3D('',#10088,#10089,#10090);
#10088 = CARTESIAN_POINT('',(142.00396502958,-116.9254058516,12.6));
#10089 = DIRECTION('',(-1.762738357939E-03,0.999998446376,0.));
#10090 = DIRECTION('',(0.999998446376,1.762738357939E-03,0.));
#10091 = ADVANCED_FACE('',(#10092),#10117,.F.);
#10092 = FACE_BOUND('',#10093,.F.);
#10093 = EDGE_LOOP('',(#10094,#10102,#10110,#10116));
#10094 = ORIENTED_EDGE('',*,*,#10095,.T.);
#10095 = EDGE_CURVE('',#9142,#10096,#10098,.T.);
#10096 = VERTEX_POINT('',#10097);
#10097 = CARTESIAN_POINT('',(128.76420426502,-97.87899486681,13.6));
#10098 = LINE('',#10099,#10100);
#10099 = CARTESIAN_POINT('',(128.76420426502,-97.87899486681,12.6));
#10100 = VECTOR('',#10101,1.);
#10101 = DIRECTION('',(0.,0.,1.));
#10102 = ORIENTED_EDGE('',*,*,#10103,.T.);
#10103 = EDGE_CURVE('',#10096,#10104,#10106,.T.);
#10104 = VERTEX_POINT('',#10105);
#10105 = CARTESIAN_POINT('',(127.19860224052,-98.65318438778,13.6));
#10106 = B_SPLINE_CURVE_WITH_KNOTS('',2,(#10107,#10108,#10109),
  .UNSPECIFIED.,.F.,.F.,(3,3),(0.,1.),.PIECEWISE_BEZIER_KNOTS.);
#10107 = CARTESIAN_POINT('',(128.76420426502,-97.87899486681,13.6));
#10108 = CARTESIAN_POINT('',(127.77313437621,-97.88074186643,13.6));
#10109 = CARTESIAN_POINT('',(127.19860224052,-98.65318438778,13.6));
#10110 = ORIENTED_EDGE('',*,*,#10111,.F.);
#10111 = EDGE_CURVE('',#9144,#10104,#10112,.T.);
#10112 = LINE('',#10113,#10114);
#10113 = CARTESIAN_POINT('',(127.19860224052,-98.65318438778,12.6));
#10114 = VECTOR('',#10115,1.);
#10115 = DIRECTION('',(0.,0.,1.));
#10116 = ORIENTED_EDGE('',*,*,#9141,.F.);
#10117 = SURFACE_OF_LINEAR_EXTRUSION('',#10118,#10122);
#10118 = B_SPLINE_CURVE_WITH_KNOTS('',2,(#10119,#10120,#10121),
  .UNSPECIFIED.,.F.,.F.,(3,3),(0.,1.),.PIECEWISE_BEZIER_KNOTS.);
#10119 = CARTESIAN_POINT('',(128.76420426502,-97.87899486681,12.6));
#10120 = CARTESIAN_POINT('',(127.77313437621,-97.88074186643,12.6));
#10121 = CARTESIAN_POINT('',(127.19860224052,-98.65318438778,12.6));
#10122 = VECTOR('',#10123,1.);
#10123 = DIRECTION('',(-0.,-0.,-1.));
#10124 = ADVANCED_FACE('',(#10125),#10143,.F.);
#10125 = FACE_BOUND('',#10126,.F.);
#10126 = EDGE_LOOP('',(#10127,#10135,#10141,#10142));
#10127 = ORIENTED_EDGE('',*,*,#10128,.T.);
#10128 = EDGE_CURVE('',#9152,#10129,#10131,.T.);
#10129 = VERTEX_POINT('',#10130);
#10130 = CARTESIAN_POINT('',(130.32584132888,-98.6543683139,13.6));
#10131 = LINE('',#10132,#10133);
#10132 = CARTESIAN_POINT('',(130.32584132888,-98.6543683139,12.6));
#10133 = VECTOR('',#10134,1.);
#10134 = DIRECTION('',(0.,0.,1.));
#10135 = ORIENTED_EDGE('',*,*,#10136,.T.);
#10136 = EDGE_CURVE('',#10129,#10096,#10137,.T.);
#10137 = B_SPLINE_CURVE_WITH_KNOTS('',2,(#10138,#10139,#10140),
  .UNSPECIFIED.,.F.,.F.,(3,3),(0.,1.),.PIECEWISE_BEZIER_KNOTS.);
#10138 = CARTESIAN_POINT('',(130.32584132888,-98.6543683139,13.6));
#10139 = CARTESIAN_POINT('',(129.74857773567,-97.87725967124,13.6));
#10140 = CARTESIAN_POINT('',(128.76420426502,-97.87899486681,13.6));
#10141 = ORIENTED_EDGE('',*,*,#10095,.F.);
#10142 = ORIENTED_EDGE('',*,*,#9151,.F.);
#10143 = SURFACE_OF_LINEAR_EXTRUSION('',#10144,#10148);
#10144 = B_SPLINE_CURVE_WITH_KNOTS('',2,(#10145,#10146,#10147),
  .UNSPECIFIED.,.F.,.F.,(3,3),(0.,1.),.PIECEWISE_BEZIER_KNOTS.);
#10145 = CARTESIAN_POINT('',(130.32584132888,-98.6543683139,12.6));
#10146 = CARTESIAN_POINT('',(129.74857773567,-97.87725967124,12.6));
#10147 = CARTESIAN_POINT('',(128.76420426502,-97.87899486681,12.6));
#10148 = VECTOR('',#10149,1.);
#10149 = DIRECTION('',(-0.,-0.,-1.));
#10150 = ADVANCED_FACE('',(#10151),#10169,.F.);
#10151 = FACE_BOUND('',#10152,.F.);
#10152 = EDGE_LOOP('',(#10153,#10161,#10167,#10168));
#10153 = ORIENTED_EDGE('',*,*,#10154,.T.);
#10154 = EDGE_CURVE('',#9160,#10155,#10157,.T.);
#10155 = VERTEX_POINT('',#10156);
#10156 = CARTESIAN_POINT('',(130.90544841978,-100.7609391767,13.6));
#10157 = LINE('',#10158,#10159);
#10158 = CARTESIAN_POINT('',(130.90544841978,-100.7609391767,12.6));
#10159 = VECTOR('',#10160,1.);
#10160 = DIRECTION('',(0.,0.,1.));
#10161 = ORIENTED_EDGE('',*,*,#10162,.T.);
#10162 = EDGE_CURVE('',#10155,#10129,#10163,.T.);
#10163 = B_SPLINE_CURVE_WITH_KNOTS('',2,(#10164,#10165,#10166),
  .UNSPECIFIED.,.F.,.F.,(3,3),(0.,1.),.PIECEWISE_BEZIER_KNOTS.);
#10164 = CARTESIAN_POINT('',(130.90544841978,-100.7609391767,13.6));
#10165 = CARTESIAN_POINT('',(130.90310492209,-99.43147695655,13.6));
#10166 = CARTESIAN_POINT('',(130.32584132888,-98.6543683139,13.6));
#10167 = ORIENTED_EDGE('',*,*,#10128,.F.);
#10168 = ORIENTED_EDGE('',*,*,#9159,.F.);
#10169 = SURFACE_OF_LINEAR_EXTRUSION('',#10170,#10174);
#10170 = B_SPLINE_CURVE_WITH_KNOTS('',2,(#10171,#10172,#10173),
  .UNSPECIFIED.,.F.,.F.,(3,3),(0.,1.),.PIECEWISE_BEZIER_KNOTS.);
#10171 = CARTESIAN_POINT('',(130.90544841978,-100.7609391767,12.6));
#10172 = CARTESIAN_POINT('',(130.90310492209,-99.43147695655,12.6));
#10173 = CARTESIAN_POINT('',(130.32584132888,-98.6543683139,12.6));
#10174 = VECTOR('',#10175,1.);
#10175 = DIRECTION('',(-0.,-0.,-1.));
#10176 = ADVANCED_FACE('',(#10177),#10195,.F.);
#10177 = FACE_BOUND('',#10178,.F.);
#10178 = EDGE_LOOP('',(#10179,#10187,#10193,#10194));
#10179 = ORIENTED_EDGE('',*,*,#10180,.T.);
#10180 = EDGE_CURVE('',#9168,#10181,#10183,.T.);
#10181 = VERTEX_POINT('',#10182);
#10182 = CARTESIAN_POINT('',(130.33327788133,-102.8731117595,13.6));
#10183 = LINE('',#10184,#10185);
#10184 = CARTESIAN_POINT('',(130.33327788133,-102.8731117595,12.6));
#10185 = VECTOR('',#10186,1.);
#10186 = DIRECTION('',(0.,0.,1.));
#10187 = ORIENTED_EDGE('',*,*,#10188,.T.);
#10188 = EDGE_CURVE('',#10181,#10155,#10189,.T.);
#10189 = B_SPLINE_CURVE_WITH_KNOTS('',2,(#10190,#10191,#10192),
  .UNSPECIFIED.,.F.,.F.,(3,3),(0.,1.),.PIECEWISE_BEZIER_KNOTS.);
#10190 = CARTESIAN_POINT('',(130.33327788133,-102.8731117595,13.6));
#10191 = CARTESIAN_POINT('',(130.90780372152,-102.0970978151,13.6));
#10192 = CARTESIAN_POINT('',(130.90544841978,-100.7609391767,13.6));
#10193 = ORIENTED_EDGE('',*,*,#10154,.F.);
#10194 = ORIENTED_EDGE('',*,*,#9167,.F.);
#10195 = SURFACE_OF_LINEAR_EXTRUSION('',#10196,#10200);
#10196 = B_SPLINE_CURVE_WITH_KNOTS('',2,(#10197,#10198,#10199),
  .UNSPECIFIED.,.F.,.F.,(3,3),(0.,1.),.PIECEWISE_BEZIER_KNOTS.);
#10197 = CARTESIAN_POINT('',(130.33327788133,-102.8731117595,12.6));
#10198 = CARTESIAN_POINT('',(130.90780372152,-102.0970978151,12.6));
#10199 = CARTESIAN_POINT('',(130.90544841978,-100.7609391767,12.6));
#10200 = VECTOR('',#10201,1.);
#10201 = DIRECTION('',(-0.,-0.,-1.));
#10202 = ADVANCED_FACE('',(#10203),#10221,.F.);
#10203 = FACE_BOUND('',#10204,.F.);
#10204 = EDGE_LOOP('',(#10205,#10213,#10219,#10220));
#10205 = ORIENTED_EDGE('',*,*,#10206,.T.);
#10206 = EDGE_CURVE('',#9176,#10207,#10209,.T.);
#10207 = VERTEX_POINT('',#10208);
#10208 = CARTESIAN_POINT('',(128.77437778355,-103.6504144716,13.6));
#10209 = LINE('',#10210,#10211);
#10210 = CARTESIAN_POINT('',(128.77437778355,-103.6504144716,12.6));
#10211 = VECTOR('',#10212,1.);
#10212 = DIRECTION('',(0.,0.,1.));
#10213 = ORIENTED_EDGE('',*,*,#10214,.T.);
#10214 = EDGE_CURVE('',#10207,#10181,#10215,.T.);
#10215 = B_SPLINE_CURVE_WITH_KNOTS('',2,(#10216,#10217,#10218),
  .UNSPECIFIED.,.F.,.F.,(3,3),(0.,1.),.PIECEWISE_BEZIER_KNOTS.);
#10216 = CARTESIAN_POINT('',(128.77437778355,-103.6504144716,13.6));
#10217 = CARTESIAN_POINT('',(129.7587512542,-103.648679276,13.6));
#10218 = CARTESIAN_POINT('',(130.33327788133,-102.8731117595,13.6));
#10219 = ORIENTED_EDGE('',*,*,#10180,.F.);
#10220 = ORIENTED_EDGE('',*,*,#9175,.F.);
#10221 = SURFACE_OF_LINEAR_EXTRUSION('',#10222,#10226);
#10222 = B_SPLINE_CURVE_WITH_KNOTS('',2,(#10223,#10224,#10225),
  .UNSPECIFIED.,.F.,.F.,(3,3),(0.,1.),.PIECEWISE_BEZIER_KNOTS.);
#10223 = CARTESIAN_POINT('',(128.77437778355,-103.6504144716,12.6));
#10224 = CARTESIAN_POINT('',(129.7587512542,-103.648679276,12.6));
#10225 = CARTESIAN_POINT('',(130.33327788133,-102.8731117595,12.6));
#10226 = VECTOR('',#10227,1.);
#10227 = DIRECTION('',(-0.,-0.,-1.));
#10228 = ADVANCED_FACE('',(#10229),#10247,.F.);
#10229 = FACE_BOUND('',#10230,.F.);
#10230 = EDGE_LOOP('',(#10231,#10239,#10245,#10246));
#10231 = ORIENTED_EDGE('',*,*,#10232,.T.);
#10232 = EDGE_CURVE('',#9184,#10233,#10235,.T.);
#10233 = VERTEX_POINT('',#10234);
#10234 = CARTESIAN_POINT('',(127.20248468255,-102.8817555422,13.6));
#10235 = LINE('',#10236,#10237);
#10236 = CARTESIAN_POINT('',(127.20248468255,-102.8817555422,12.6));
#10237 = VECTOR('',#10238,1.);
#10238 = DIRECTION('',(0.,0.,1.));
#10239 = ORIENTED_EDGE('',*,*,#10240,.T.);
#10240 = EDGE_CURVE('',#10233,#10207,#10241,.T.);
#10241 = B_SPLINE_CURVE_WITH_KNOTS('',2,(#10242,#10243,#10244),
  .UNSPECIFIED.,.F.,.F.,(3,3),(0.,1.),.PIECEWISE_BEZIER_KNOTS.);
#10242 = CARTESIAN_POINT('',(127.20248468255,-102.8817555422,13.6));
#10243 = CARTESIAN_POINT('',(127.77661147656,-103.6521732752,13.6));
#10244 = CARTESIAN_POINT('',(128.77437778355,-103.6504144716,13.6));
#10245 = ORIENTED_EDGE('',*,*,#10206,.F.);
#10246 = ORIENTED_EDGE('',*,*,#9183,.F.);
#10247 = SURFACE_OF_LINEAR_EXTRUSION('',#10248,#10252);
#10248 = B_SPLINE_CURVE_WITH_KNOTS('',2,(#10249,#10250,#10251),
  .UNSPECIFIED.,.F.,.F.,(3,3),(0.,1.),.PIECEWISE_BEZIER_KNOTS.);
#10249 = CARTESIAN_POINT('',(127.20248468255,-102.8817555422,12.6));
#10250 = CARTESIAN_POINT('',(127.77661147656,-103.6521732752,12.6));
#10251 = CARTESIAN_POINT('',(128.77437778355,-103.6504144716,12.6));
#10252 = VECTOR('',#10253,1.);
#10253 = DIRECTION('',(-0.,-0.,-1.));
#10254 = ADVANCED_FACE('',(#10255),#10273,.F.);
#10255 = FACE_BOUND('',#10256,.F.);
#10256 = EDGE_LOOP('',(#10257,#10265,#10271,#10272));
#10257 = ORIENTED_EDGE('',*,*,#10258,.T.);
#10258 = EDGE_CURVE('',#9192,#10259,#10261,.T.);
#10259 = VERTEX_POINT('',#10260);
#10260 = CARTESIAN_POINT('',(126.62643721062,-100.7684819656,13.6));
#10261 = LINE('',#10262,#10263);
#10262 = CARTESIAN_POINT('',(126.62643721062,-100.7684819656,12.6));
#10263 = VECTOR('',#10264,1.);
#10264 = DIRECTION('',(0.,0.,1.));
#10265 = ORIENTED_EDGE('',*,*,#10266,.T.);
#10266 = EDGE_CURVE('',#10259,#10233,#10267,.T.);
#10267 = B_SPLINE_CURVE_WITH_KNOTS('',2,(#10268,#10269,#10270),
  .UNSPECIFIED.,.F.,.F.,(3,3),(0.,1.),.PIECEWISE_BEZIER_KNOTS.);
#10268 = CARTESIAN_POINT('',(126.62643721062,-100.7684819656,13.6));
#10269 = CARTESIAN_POINT('',(126.62880431642,-102.1113370222,13.6));
#10270 = CARTESIAN_POINT('',(127.20248468255,-102.8817555422,13.6));
#10271 = ORIENTED_EDGE('',*,*,#10232,.F.);
#10272 = ORIENTED_EDGE('',*,*,#9191,.F.);
#10273 = SURFACE_OF_LINEAR_EXTRUSION('',#10274,#10278);
#10274 = B_SPLINE_CURVE_WITH_KNOTS('',2,(#10275,#10276,#10277),
  .UNSPECIFIED.,.F.,.F.,(3,3),(0.,1.),.PIECEWISE_BEZIER_KNOTS.);
#10275 = CARTESIAN_POINT('',(126.62643721062,-100.7684819656,12.6));
#10276 = CARTESIAN_POINT('',(126.62880431642,-102.1113370222,12.6));
#10277 = CARTESIAN_POINT('',(127.20248468255,-102.8817555422,12.6));
#10278 = VECTOR('',#10279,1.);
#10279 = DIRECTION('',(-0.,-0.,-1.));
#10280 = ADVANCED_FACE('',(#10281),#10292,.F.);
#10281 = FACE_BOUND('',#10282,.F.);
#10282 = EDGE_LOOP('',(#10283,#10284,#10290,#10291));
#10283 = ORIENTED_EDGE('',*,*,#10111,.T.);
#10284 = ORIENTED_EDGE('',*,*,#10285,.T.);
#10285 = EDGE_CURVE('',#10104,#10259,#10286,.T.);
#10286 = B_SPLINE_CURVE_WITH_KNOTS('',2,(#10287,#10288,#10289),
  .UNSPECIFIED.,.F.,.F.,(3,3),(0.,1.),.PIECEWISE_BEZIER_KNOTS.);
#10287 = CARTESIAN_POINT('',(127.19860224052,-98.65318438778,13.6));
#10288 = CARTESIAN_POINT('',(126.62407010483,-99.42562690913,13.6));
#10289 = CARTESIAN_POINT('',(126.62643721062,-100.7684819656,13.6));
#10290 = ORIENTED_EDGE('',*,*,#10258,.F.);
#10291 = ORIENTED_EDGE('',*,*,#9199,.F.);
#10292 = SURFACE_OF_LINEAR_EXTRUSION('',#10293,#10297);
#10293 = B_SPLINE_CURVE_WITH_KNOTS('',2,(#10294,#10295,#10296),
  .UNSPECIFIED.,.F.,.F.,(3,3),(0.,1.),.PIECEWISE_BEZIER_KNOTS.);
#10294 = CARTESIAN_POINT('',(127.19860224052,-98.65318438778,12.6));
#10295 = CARTESIAN_POINT('',(126.62407010483,-99.42562690913,12.6));
#10296 = CARTESIAN_POINT('',(126.62643721062,-100.7684819656,12.6));
#10297 = VECTOR('',#10298,1.);
#10298 = DIRECTION('',(-0.,-0.,-1.));
#10299 = ADVANCED_FACE('',(#10300),#10325,.F.);
#10300 = FACE_BOUND('',#10301,.F.);
#10301 = EDGE_LOOP('',(#10302,#10310,#10318,#10324));
#10302 = ORIENTED_EDGE('',*,*,#10303,.T.);
#10303 = EDGE_CURVE('',#9278,#10304,#10306,.T.);
#10304 = VERTEX_POINT('',#10305);
#10305 = CARTESIAN_POINT('',(161.95910215152,-100.020484274,13.6));
#10306 = LINE('',#10307,#10308);
#10307 = CARTESIAN_POINT('',(161.95910215152,-100.020484274,12.6));
#10308 = VECTOR('',#10309,1.);
#10309 = DIRECTION('',(0.,0.,1.));
#10310 = ORIENTED_EDGE('',*,*,#10311,.T.);
#10311 = EDGE_CURVE('',#10304,#10312,#10314,.T.);
#10312 = VERTEX_POINT('',#10313);
#10313 = CARTESIAN_POINT('',(161.39020807329,-98.4196988842,13.6));
#10314 = B_SPLINE_CURVE_WITH_KNOTS('',2,(#10315,#10316,#10317),
  .UNSPECIFIED.,.F.,.F.,(3,3),(0.,1.),.PIECEWISE_BEZIER_KNOTS.);
#10315 = CARTESIAN_POINT('',(161.95910215152,-100.020484274,13.6));
#10316 = CARTESIAN_POINT('',(161.94394028133,-99.01693801279,13.6));
#10317 = CARTESIAN_POINT('',(161.39020807329,-98.4196988842,13.6));
#10318 = ORIENTED_EDGE('',*,*,#10319,.F.);
#10319 = EDGE_CURVE('',#9280,#10312,#10320,.T.);
#10320 = LINE('',#10321,#10322);
#10321 = CARTESIAN_POINT('',(161.39020807329,-98.4196988842,12.6));
#10322 = VECTOR('',#10323,1.);
#10323 = DIRECTION('',(0.,0.,1.));
#10324 = ORIENTED_EDGE('',*,*,#9277,.F.);
#10325 = SURFACE_OF_LINEAR_EXTRUSION('',#10326,#10330);
#10326 = B_SPLINE_CURVE_WITH_KNOTS('',2,(#10327,#10328,#10329),
  .UNSPECIFIED.,.F.,.F.,(3,3),(0.,1.),.PIECEWISE_BEZIER_KNOTS.);
#10327 = CARTESIAN_POINT('',(161.95910215152,-100.020484274,12.6));
#10328 = CARTESIAN_POINT('',(161.94394028133,-99.01693801279,12.6));
#10329 = CARTESIAN_POINT('',(161.39020807329,-98.4196988842,12.6));
#10330 = VECTOR('',#10331,1.);
#10331 = DIRECTION('',(-0.,-0.,-1.));
#10332 = ADVANCED_FACE('',(#10333),#10351,.F.);
#10333 = FACE_BOUND('',#10334,.F.);
#10334 = EDGE_LOOP('',(#10335,#10343,#10349,#10350));
#10335 = ORIENTED_EDGE('',*,*,#10336,.T.);
#10336 = EDGE_CURVE('',#9288,#10337,#10339,.T.);
#10337 = VERTEX_POINT('',#10338);
#10338 = CARTESIAN_POINT('',(157.56626363757,-100.03492415,13.6));
#10339 = LINE('',#10340,#10341);
#10340 = CARTESIAN_POINT('',(157.56626363757,-100.03492415,12.6));
#10341 = VECTOR('',#10342,1.);
#10342 = DIRECTION('',(0.,0.,1.));
#10343 = ORIENTED_EDGE('',*,*,#10344,.T.);
#10344 = EDGE_CURVE('',#10337,#10304,#10345,.T.);
#10345 = LINE('',#10346,#10347);
#10346 = CARTESIAN_POINT('',(157.56626363757,-100.03492415,13.6));
#10347 = VECTOR('',#10348,1.);
#10348 = DIRECTION('',(0.999994597399,3.287122414263E-03,0.));
#10349 = ORIENTED_EDGE('',*,*,#10303,.F.);
#10350 = ORIENTED_EDGE('',*,*,#9287,.F.);
#10351 = PLANE('',#10352);
#10352 = AXIS2_PLACEMENT_3D('',#10353,#10354,#10355);
#10353 = CARTESIAN_POINT('',(157.56626363757,-100.03492415,12.6));
#10354 = DIRECTION('',(-3.287122414263E-03,0.999994597399,0.));
#10355 = DIRECTION('',(0.999994597399,3.287122414263E-03,0.));
#10356 = ADVANCED_FACE('',(#10357),#10375,.F.);
#10357 = FACE_BOUND('',#10358,.F.);
#10358 = EDGE_LOOP('',(#10359,#10367,#10373,#10374));
#10359 = ORIENTED_EDGE('',*,*,#10360,.T.);
#10360 = EDGE_CURVE('',#9296,#10361,#10363,.T.);
#10361 = VERTEX_POINT('',#10362);
#10362 = CARTESIAN_POINT('',(158.2763390001,-98.40554494152,13.6));
#10363 = LINE('',#10364,#10365);
#10364 = CARTESIAN_POINT('',(158.2763390001,-98.40554494152,12.6));
#10365 = VECTOR('',#10366,1.);
#10366 = DIRECTION('',(0.,0.,1.));
#10367 = ORIENTED_EDGE('',*,*,#10368,.T.);
#10368 = EDGE_CURVE('',#10361,#10337,#10369,.T.);
#10369 = B_SPLINE_CURVE_WITH_KNOTS('',2,(#10370,#10371,#10372),
  .UNSPECIFIED.,.F.,.F.,(3,3),(0.,1.),.PIECEWISE_BEZIER_KNOTS.);
#10370 = CARTESIAN_POINT('',(158.2763390001,-98.40554494152,13.6));
#10371 = CARTESIAN_POINT('',(157.65816261664,-98.98476052463,13.6));
#10372 = CARTESIAN_POINT('',(157.56626363757,-100.03492415,13.6));
#10373 = ORIENTED_EDGE('',*,*,#10336,.F.);
#10374 = ORIENTED_EDGE('',*,*,#9295,.F.);
#10375 = SURFACE_OF_LINEAR_EXTRUSION('',#10376,#10380);
#10376 = B_SPLINE_CURVE_WITH_KNOTS('',2,(#10377,#10378,#10379),
  .UNSPECIFIED.,.F.,.F.,(3,3),(0.,1.),.PIECEWISE_BEZIER_KNOTS.);
#10377 = CARTESIAN_POINT('',(158.2763390001,-98.40554494152,12.6));
#10378 = CARTESIAN_POINT('',(157.65816261664,-98.98476052463,12.6));
#10379 = CARTESIAN_POINT('',(157.56626363757,-100.03492415,12.6));
#10380 = VECTOR('',#10381,1.);
#10381 = DIRECTION('',(-0.,-0.,-1.));
#10382 = ADVANCED_FACE('',(#10383),#10401,.F.);
#10383 = FACE_BOUND('',#10384,.F.);
#10384 = EDGE_LOOP('',(#10385,#10393,#10399,#10400));
#10385 = ORIENTED_EDGE('',*,*,#10386,.T.);
#10386 = EDGE_CURVE('',#9304,#10387,#10389,.T.);
#10387 = VERTEX_POINT('',#10388);
#10388 = CARTESIAN_POINT('',(159.92620942232,-97.82406431967,13.6));
#10389 = LINE('',#10390,#10391);
#10390 = CARTESIAN_POINT('',(159.92620942232,-97.82406431967,12.6));
#10391 = VECTOR('',#10392,1.);
#10392 = DIRECTION('',(0.,0.,1.));
#10393 = ORIENTED_EDGE('',*,*,#10394,.T.);
#10394 = EDGE_CURVE('',#10387,#10361,#10395,.T.);
#10395 = B_SPLINE_CURVE_WITH_KNOTS('',2,(#10396,#10397,#10398),
  .UNSPECIFIED.,.F.,.F.,(3,3),(0.,1.),.PIECEWISE_BEZIER_KNOTS.);
#10396 = CARTESIAN_POINT('',(159.92620942232,-97.82406431967,13.6));
#10397 = CARTESIAN_POINT('',(158.8949610245,-97.8258821436,13.6));
#10398 = CARTESIAN_POINT('',(158.2763390001,-98.40554494152,13.6));
#10399 = ORIENTED_EDGE('',*,*,#10360,.F.);
#10400 = ORIENTED_EDGE('',*,*,#9303,.F.);
#10401 = SURFACE_OF_LINEAR_EXTRUSION('',#10402,#10406);
#10402 = B_SPLINE_CURVE_WITH_KNOTS('',2,(#10403,#10404,#10405),
  .UNSPECIFIED.,.F.,.F.,(3,3),(0.,1.),.PIECEWISE_BEZIER_KNOTS.);
#10403 = CARTESIAN_POINT('',(159.92620942232,-97.82406431967,12.6));
#10404 = CARTESIAN_POINT('',(158.8949610245,-97.8258821436,12.6));
#10405 = CARTESIAN_POINT('',(158.2763390001,-98.40554494152,12.6));
#10406 = VECTOR('',#10407,1.);
#10407 = DIRECTION('',(-0.,-0.,-1.));
#10408 = ADVANCED_FACE('',(#10409),#10420,.F.);
#10409 = FACE_BOUND('',#10410,.F.);
#10410 = EDGE_LOOP('',(#10411,#10412,#10418,#10419));
#10411 = ORIENTED_EDGE('',*,*,#10319,.T.);
#10412 = ORIENTED_EDGE('',*,*,#10413,.T.);
#10413 = EDGE_CURVE('',#10312,#10387,#10414,.T.);
#10414 = B_SPLINE_CURVE_WITH_KNOTS('',2,(#10415,#10416,#10417),
  .UNSPECIFIED.,.F.,.F.,(3,3),(0.,1.),.PIECEWISE_BEZIER_KNOTS.);
#10415 = CARTESIAN_POINT('',(161.39020807329,-98.4196988842,13.6));
#10416 = CARTESIAN_POINT('',(160.83692229313,-97.82245896866,13.6));
#10417 = CARTESIAN_POINT('',(159.92620942232,-97.82406431967,13.6));
#10418 = ORIENTED_EDGE('',*,*,#10386,.F.);
#10419 = ORIENTED_EDGE('',*,*,#9311,.F.);
#10420 = SURFACE_OF_LINEAR_EXTRUSION('',#10421,#10425);
#10421 = B_SPLINE_CURVE_WITH_KNOTS('',2,(#10422,#10423,#10424),
  .UNSPECIFIED.,.F.,.F.,(3,3),(0.,1.),.PIECEWISE_BEZIER_KNOTS.);
#10422 = CARTESIAN_POINT('',(161.39020807329,-98.4196988842,12.6));
#10423 = CARTESIAN_POINT('',(160.83692229313,-97.82245896866,12.6));
#10424 = CARTESIAN_POINT('',(159.92620942232,-97.82406431967,12.6));
#10425 = VECTOR('',#10426,1.);
#10426 = DIRECTION('',(-0.,-0.,-1.));
#10427 = ADVANCED_FACE('',(#10428),#10453,.F.);
#10428 = FACE_BOUND('',#10429,.F.);
#10429 = EDGE_LOOP('',(#10430,#10438,#10446,#10452));
#10430 = ORIENTED_EDGE('',*,*,#10431,.T.);
#10431 = EDGE_CURVE('',#9353,#10432,#10434,.T.);
#10432 = VERTEX_POINT('',#10433);
#10433 = CARTESIAN_POINT('',(169.74244165301,-100.6924796127,13.6));
#10434 = LINE('',#10435,#10436);
#10435 = CARTESIAN_POINT('',(169.74244165301,-100.6924796127,12.6));
#10436 = VECTOR('',#10437,1.);
#10437 = DIRECTION('',(0.,0.,1.));
#10438 = ORIENTED_EDGE('',*,*,#10439,.T.);
#10439 = EDGE_CURVE('',#10432,#10440,#10442,.T.);
#10440 = VERTEX_POINT('',#10441);
#10441 = CARTESIAN_POINT('',(170.30513957013,-102.8303303306,13.6));
#10442 = B_SPLINE_CURVE_WITH_KNOTS('',2,(#10443,#10444,#10445),
  .UNSPECIFIED.,.F.,.F.,(3,3),(0.,1.),.PIECEWISE_BEZIER_KNOTS.);
#10443 = CARTESIAN_POINT('',(169.74244165301,-100.6924796127,13.6));
#10444 = CARTESIAN_POINT('',(169.74484417096,-102.0554239238,13.6));
#10445 = CARTESIAN_POINT('',(170.30513957013,-102.8303303306,13.6));
#10446 = ORIENTED_EDGE('',*,*,#10447,.F.);
#10447 = EDGE_CURVE('',#9355,#10440,#10448,.T.);
#10448 = LINE('',#10449,#10450);
#10449 = CARTESIAN_POINT('',(170.30513957013,-102.8303303306,12.6));
#10450 = VECTOR('',#10451,1.);
#10451 = DIRECTION('',(0.,0.,1.));
#10452 = ORIENTED_EDGE('',*,*,#9352,.F.);
#10453 = SURFACE_OF_LINEAR_EXTRUSION('',#10454,#10458);
#10454 = B_SPLINE_CURVE_WITH_KNOTS('',2,(#10455,#10456,#10457),
  .UNSPECIFIED.,.F.,.F.,(3,3),(0.,1.),.PIECEWISE_BEZIER_KNOTS.);
#10455 = CARTESIAN_POINT('',(169.74244165301,-100.6924796127,12.6));
#10456 = CARTESIAN_POINT('',(169.74484417096,-102.0554239238,12.6));
#10457 = CARTESIAN_POINT('',(170.30513957013,-102.8303303306,12.6));
#10458 = VECTOR('',#10459,1.);
#10459 = DIRECTION('',(-0.,-0.,-1.));
#10460 = ADVANCED_FACE('',(#10461),#10479,.F.);
#10461 = FACE_BOUND('',#10462,.F.);
#10462 = EDGE_LOOP('',(#10463,#10471,#10477,#10478));
#10463 = ORIENTED_EDGE('',*,*,#10464,.T.);
#10464 = EDGE_CURVE('',#9363,#10465,#10467,.T.);
#10465 = VERTEX_POINT('',#10466);
#10466 = CARTESIAN_POINT('',(170.29759992896,-98.55310483302,13.6));
#10467 = LINE('',#10468,#10469);
#10468 = CARTESIAN_POINT('',(170.29759992896,-98.55310483302,12.6));
#10469 = VECTOR('',#10470,1.);
#10470 = DIRECTION('',(0.,0.,1.));
#10471 = ORIENTED_EDGE('',*,*,#10472,.T.);
#10472 = EDGE_CURVE('',#10465,#10432,#10473,.T.);
#10473 = B_SPLINE_CURVE_WITH_KNOTS('',2,(#10474,#10475,#10476),
  .UNSPECIFIED.,.F.,.F.,(3,3),(0.,1.),.PIECEWISE_BEZIER_KNOTS.);
#10474 = CARTESIAN_POINT('',(170.29759992896,-98.55310483302,13.6));
#10475 = CARTESIAN_POINT('',(169.74003913506,-99.32953530167,13.6));
#10476 = CARTESIAN_POINT('',(169.74244165301,-100.6924796127,13.6));
#10477 = ORIENTED_EDGE('',*,*,#10431,.F.);
#10478 = ORIENTED_EDGE('',*,*,#9362,.F.);
#10479 = SURFACE_OF_LINEAR_EXTRUSION('',#10480,#10484);
#10480 = B_SPLINE_CURVE_WITH_KNOTS('',2,(#10481,#10482,#10483),
  .UNSPECIFIED.,.F.,.F.,(3,3),(0.,1.),.PIECEWISE_BEZIER_KNOTS.);
#10481 = CARTESIAN_POINT('',(170.29759992896,-98.55310483302,12.6));
#10482 = CARTESIAN_POINT('',(169.74003913506,-99.32953530167,12.6));
#10483 = CARTESIAN_POINT('',(169.74244165301,-100.6924796127,12.6));
#10484 = VECTOR('',#10485,1.);
#10485 = DIRECTION('',(-0.,-0.,-1.));
#10486 = ADVANCED_FACE('',(#10487),#10505,.F.);
#10487 = FACE_BOUND('',#10488,.F.);
#10488 = EDGE_LOOP('',(#10489,#10497,#10503,#10504));
#10489 = ORIENTED_EDGE('',*,*,#10490,.T.);
#10490 = EDGE_CURVE('',#9371,#10491,#10493,.T.);
#10491 = VERTEX_POINT('',#10492);
#10492 = CARTESIAN_POINT('',(171.83328341628,-97.77450375804,13.6));
#10493 = LINE('',#10494,#10495);
#10494 = CARTESIAN_POINT('',(171.83328341628,-97.77450375804,12.6));
#10495 = VECTOR('',#10496,1.);
#10496 = DIRECTION('',(0.,0.,1.));
#10497 = ORIENTED_EDGE('',*,*,#10498,.T.);
#10498 = EDGE_CURVE('',#10491,#10465,#10499,.T.);
#10499 = B_SPLINE_CURVE_WITH_KNOTS('',2,(#10500,#10501,#10502),
  .UNSPECIFIED.,.F.,.F.,(3,3),(0.,1.),.PIECEWISE_BEZIER_KNOTS.);
#10500 = CARTESIAN_POINT('',(171.83328341628,-97.77450375804,13.6));
#10501 = CARTESIAN_POINT('',(170.8556063638,-97.77622714956,13.6));
#10502 = CARTESIAN_POINT('',(170.29759992896,-98.55310483302,13.6));
#10503 = ORIENTED_EDGE('',*,*,#10464,.F.);
#10504 = ORIENTED_EDGE('',*,*,#9370,.F.);
#10505 = SURFACE_OF_LINEAR_EXTRUSION('',#10506,#10510);
#10506 = B_SPLINE_CURVE_WITH_KNOTS('',2,(#10507,#10508,#10509),
  .UNSPECIFIED.,.F.,.F.,(3,3),(0.,1.),.PIECEWISE_BEZIER_KNOTS.);
#10507 = CARTESIAN_POINT('',(171.83328341628,-97.77450375804,12.6));
#10508 = CARTESIAN_POINT('',(170.8556063638,-97.77622714956,12.6));
#10509 = CARTESIAN_POINT('',(170.29759992896,-98.55310483302,12.6));
#10510 = VECTOR('',#10511,1.);
#10511 = DIRECTION('',(-0.,-0.,-1.));
#10512 = ADVANCED_FACE('',(#10513),#10531,.F.);
#10513 = FACE_BOUND('',#10514,.F.);
#10514 = EDGE_LOOP('',(#10515,#10523,#10529,#10530));
#10515 = ORIENTED_EDGE('',*,*,#10516,.T.);
#10516 = EDGE_CURVE('',#9379,#10517,#10519,.T.);
#10517 = VERTEX_POINT('',#10518);
#10518 = CARTESIAN_POINT('',(173.37482729096,-98.54768047789,13.6));
#10519 = LINE('',#10520,#10521);
#10520 = CARTESIAN_POINT('',(173.37482729096,-98.54768047789,12.6));
#10521 = VECTOR('',#10522,1.);
#10522 = DIRECTION('',(0.,0.,1.));
#10523 = ORIENTED_EDGE('',*,*,#10524,.T.);
#10524 = EDGE_CURVE('',#10517,#10491,#10525,.T.);
#10525 = B_SPLINE_CURVE_WITH_KNOTS('',2,(#10526,#10527,#10528),
  .UNSPECIFIED.,.F.,.F.,(3,3),(0.,1.),.PIECEWISE_BEZIER_KNOTS.);
#10526 = CARTESIAN_POINT('',(173.37482729096,-98.54768047789,13.6));
#10527 = CARTESIAN_POINT('',(172.81096046877,-97.77278036652,13.6));
#10528 = CARTESIAN_POINT('',(171.83328341628,-97.77450375804,13.6));
#10529 = ORIENTED_EDGE('',*,*,#10490,.F.);
#10530 = ORIENTED_EDGE('',*,*,#9378,.F.);
#10531 = SURFACE_OF_LINEAR_EXTRUSION('',#10532,#10536);
#10532 = B_SPLINE_CURVE_WITH_KNOTS('',2,(#10533,#10534,#10535),
  .UNSPECIFIED.,.F.,.F.,(3,3),(0.,1.),.PIECEWISE_BEZIER_KNOTS.);
#10533 = CARTESIAN_POINT('',(173.37482729096,-98.54768047789,12.6));
#10534 = CARTESIAN_POINT('',(172.81096046877,-97.77278036652,12.6));
#10535 = CARTESIAN_POINT('',(171.83328341628,-97.77450375804,12.6));
#10536 = VECTOR('',#10537,1.);
#10537 = DIRECTION('',(-0.,-0.,-1.));
#10538 = ADVANCED_FACE('',(#10539),#10557,.F.);
#10539 = FACE_BOUND('',#10540,.F.);
#10540 = EDGE_LOOP('',(#10541,#10549,#10555,#10556));
#10541 = ORIENTED_EDGE('',*,*,#10542,.T.);
#10542 = EDGE_CURVE('',#9387,#10543,#10545,.T.);
#10543 = VERTEX_POINT('',#10544);
#10544 = CARTESIAN_POINT('',(173.94109584415,-100.6850784724,13.6));
#10545 = LINE('',#10546,#10547);
#10546 = CARTESIAN_POINT('',(173.94109584415,-100.6850784724,12.6));
#10547 = VECTOR('',#10548,1.);
#10548 = DIRECTION('',(0.,0.,1.));
#10549 = ORIENTED_EDGE('',*,*,#10550,.T.);
#10550 = EDGE_CURVE('',#10543,#10517,#10551,.T.);
#10551 = B_SPLINE_CURVE_WITH_KNOTS('',2,(#10552,#10553,#10554),
  .UNSPECIFIED.,.F.,.F.,(3,3),(0.,1.),.PIECEWISE_BEZIER_KNOTS.);
#10552 = CARTESIAN_POINT('',(173.94109584415,-100.6850784724,13.6));
#10553 = CARTESIAN_POINT('',(173.93869332621,-99.32213416138,13.6));
#10554 = CARTESIAN_POINT('',(173.37482729096,-98.54768047789,13.6));
#10555 = ORIENTED_EDGE('',*,*,#10516,.F.);
#10556 = ORIENTED_EDGE('',*,*,#9386,.F.);
#10557 = SURFACE_OF_LINEAR_EXTRUSION('',#10558,#10562);
#10558 = B_SPLINE_CURVE_WITH_KNOTS('',2,(#10559,#10560,#10561),
  .UNSPECIFIED.,.F.,.F.,(3,3),(0.,1.),.PIECEWISE_BEZIER_KNOTS.);
#10559 = CARTESIAN_POINT('',(173.94109584415,-100.6850784724,12.6));
#10560 = CARTESIAN_POINT('',(173.93869332621,-99.32213416138,12.6));
#10561 = CARTESIAN_POINT('',(173.37482729096,-98.54768047789,12.6));
#10562 = VECTOR('',#10563,1.);
#10563 = DIRECTION('',(-0.,-0.,-1.));
#10564 = ADVANCED_FACE('',(#10565),#10583,.F.);
#10565 = FACE_BOUND('',#10566,.F.);
#10566 = EDGE_LOOP('',(#10567,#10575,#10581,#10582));
#10567 = ORIENTED_EDGE('',*,*,#10568,.T.);
#10568 = EDGE_CURVE('',#9395,#10569,#10571,.T.);
#10569 = VERTEX_POINT('',#10570);
#10570 = CARTESIAN_POINT('',(173.38236693212,-102.8249059755,13.6));
#10571 = LINE('',#10572,#10573);
#10572 = CARTESIAN_POINT('',(173.38236693212,-102.8249059755,12.6));
#10573 = VECTOR('',#10574,1.);
#10574 = DIRECTION('',(0.,0.,1.));
#10575 = ORIENTED_EDGE('',*,*,#10576,.T.);
#10576 = EDGE_CURVE('',#10569,#10543,#10577,.T.);
#10577 = B_SPLINE_CURVE_WITH_KNOTS('',2,(#10578,#10579,#10580),
  .UNSPECIFIED.,.F.,.F.,(3,3),(0.,1.),.PIECEWISE_BEZIER_KNOTS.);
#10578 = CARTESIAN_POINT('',(173.38236693212,-102.8249059755,13.6));
#10579 = CARTESIAN_POINT('',(173.9434983621,-102.0480227835,13.6));
#10580 = CARTESIAN_POINT('',(173.94109584415,-100.6850784724,13.6));
#10581 = ORIENTED_EDGE('',*,*,#10542,.F.);
#10582 = ORIENTED_EDGE('',*,*,#9394,.F.);
#10583 = SURFACE_OF_LINEAR_EXTRUSION('',#10584,#10588);
#10584 = B_SPLINE_CURVE_WITH_KNOTS('',2,(#10585,#10586,#10587),
  .UNSPECIFIED.,.F.,.F.,(3,3),(0.,1.),.PIECEWISE_BEZIER_KNOTS.);
#10585 = CARTESIAN_POINT('',(173.38236693212,-102.8249059755,12.6));
#10586 = CARTESIAN_POINT('',(173.9434983621,-102.0480227835,12.6));
#10587 = CARTESIAN_POINT('',(173.94109584415,-100.6850784724,12.6));
#10588 = VECTOR('',#10589,1.);
#10589 = DIRECTION('',(-0.,-0.,-1.));
#10590 = ADVANCED_FACE('',(#10591),#10609,.F.);
#10591 = FACE_BOUND('',#10592,.F.);
#10592 = EDGE_LOOP('',(#10593,#10601,#10607,#10608));
#10593 = ORIENTED_EDGE('',*,*,#10594,.T.);
#10594 = EDGE_CURVE('',#9403,#10595,#10597,.T.);
#10595 = VERTEX_POINT('',#10596);
#10596 = CARTESIAN_POINT('',(171.84355766271,-103.6030661312,13.6));
#10597 = LINE('',#10598,#10599);
#10598 = CARTESIAN_POINT('',(171.84355766271,-103.6030661312,12.6));
#10599 = VECTOR('',#10600,1.);
#10600 = DIRECTION('',(0.,0.,1.));
#10601 = ORIENTED_EDGE('',*,*,#10602,.T.);
#10602 = EDGE_CURVE('',#10595,#10569,#10603,.T.);
#10603 = B_SPLINE_CURVE_WITH_KNOTS('',2,(#10604,#10605,#10606),
  .UNSPECIFIED.,.F.,.F.,(3,3),(0.,1.),.PIECEWISE_BEZIER_KNOTS.);
#10604 = CARTESIAN_POINT('',(171.84355766271,-103.6030661312,13.6));
#10605 = CARTESIAN_POINT('',(172.8212347152,-103.6013427396,13.6));
#10606 = CARTESIAN_POINT('',(173.38236693212,-102.8249059755,13.6));
#10607 = ORIENTED_EDGE('',*,*,#10568,.F.);
#10608 = ORIENTED_EDGE('',*,*,#9402,.F.);
#10609 = SURFACE_OF_LINEAR_EXTRUSION('',#10610,#10614);
#10610 = B_SPLINE_CURVE_WITH_KNOTS('',2,(#10611,#10612,#10613),
  .UNSPECIFIED.,.F.,.F.,(3,3),(0.,1.),.PIECEWISE_BEZIER_KNOTS.);
#10611 = CARTESIAN_POINT('',(171.84355766271,-103.6030661312,12.6));
#10612 = CARTESIAN_POINT('',(172.8212347152,-103.6013427396,12.6));
#10613 = CARTESIAN_POINT('',(173.38236693212,-102.8249059755,12.6));
#10614 = VECTOR('',#10615,1.);
#10615 = DIRECTION('',(-0.,-0.,-1.));
#10616 = ADVANCED_FACE('',(#10617),#10628,.F.);
#10617 = FACE_BOUND('',#10618,.F.);
#10618 = EDGE_LOOP('',(#10619,#10620,#10626,#10627));
#10619 = ORIENTED_EDGE('',*,*,#10447,.T.);
#10620 = ORIENTED_EDGE('',*,*,#10621,.T.);
#10621 = EDGE_CURVE('',#10440,#10595,#10622,.T.);
#10622 = B_SPLINE_CURVE_WITH_KNOTS('',2,(#10623,#10624,#10625),
  .UNSPECIFIED.,.F.,.F.,(3,3),(0.,1.),.PIECEWISE_BEZIER_KNOTS.);
#10623 = CARTESIAN_POINT('',(170.30513957013,-102.8303303306,13.6));
#10624 = CARTESIAN_POINT('',(170.86588061023,-103.6047895227,13.6));
#10625 = CARTESIAN_POINT('',(171.84355766271,-103.6030661312,13.6));
#10626 = ORIENTED_EDGE('',*,*,#10594,.F.);
#10627 = ORIENTED_EDGE('',*,*,#9410,.F.);
#10628 = SURFACE_OF_LINEAR_EXTRUSION('',#10629,#10633);
#10629 = B_SPLINE_CURVE_WITH_KNOTS('',2,(#10630,#10631,#10632),
  .UNSPECIFIED.,.F.,.F.,(3,3),(0.,1.),.PIECEWISE_BEZIER_KNOTS.);
#10630 = CARTESIAN_POINT('',(170.30513957013,-102.8303303306,12.6));
#10631 = CARTESIAN_POINT('',(170.86588061023,-103.6047895227,12.6));
#10632 = CARTESIAN_POINT('',(171.84355766271,-103.6030661312,12.6));
#10633 = VECTOR('',#10634,1.);
#10634 = DIRECTION('',(-0.,-0.,-1.));
#10635 = ADVANCED_FACE('',(#10636),#10661,.F.);
#10636 = FACE_BOUND('',#10637,.F.);
#10637 = EDGE_LOOP('',(#10638,#10646,#10654,#10660));
#10638 = ORIENTED_EDGE('',*,*,#10639,.T.);
#10639 = EDGE_CURVE('',#9442,#10640,#10642,.T.);
#10640 = VERTEX_POINT('',#10641);
#10641 = CARTESIAN_POINT('',(182.90192675704,-99.98356749648,13.6));
#10642 = LINE('',#10643,#10644);
#10643 = CARTESIAN_POINT('',(182.90192675704,-99.98356749648,12.6));
#10644 = VECTOR('',#10645,1.);
#10645 = DIRECTION('',(0.,0.,1.));
#10646 = ORIENTED_EDGE('',*,*,#10647,.T.);
#10647 = EDGE_CURVE('',#10640,#10648,#10650,.T.);
#10648 = VERTEX_POINT('',#10649);
#10649 = CARTESIAN_POINT('',(182.33303267882,-98.38278210659,13.6));
#10650 = B_SPLINE_CURVE_WITH_KNOTS('',2,(#10651,#10652,#10653),
  .UNSPECIFIED.,.F.,.F.,(3,3),(0.,1.),.PIECEWISE_BEZIER_KNOTS.);
#10651 = CARTESIAN_POINT('',(182.90192675704,-99.98356749648,13.6));
#10652 = CARTESIAN_POINT('',(182.88676488686,-98.98002123518,13.6));
#10653 = CARTESIAN_POINT('',(182.33303267882,-98.38278210659,13.6));
#10654 = ORIENTED_EDGE('',*,*,#10655,.F.);
#10655 = EDGE_CURVE('',#9444,#10648,#10656,.T.);
#10656 = LINE('',#10657,#10658);
#10657 = CARTESIAN_POINT('',(182.33303267882,-98.38278210659,12.6));
#10658 = VECTOR('',#10659,1.);
#10659 = DIRECTION('',(0.,0.,1.));
#10660 = ORIENTED_EDGE('',*,*,#9441,.F.);
#10661 = SURFACE_OF_LINEAR_EXTRUSION('',#10662,#10666);
#10662 = B_SPLINE_CURVE_WITH_KNOTS('',2,(#10663,#10664,#10665),
  .UNSPECIFIED.,.F.,.F.,(3,3),(0.,1.),.PIECEWISE_BEZIER_KNOTS.);
#10663 = CARTESIAN_POINT('',(182.90192675704,-99.98356749648,12.6));
#10664 = CARTESIAN_POINT('',(182.88676488686,-98.98002123518,12.6));
#10665 = CARTESIAN_POINT('',(182.33303267882,-98.38278210659,12.6));
#10666 = VECTOR('',#10667,1.);
#10667 = DIRECTION('',(-0.,-0.,-1.));
#10668 = ADVANCED_FACE('',(#10669),#10687,.F.);
#10669 = FACE_BOUND('',#10670,.F.);
#10670 = EDGE_LOOP('',(#10671,#10679,#10685,#10686));
#10671 = ORIENTED_EDGE('',*,*,#10672,.T.);
#10672 = EDGE_CURVE('',#9452,#10673,#10675,.T.);
#10673 = VERTEX_POINT('',#10674);
#10674 = CARTESIAN_POINT('',(178.50908824309,-99.99800737243,13.6));
#10675 = LINE('',#10676,#10677);
#10676 = CARTESIAN_POINT('',(178.50908824309,-99.99800737243,12.6));
#10677 = VECTOR('',#10678,1.);
#10678 = DIRECTION('',(0.,0.,1.));
#10679 = ORIENTED_EDGE('',*,*,#10680,.T.);
#10680 = EDGE_CURVE('',#10673,#10640,#10681,.T.);
#10681 = LINE('',#10682,#10683);
#10682 = CARTESIAN_POINT('',(178.50908824309,-99.99800737243,13.6));
#10683 = VECTOR('',#10684,1.);
#10684 = DIRECTION('',(0.999994597399,3.287122414263E-03,0.));
#10685 = ORIENTED_EDGE('',*,*,#10639,.F.);
#10686 = ORIENTED_EDGE('',*,*,#9451,.F.);
#10687 = PLANE('',#10688);
#10688 = AXIS2_PLACEMENT_3D('',#10689,#10690,#10691);
#10689 = CARTESIAN_POINT('',(178.50908824309,-99.99800737243,12.6));
#10690 = DIRECTION('',(-3.287122414263E-03,0.999994597399,0.));
#10691 = DIRECTION('',(0.999994597399,3.287122414263E-03,0.));
#10692 = ADVANCED_FACE('',(#10693),#10711,.F.);
#10693 = FACE_BOUND('',#10694,.F.);
#10694 = EDGE_LOOP('',(#10695,#10703,#10709,#10710));
#10695 = ORIENTED_EDGE('',*,*,#10696,.T.);
#10696 = EDGE_CURVE('',#9460,#10697,#10699,.T.);
#10697 = VERTEX_POINT('',#10698);
#10698 = CARTESIAN_POINT('',(179.21916360562,-98.36862816391,13.6));
#10699 = LINE('',#10700,#10701);
#10700 = CARTESIAN_POINT('',(179.21916360562,-98.36862816391,12.6));
#10701 = VECTOR('',#10702,1.);
#10702 = DIRECTION('',(0.,0.,1.));
#10703 = ORIENTED_EDGE('',*,*,#10704,.T.);
#10704 = EDGE_CURVE('',#10697,#10673,#10705,.T.);
#10705 = B_SPLINE_CURVE_WITH_KNOTS('',2,(#10706,#10707,#10708),
  .UNSPECIFIED.,.F.,.F.,(3,3),(0.,1.),.PIECEWISE_BEZIER_KNOTS.);
#10706 = CARTESIAN_POINT('',(179.21916360562,-98.36862816391,13.6));
#10707 = CARTESIAN_POINT('',(178.60098722216,-98.94784374702,13.6));
#10708 = CARTESIAN_POINT('',(178.50908824309,-99.99800737243,13.6));
#10709 = ORIENTED_EDGE('',*,*,#10672,.F.);
#10710 = ORIENTED_EDGE('',*,*,#9459,.F.);
#10711 = SURFACE_OF_LINEAR_EXTRUSION('',#10712,#10716);
#10712 = B_SPLINE_CURVE_WITH_KNOTS('',2,(#10713,#10714,#10715),
  .UNSPECIFIED.,.F.,.F.,(3,3),(0.,1.),.PIECEWISE_BEZIER_KNOTS.);
#10713 = CARTESIAN_POINT('',(179.21916360562,-98.36862816391,12.6));
#10714 = CARTESIAN_POINT('',(178.60098722216,-98.94784374702,12.6));
#10715 = CARTESIAN_POINT('',(178.50908824309,-99.99800737243,12.6));
#10716 = VECTOR('',#10717,1.);
#10717 = DIRECTION('',(-0.,-0.,-1.));
#10718 = ADVANCED_FACE('',(#10719),#10737,.F.);
#10719 = FACE_BOUND('',#10720,.F.);
#10720 = EDGE_LOOP('',(#10721,#10729,#10735,#10736));
#10721 = ORIENTED_EDGE('',*,*,#10722,.T.);
#10722 = EDGE_CURVE('',#9468,#10723,#10725,.T.);
#10723 = VERTEX_POINT('',#10724);
#10724 = CARTESIAN_POINT('',(180.86903402785,-97.78714754206,13.6));
#10725 = LINE('',#10726,#10727);
#10726 = CARTESIAN_POINT('',(180.86903402785,-97.78714754206,12.6));
#10727 = VECTOR('',#10728,1.);
#10728 = DIRECTION('',(0.,0.,1.));
#10729 = ORIENTED_EDGE('',*,*,#10730,.T.);
#10730 = EDGE_CURVE('',#10723,#10697,#10731,.T.);
#10731 = B_SPLINE_CURVE_WITH_KNOTS('',2,(#10732,#10733,#10734),
  .UNSPECIFIED.,.F.,.F.,(3,3),(0.,1.),.PIECEWISE_BEZIER_KNOTS.);
#10732 = CARTESIAN_POINT('',(180.86903402785,-97.78714754206,13.6));
#10733 = CARTESIAN_POINT('',(179.83778563002,-97.78896536599,13.6));
#10734 = CARTESIAN_POINT('',(179.21916360562,-98.36862816391,13.6));
#10735 = ORIENTED_EDGE('',*,*,#10696,.F.);
#10736 = ORIENTED_EDGE('',*,*,#9467,.F.);
#10737 = SURFACE_OF_LINEAR_EXTRUSION('',#10738,#10742);
#10738 = B_SPLINE_CURVE_WITH_KNOTS('',2,(#10739,#10740,#10741),
  .UNSPECIFIED.,.F.,.F.,(3,3),(0.,1.),.PIECEWISE_BEZIER_KNOTS.);
#10739 = CARTESIAN_POINT('',(180.86903402785,-97.78714754206,12.6));
#10740 = CARTESIAN_POINT('',(179.83778563002,-97.78896536599,12.6));
#10741 = CARTESIAN_POINT('',(179.21916360562,-98.36862816391,12.6));
#10742 = VECTOR('',#10743,1.);
#10743 = DIRECTION('',(-0.,-0.,-1.));
#10744 = ADVANCED_FACE('',(#10745),#10756,.F.);
#10745 = FACE_BOUND('',#10746,.F.);
#10746 = EDGE_LOOP('',(#10747,#10748,#10754,#10755));
#10747 = ORIENTED_EDGE('',*,*,#10655,.T.);
#10748 = ORIENTED_EDGE('',*,*,#10749,.T.);
#10749 = EDGE_CURVE('',#10648,#10723,#10750,.T.);
#10750 = B_SPLINE_CURVE_WITH_KNOTS('',2,(#10751,#10752,#10753),
  .UNSPECIFIED.,.F.,.F.,(3,3),(0.,1.),.PIECEWISE_BEZIER_KNOTS.);
#10751 = CARTESIAN_POINT('',(182.33303267882,-98.38278210659,13.6));
#10752 = CARTESIAN_POINT('',(181.77974689865,-97.78554219105,13.6));
#10753 = CARTESIAN_POINT('',(180.86903402785,-97.78714754206,13.6));
#10754 = ORIENTED_EDGE('',*,*,#10722,.F.);
#10755 = ORIENTED_EDGE('',*,*,#9475,.F.);
#10756 = SURFACE_OF_LINEAR_EXTRUSION('',#10757,#10761);
#10757 = B_SPLINE_CURVE_WITH_KNOTS('',2,(#10758,#10759,#10760),
  .UNSPECIFIED.,.F.,.F.,(3,3),(0.,1.),.PIECEWISE_BEZIER_KNOTS.);
#10758 = CARTESIAN_POINT('',(182.33303267882,-98.38278210659,12.6));
#10759 = CARTESIAN_POINT('',(181.77974689865,-97.78554219105,12.6));
#10760 = CARTESIAN_POINT('',(180.86903402785,-97.78714754206,12.6));
#10761 = VECTOR('',#10762,1.);
#10762 = DIRECTION('',(-0.,-0.,-1.));
#10763 = ADVANCED_FACE('',(#10764),#10773,.T.);
#10764 = FACE_BOUND('',#10765,.T.);
#10765 = EDGE_LOOP('',(#10766,#10767,#10768,#10769,#10770,#10771,#10772)
  );
#10766 = ORIENTED_EDGE('',*,*,#9550,.T.);
#10767 = ORIENTED_EDGE('',*,*,#9519,.T.);
#10768 = ORIENTED_EDGE('',*,*,#9671,.T.);
#10769 = ORIENTED_EDGE('',*,*,#9652,.T.);
#10770 = ORIENTED_EDGE('',*,*,#9626,.T.);
#10771 = ORIENTED_EDGE('',*,*,#9600,.T.);
#10772 = ORIENTED_EDGE('',*,*,#9574,.T.);
#10773 = PLANE('',#10774);
#10774 = AXIS2_PLACEMENT_3D('',#10775,#10776,#10777);
#10775 = CARTESIAN_POINT('',(149.15319628875,-96.84757395671,13.6));
#10776 = DIRECTION('',(0.,0.,1.));
#10777 = DIRECTION('',(1.,0.,0.));
#10778 = ADVANCED_FACE('',(#10779),#10789,.T.);
#10779 = FACE_BOUND('',#10780,.T.);
#10780 = EDGE_LOOP('',(#10781,#10782,#10783,#10784,#10785,#10786,#10787,
    #10788));
#10781 = ORIENTED_EDGE('',*,*,#9728,.T.);
#10782 = ORIENTED_EDGE('',*,*,#9695,.T.);
#10783 = ORIENTED_EDGE('',*,*,#9877,.T.);
#10784 = ORIENTED_EDGE('',*,*,#9858,.T.);
#10785 = ORIENTED_EDGE('',*,*,#9832,.T.);
#10786 = ORIENTED_EDGE('',*,*,#9806,.T.);
#10787 = ORIENTED_EDGE('',*,*,#9780,.T.);
#10788 = ORIENTED_EDGE('',*,*,#9754,.T.);
#10789 = PLANE('',#10790);
#10790 = AXIS2_PLACEMENT_3D('',#10791,#10792,#10793);
#10791 = CARTESIAN_POINT('',(149.15319628875,-96.84757395671,13.6));
#10792 = DIRECTION('',(0.,0.,1.));
#10793 = DIRECTION('',(1.,0.,0.));
#10794 = ADVANCED_FACE('',(#10795),#10802,.T.);
#10795 = FACE_BOUND('',#10796,.T.);
#10796 = EDGE_LOOP('',(#10797,#10798,#10799,#10800,#10801));
#10797 = ORIENTED_EDGE('',*,*,#9936,.T.);
#10798 = ORIENTED_EDGE('',*,*,#9903,.T.);
#10799 = ORIENTED_EDGE('',*,*,#10005,.T.);
#10800 = ORIENTED_EDGE('',*,*,#9986,.T.);
#10801 = ORIENTED_EDGE('',*,*,#9960,.T.);
#10802 = PLANE('',#10803);
#10803 = AXIS2_PLACEMENT_3D('',#10804,#10805,#10806);
#10804 = CARTESIAN_POINT('',(149.15319628875,-96.84757395671,13.6));
#10805 = DIRECTION('',(0.,0.,1.));
#10806 = DIRECTION('',(1.,0.,0.));
#10807 = ADVANCED_FACE('',(#10808),#10813,.T.);
#10808 = FACE_BOUND('',#10809,.T.);
#10809 = EDGE_LOOP('',(#10810,#10811,#10812));
#10810 = ORIENTED_EDGE('',*,*,#10062,.T.);
#10811 = ORIENTED_EDGE('',*,*,#10031,.T.);
#10812 = ORIENTED_EDGE('',*,*,#10079,.T.);
#10813 = PLANE('',#10814);
#10814 = AXIS2_PLACEMENT_3D('',#10815,#10816,#10817);
#10815 = CARTESIAN_POINT('',(149.15319628875,-96.84757395671,13.6));
#10816 = DIRECTION('',(0.,0.,1.));
#10817 = DIRECTION('',(1.,0.,0.));
#10818 = ADVANCED_FACE('',(#10819),#10829,.T.);
#10819 = FACE_BOUND('',#10820,.T.);
#10820 = EDGE_LOOP('',(#10821,#10822,#10823,#10824,#10825,#10826,#10827,
    #10828));
#10821 = ORIENTED_EDGE('',*,*,#10136,.T.);
#10822 = ORIENTED_EDGE('',*,*,#10103,.T.);
#10823 = ORIENTED_EDGE('',*,*,#10285,.T.);
#10824 = ORIENTED_EDGE('',*,*,#10266,.T.);
#10825 = ORIENTED_EDGE('',*,*,#10240,.T.);
#10826 = ORIENTED_EDGE('',*,*,#10214,.T.);
#10827 = ORIENTED_EDGE('',*,*,#10188,.T.);
#10828 = ORIENTED_EDGE('',*,*,#10162,.T.);
#10829 = PLANE('',#10830);
#10830 = AXIS2_PLACEMENT_3D('',#10831,#10832,#10833);
#10831 = CARTESIAN_POINT('',(149.15319628875,-96.84757395671,13.6));
#10832 = DIRECTION('',(0.,0.,1.));
#10833 = DIRECTION('',(1.,0.,0.));
#10834 = ADVANCED_FACE('',(#10835),#10842,.T.);
#10835 = FACE_BOUND('',#10836,.T.);
#10836 = EDGE_LOOP('',(#10837,#10838,#10839,#10840,#10841));
#10837 = ORIENTED_EDGE('',*,*,#10344,.T.);
#10838 = ORIENTED_EDGE('',*,*,#10311,.T.);
#10839 = ORIENTED_EDGE('',*,*,#10413,.T.);
#10840 = ORIENTED_EDGE('',*,*,#10394,.T.);
#10841 = ORIENTED_EDGE('',*,*,#10368,.T.);
#10842 = PLANE('',#10843);
#10843 = AXIS2_PLACEMENT_3D('',#10844,#10845,#10846);
#10844 = CARTESIAN_POINT('',(149.15319628875,-96.84757395671,13.6));
#10845 = DIRECTION('',(0.,0.,1.));
#10846 = DIRECTION('',(1.,0.,0.));
#10847 = ADVANCED_FACE('',(#10848),#10858,.T.);
#10848 = FACE_BOUND('',#10849,.T.);
#10849 = EDGE_LOOP('',(#10850,#10851,#10852,#10853,#10854,#10855,#10856,
    #10857));
#10850 = ORIENTED_EDGE('',*,*,#10472,.T.);
#10851 = ORIENTED_EDGE('',*,*,#10439,.T.);
#10852 = ORIENTED_EDGE('',*,*,#10621,.T.);
#10853 = ORIENTED_EDGE('',*,*,#10602,.T.);
#10854 = ORIENTED_EDGE('',*,*,#10576,.T.);
#10855 = ORIENTED_EDGE('',*,*,#10550,.T.);
#10856 = ORIENTED_EDGE('',*,*,#10524,.T.);
#10857 = ORIENTED_EDGE('',*,*,#10498,.T.);
#10858 = PLANE('',#10859);
#10859 = AXIS2_PLACEMENT_3D('',#10860,#10861,#10862);
#10860 = CARTESIAN_POINT('',(149.15319628875,-96.84757395671,13.6));
#10861 = DIRECTION('',(0.,0.,1.));
#10862 = DIRECTION('',(1.,0.,0.));
#10863 = ADVANCED_FACE('',(#10864),#10871,.T.);
#10864 = FACE_BOUND('',#10865,.T.);
#10865 = EDGE_LOOP('',(#10866,#10867,#10868,#10869,#10870));
#10866 = ORIENTED_EDGE('',*,*,#10680,.T.);
#10867 = ORIENTED_EDGE('',*,*,#10647,.T.);
#10868 = ORIENTED_EDGE('',*,*,#10749,.T.);
#10869 = ORIENTED_EDGE('',*,*,#10730,.T.);
#10870 = ORIENTED_EDGE('',*,*,#10704,.T.);
#10871 = PLANE('',#10872);
#10872 = AXIS2_PLACEMENT_3D('',#10873,#10874,#10875);
#10873 = CARTESIAN_POINT('',(149.15319628875,-96.84757395671,13.6));
#10874 = DIRECTION('',(0.,0.,1.));
#10875 = DIRECTION('',(1.,0.,0.));
#10876 = ( GEOMETRIC_REPRESENTATION_CONTEXT(3) 
GLOBAL_UNCERTAINTY_ASSIGNED_CONTEXT((#10880)) 
GLOBAL_UNIT_ASSIGNED_CONTEXT((#10877,#10878,#10879)) 
REPRESENTATION_CONTEXT('Context #1',
  '3D Context with UNIT and UNCERTAINTY') );
#10877 = ( LENGTH_UNIT() NAMED_UNIT(*) SI_UNIT(.MILLI.,.METRE.) );
#10878 = ( NAMED_UNIT(*) PLANE_ANGLE_UNIT() SI_UNIT($,.RADIAN.) );
#10879 = ( NAMED_UNIT(*) SI_UNIT($,.STERADIAN.) SOLID_ANGLE_UNIT() );
#10880 = UNCERTAINTY_MEASURE_WITH_UNIT(LENGTH_MEASURE(1.E-07),#10877,
  'distance_accuracy_value','confusion accuracy');
#10881 = PRODUCT_RELATED_PRODUCT_CATEGORY('part',$,(#7));
#10882 = MECHANICAL_DESIGN_GEOMETRIC_PRESENTATION_REPRESENTATION('',(
    #10883),#10876);
#10883 = STYLED_ITEM('color',(#10884),#15);
#10884 = PRESENTATION_STYLE_ASSIGNMENT((#10885,#10893));
#10885 = SURFACE_STYLE_USAGE(.BOTH.,#10886);
#10886 = SURFACE_SIDE_STYLE('',(#10887,#10891));
#10887 = SURFACE_STYLE_FILL_AREA(#10888);
#10888 = FILL_AREA_STYLE('',(#10889));
#10889 = FILL_AREA_STYLE_COLOUR('',#10890);
#10890 = COLOUR_RGB('',0.756862767111,0.678431390124,0.580392170981);
#10891 = SURFACE_STYLE_RENDERING_WITH_PROPERTIES(.NORMAL_SHADING.,#10890
  ,(#10892));
#10892 = SURFACE_STYLE_TRANSPARENT(0.699999988079);
#10893 = CURVE_STYLE('',#10894,POSITIVE_LENGTH_MEASURE(0.1),#10895);
#10894 = DRAUGHTING_PRE_DEFINED_CURVE_FONT('continuous');
#10895 = COLOUR_RGB('',9.803921802644E-02,9.803921802644E-02,
  9.803921802644E-02);
ENDSEC;
END-ISO-10303-21;
